-- MySQL dump 10.13  Distrib 8.0.42, for Win64 (x86_64)
--
-- Host: localhost    Database: mukut_feature_db
-- ------------------------------------------------------
-- Server version	5.5.5-10.4.32-MariaDB

/*!40101 SET @OLD_CHARACTER_SET_CLIENT=@@CHARACTER_SET_CLIENT */;
/*!40101 SET @OLD_CHARACTER_SET_RESULTS=@@CHARACTER_SET_RESULTS */;
/*!40101 SET @OLD_COLLATION_CONNECTION=@@COLLATION_CONNECTION */;
/*!50503 SET NAMES utf8mb4 */;
/*!40103 SET @OLD_TIME_ZONE=@@TIME_ZONE */;
/*!40103 SET TIME_ZONE='+00:00' */;
/*!40014 SET @OLD_UNIQUE_CHECKS=@@UNIQUE_CHECKS, UNIQUE_CHECKS=0 */;
/*!40014 SET @OLD_FOREIGN_KEY_CHECKS=@@FOREIGN_KEY_CHECKS, FOREIGN_KEY_CHECKS=0 */;
/*!40101 SET @OLD_SQL_MODE=@@SQL_MODE, SQL_MODE='NO_AUTO_VALUE_ON_ZERO' */;
/*!40111 SET @OLD_SQL_NOTES=@@SQL_NOTES, SQL_NOTES=0 */;

--
-- Current Database: `mukut_feature_db`
--

CREATE DATABASE /*!32312 IF NOT EXISTS*/ `mukut_feature_db` /*!40100 DEFAULT CHARACTER SET utf8mb4 COLLATE utf8mb4_general_ci */;

USE `mukut_feature_db`;

--
-- Table structure for table `answers`
--

DROP TABLE IF EXISTS `answers`;
/*!40101 SET @saved_cs_client     = @@character_set_client */;
/*!50503 SET character_set_client = utf8mb4 */;
CREATE TABLE `answers` (
  `id` varchar(36) NOT NULL,
  `text` text DEFAULT NULL,
  `selectedOptionIds` text DEFAULT NULL,
  `userId` varchar(255) NOT NULL,
  `createdAt` datetime(6) NOT NULL DEFAULT current_timestamp(6),
  `updatedAt` datetime(6) NOT NULL DEFAULT current_timestamp(6) ON UPDATE current_timestamp(6),
  `createdBy` varchar(255) DEFAULT NULL,
  `updatedBy` varchar(255) DEFAULT NULL,
  `questionId` varchar(36) DEFAULT NULL,
  `questionModelId` varchar(36) DEFAULT NULL,
  PRIMARY KEY (`id`),
  KEY `FK_c38697a57844f52584abdb878d7` (`questionId`),
  KEY `FK_f13ef27eef1c75e46e876bafff1` (`questionModelId`),
  CONSTRAINT `FK_c38697a57844f52584abdb878d7` FOREIGN KEY (`questionId`) REFERENCES `questions` (`id`) ON DELETE CASCADE ON UPDATE NO ACTION,
  CONSTRAINT `FK_f13ef27eef1c75e46e876bafff1` FOREIGN KEY (`questionModelId`) REFERENCES `question-models` (`id`) ON DELETE CASCADE ON UPDATE NO ACTION
) ENGINE=InnoDB DEFAULT CHARSET=utf8mb4 COLLATE=utf8mb4_general_ci;
/*!40101 SET character_set_client = @saved_cs_client */;

--
-- Dumping data for table `answers`
--

LOCK TABLES `answers` WRITE;
/*!40000 ALTER TABLE `answers` DISABLE KEYS */;
/*!40000 ALTER TABLE `answers` ENABLE KEYS */;
UNLOCK TABLES;

--
-- Table structure for table `app`
--

DROP TABLE IF EXISTS `app`;
/*!40101 SET @saved_cs_client     = @@character_set_client */;
/*!50503 SET character_set_client = utf8mb4 */;
CREATE TABLE `app` (
  `id` varchar(36) NOT NULL,
  `name` varchar(255) NOT NULL,
  `tier` varchar(255) NOT NULL,
  `serialNumber` varchar(255) NOT NULL,
  `moduleId` varchar(255) NOT NULL,
  `userId` varchar(255) NOT NULL,
  `createdAt` datetime(6) NOT NULL DEFAULT current_timestamp(6),
  `updatedAt` datetime(6) NOT NULL DEFAULT current_timestamp(6) ON UPDATE current_timestamp(6),
  `createdBy` varchar(255) DEFAULT NULL,
  `updatedBy` varchar(255) DEFAULT NULL,
  PRIMARY KEY (`id`),
  KEY `FK_90a5338d9592425e6faf5294a1a` (`moduleId`),
  CONSTRAINT `FK_90a5338d9592425e6faf5294a1a` FOREIGN KEY (`moduleId`) REFERENCES `modules` (`id`) ON DELETE NO ACTION ON UPDATE NO ACTION
) ENGINE=InnoDB DEFAULT CHARSET=utf8mb4 COLLATE=utf8mb4_general_ci;
/*!40101 SET character_set_client = @saved_cs_client */;

--
-- Dumping data for table `app`
--

LOCK TABLES `app` WRITE;
/*!40000 ALTER TABLE `app` DISABLE KEYS */;
INSERT INTO `app` VALUES ('0e87a206-39fe-4035-a3e3-0c8bf6f12512','Consolidation','','9','37e9a5fe-badd-40c4-afb9-e367ad57d6bf','a52c4775-308c-4d4c-b1ac-7894dac55a1d','2025-07-20 15:02:08.040000','2025-07-20 15:02:08.040000','admin','admin'),('15b816f2-ab33-4c5e-93a1-1ec28e3441c7','Foreign Trade','3,4','8','37e9a5fe-badd-40c4-afb9-e367ad57d6bf','a52c4775-308c-4d4c-b1ac-7894dac55a1d','2025-07-10 16:15:47.562000','2025-07-15 17:49:37.687000','admin','admin'),('1904f60d-57b3-439c-a6fa-ac497ea8ed9c','Payroll','3, 4, 5','2','0210eb0d-6a4b-4512-a6b0-06649d0bdb12','a52c4775-308c-4d4c-b1ac-7894dac55a1d','2025-07-10 15:01:16.134000','2025-07-10 15:01:16.134000','admin','admin'),('3b584198-b820-465e-a4f9-f2834589ca8d','Tax Accounting','3, 4, 5','3','37e9a5fe-badd-40c4-afb9-e367ad57d6bf','a52c4775-308c-4d4c-b1ac-7894dac55a1d','2025-07-08 17:43:39.411000','2025-07-08 18:38:20.634000','admin','admin'),('45509fe8-d5e9-469c-90fc-41e6617dbdc7','Employees','3, 4, 5','1','0210eb0d-6a4b-4512-a6b0-06649d0bdb12','a52c4775-308c-4d4c-b1ac-7894dac55a1d','2025-07-10 15:01:04.015000','2025-07-10 15:37:17.004000','admin','admin'),('4a646046-f3b9-4357-8fb0-dff235790bc5','Project Accounting','3, 4, 5','5','37e9a5fe-badd-40c4-afb9-e367ad57d6bf','a52c4775-308c-4d4c-b1ac-7894dac55a1d','2025-07-08 18:39:06.306000','2025-07-08 18:39:06.306000','admin','admin'),('5a6eb74e-c9ee-413d-9a0f-2365fd348307','Purchase','3, 4, 5','1','95c9a50b-953b-4738-b609-275911fcdfb0','a52c4775-308c-4d4c-b1ac-7894dac55a1d','2025-07-10 14:58:22.217000','2025-07-10 14:59:03.962000','admin','admin'),('62972fd5-d2ef-411d-8fa3-330e32e3ed26','Fixed Asset','3, 4, 5','2','37e9a5fe-badd-40c4-afb9-e367ad57d6bf','a52c4775-308c-4d4c-b1ac-7894dac55a1d','2025-07-08 17:38:46.109000','2025-07-08 18:38:12.550000','admin','admin'),('66befc8a-36f6-434b-add0-3a2625295caa','Cost Accounting','3, 4, 5','4','37e9a5fe-badd-40c4-afb9-e367ad57d6bf','a52c4775-308c-4d4c-b1ac-7894dac55a1d','2025-07-08 18:38:46.760000','2025-07-08 18:38:46.760000','admin','admin'),('8b1dbb89-4f9a-41e6-9231-66cc375aeae0','Accounting','3, 4, 5','1','37e9a5fe-badd-40c4-afb9-e367ad57d6bf','a52c4775-308c-4d4c-b1ac-7894dac55a1d','2025-07-06 16:57:43.253000','2025-07-08 18:38:03.006000','admin','admin'),('a1f83a6b-8e4b-4ce9-8d02-ee559e457ea7','Financial Management','3,4','6','37e9a5fe-badd-40c4-afb9-e367ad57d6bf','a52c4775-308c-4d4c-b1ac-7894dac55a1d','2025-07-08 18:39:34.086000','2025-07-08 18:39:34.086000','admin','admin'),('a2e440bd-4969-4df3-a9f9-9286ff1bbca4','Share Management','3,4','7','37e9a5fe-badd-40c4-afb9-e367ad57d6bf','a52c4775-308c-4d4c-b1ac-7894dac55a1d','2025-07-10 15:42:36.881000','2025-07-15 17:29:57.477000','admin','admin'),('bce257e3-d95c-4d05-bd76-6beddbf0447b','Home','','2','e3c28cc8-7e92-4052-9c70-76418fcc38dc','a52c4775-308c-4d4c-b1ac-7894dac55a1d','2025-07-21 12:10:43.121000','2025-07-21 12:10:43.121000','admin','admin'),('cdd8d06f-2acc-4c81-a77a-efa305e7dca9','Sales','3, 4, 5','1','56726da6-a4cf-4d7a-9742-9533c14b4289','a52c4775-308c-4d4c-b1ac-7894dac55a1d','2025-07-10 15:00:24.574000','2025-07-10 15:00:24.574000','admin','admin'),('da45bd74-60c5-4f47-b22c-8255edf6f03c','App-Test','','1','bd598bf2-c3f6-4501-be57-66ef7641f11b','a52c4775-308c-4d4c-b1ac-7894dac55a1d','2025-07-21 12:32:57.471000','2025-07-21 12:32:57.471000','admin','admin'),('de8c4c44-facd-4ecb-91c9-81bb8580a2a2','Inventory','3, 4, 5','2','95c9a50b-953b-4738-b609-275911fcdfb0','a52c4775-308c-4d4c-b1ac-7894dac55a1d','2025-07-10 14:58:40.339000','2025-07-10 14:59:18.354000','admin','admin'),('e21482e7-b464-41bf-bedc-76827af91a7e','Settings','','1','e3c28cc8-7e92-4052-9c70-76418fcc38dc','a52c4775-308c-4d4c-b1ac-7894dac55a1d','2025-07-21 12:09:55.966000','2025-07-21 12:09:55.966000','admin','admin');
/*!40000 ALTER TABLE `app` ENABLE KEYS */;
UNLOCK TABLES;

--
-- Table structure for table `button`
--

DROP TABLE IF EXISTS `button`;
/*!40101 SET @saved_cs_client     = @@character_set_client */;
/*!50503 SET character_set_client = utf8mb4 */;
CREATE TABLE `button` (
  `id` varchar(36) NOT NULL,
  `name` varchar(255) NOT NULL,
  `serialNumber` varchar(255) NOT NULL,
  `buttonAction` varchar(255) NOT NULL,
  `description` varchar(255) NOT NULL,
  `userId` varchar(255) NOT NULL,
  `createdAt` datetime(6) NOT NULL DEFAULT current_timestamp(6),
  `updatedAt` datetime(6) NOT NULL DEFAULT current_timestamp(6) ON UPDATE current_timestamp(6),
  `createdBy` varchar(255) DEFAULT NULL,
  `updatedBy` varchar(255) DEFAULT NULL,
  PRIMARY KEY (`id`)
) ENGINE=InnoDB DEFAULT CHARSET=utf8mb4 COLLATE=utf8mb4_general_ci;
/*!40101 SET character_set_client = @saved_cs_client */;

--
-- Dumping data for table `button`
--

LOCK TABLES `button` WRITE;
/*!40000 ALTER TABLE `button` DISABLE KEYS */;
INSERT INTO `button` VALUES ('31e79321-ce90-421b-8b12-dc303393e376','Search','8','Utility Tool','','a52c4775-308c-4d4c-b1ac-7894dac55a1d','2025-08-03 16:12:28.369000','2025-08-03 16:12:28.369000','admin','admin'),('8417f9ae-34da-4bbe-9893-770068d33c40','Bookmark','11','Favorite','','a52c4775-308c-4d4c-b1ac-7894dac55a1d','2025-08-03 16:52:48.037000','2025-08-03 16:52:48.037000','admin','admin'),('8443f459-fdc4-492d-9d51-b95e5ec5d59e','Edit','3','Modify','','a52c4775-308c-4d4c-b1ac-7894dac55a1d','2025-08-03 16:03:55.082000','2025-08-03 16:03:55.082000','admin','admin'),('963fa5f2-43a6-4734-8ccc-8bb5597830cd','Help','13','System Guide','','a52c4775-308c-4d4c-b1ac-7894dac55a1d','2025-08-03 16:56:12.112000','2025-08-03 16:56:27.000000','admin','admin'),('9b18441d-09ee-4cb8-8529-1a6528284e50','Settings','9','System Setting','','a52c4775-308c-4d4c-b1ac-7894dac55a1d','2025-08-03 16:13:19.321000','2025-08-03 16:13:19.321000','admin','admin'),('9dda2846-909b-4e82-9fb3-1e59594bd973','Print','5','Output','','a52c4775-308c-4d4c-b1ac-7894dac55a1d','2025-08-03 16:10:56.208000','2025-08-03 16:10:56.208000','admin','admin'),('b32faf1f-98e7-4fed-906d-a28f53cd533f','Export','7','Utility Tool','','a52c4775-308c-4d4c-b1ac-7894dac55a1d','2025-08-03 16:12:07.444000','2025-08-03 16:12:07.444000','admin','admin'),('bf19b921-f0d4-4c49-9d56-987fac664b56','View','4','Display','','a52c4775-308c-4d4c-b1ac-7894dac55a1d','2025-08-03 16:10:39.445000','2025-08-03 16:10:39.445000','admin','admin'),('bfc7100d-4c4c-42a2-8cb2-ce5e8c855323','Notification','12','Utility Tool','','a52c4775-308c-4d4c-b1ac-7894dac55a1d','2025-08-03 16:55:38.569000','2025-08-03 16:55:38.569000','admin','admin'),('c2e7d5b1-0385-4f80-825c-6caa4368d523','Import','6','Utility Tool','','a52c4775-308c-4d4c-b1ac-7894dac55a1d','2025-08-03 16:11:50.235000','2025-08-03 16:11:50.235000','admin','admin'),('d0b4cb36-ca4e-40d0-8bca-d4412228ce0c','Home','10','Welcome Page','','a52c4775-308c-4d4c-b1ac-7894dac55a1d','2025-08-03 16:13:38.714000','2025-08-03 16:13:38.714000','admin','admin'),('d5fdc06c-56f5-475c-8f69-829740d9c92c','Save','2','Store','','a52c4775-308c-4d4c-b1ac-7894dac55a1d','2025-08-03 16:03:36.195000','2025-08-03 16:03:36.195000','admin','admin'),('e06eb4d6-ac63-4ee8-bc4a-a9ef293bad7e','New','1','Create','','a52c4775-308c-4d4c-b1ac-7894dac55a1d','2025-08-03 16:03:22.641000','2025-08-03 16:03:22.641000','admin','admin'),('f83f9943-a9bb-45cd-9c37-e2249006d860','Test-Button-01','0','Test-Action','','a52c4775-308c-4d4c-b1ac-7894dac55a1d','2025-07-30 17:49:49.683000','2025-08-03 16:02:10.000000','admin','admin');
/*!40000 ALTER TABLE `button` ENABLE KEYS */;
UNLOCK TABLES;

--
-- Table structure for table `datapoint`
--

DROP TABLE IF EXISTS `datapoint`;
/*!40101 SET @saved_cs_client     = @@character_set_client */;
/*!50503 SET character_set_client = utf8mb4 */;
CREATE TABLE `datapoint` (
  `id` varchar(36) NOT NULL,
  `itemId` varchar(255) NOT NULL,
  `dpGroupCode` varchar(255) NOT NULL,
  `dataPoint` varchar(255) NOT NULL,
  `serialNumber` varchar(255) NOT NULL,
  `dataType` varchar(255) NOT NULL,
  `userId` varchar(255) NOT NULL,
  `isHide` tinyint(4) NOT NULL DEFAULT 0,
  `isRequired` tinyint(4) NOT NULL DEFAULT 0,
  `createdAt` datetime(6) NOT NULL DEFAULT current_timestamp(6),
  `updatedAt` datetime(6) NOT NULL DEFAULT current_timestamp(6) ON UPDATE current_timestamp(6),
  `createdBy` varchar(255) DEFAULT NULL,
  `updatedBy` varchar(255) DEFAULT NULL,
  `regional` varchar(50) DEFAULT NULL,
  PRIMARY KEY (`id`)
) ENGINE=InnoDB DEFAULT CHARSET=utf8mb4 COLLATE=utf8mb4_general_ci;
/*!40101 SET character_set_client = @saved_cs_client */;

--
-- Dumping data for table `datapoint`
--

LOCK TABLES `datapoint` WRITE;
/*!40000 ALTER TABLE `datapoint` DISABLE KEYS */;
INSERT INTO `datapoint` VALUES ('00f7a76d-4bb0-4748-8ca5-72bcb8ca4559','ede3d41b-e4c6-43c7-82f0-5423292b1fdc','0','	Clearing Date','21','date','a52c4775-308c-4d4c-b1ac-7894dac55a1d',0,0,'2025-08-13 15:46:30.000000','2025-08-13 15:46:30.000000','admin','admin',''),('0119d8c6-e8d0-4dc6-a75c-12fe6be3f082','1912e526-4d84-4e94-a397-4a617e3c4bed','0','Status','6','dropdown','a52c4775-308c-4d4c-b1ac-7894dac55a1d',0,0,'2025-08-11 13:14:12.000000','2025-08-11 13:14:12.000000','admin','admin',''),('01bcbaea-2ce4-4b60-b6a9-c6d9ef69813b','5cb5187b-a92e-4540-930d-3be3ca46668a','0','Account Code','1','number','a52c4775-308c-4d4c-b1ac-7894dac55a1d',0,1,'2025-08-06 14:11:17.000000','2025-08-06 14:11:17.000000','admin','admin','All'),('01e70f20-4aa9-4469-9bb6-bd46a8c0abf5','ede3d41b-e4c6-43c7-82f0-5423292b1fdc','0','Item Details','7','text','a52c4775-308c-4d4c-b1ac-7894dac55a1d',0,0,'2025-08-13 15:36:25.000000','2025-08-13 15:36:25.000000','admin','admin',''),('027f5560-8219-435e-bad5-1e387e07d102','ff7b4a10-5ca1-41ec-be36-90289dd8df32','0','	Special Notes','16','text','a52c4775-308c-4d4c-b1ac-7894dac55a1d',0,0,'2025-08-13 16:58:09.000000','2025-08-13 16:58:09.000000','admin','admin',''),('032463a0-a787-4113-9423-ed11b9ee6614','191bdb96-2f59-4dd2-ae9a-5e8aa2075fb6','0','Serial','6','number','a52c4775-308c-4d4c-b1ac-7894dac55a1d',0,0,'2025-08-12 12:48:48.000000','2025-08-12 12:48:48.000000','admin','admin',''),('042bcafa-d373-4eb4-843d-5cb955493108','c4b264c7-73db-4189-85ee-6f72d8fab8fc','0','Start Date','31','date','a52c4775-308c-4d4c-b1ac-7894dac55a1d',0,0,'2025-08-12 11:56:01.000000','2025-08-12 11:56:01.000000','admin','admin',''),('04aab047-65c9-4d49-b9c9-5e0d5edd847c','c4b264c7-73db-4189-85ee-6f72d8fab8fc','0','Special Notes','28','text','a52c4775-308c-4d4c-b1ac-7894dac55a1d',0,0,'2025-08-12 11:54:01.000000','2025-08-12 11:54:43.000000','admin','admin',''),('055083d0-f1d4-4e2e-adbf-6effcc51f297','76c17f9f-7f00-452c-bf64-3e5fba3435fa','0','	Item Details','7','text','a52c4775-308c-4d4c-b1ac-7894dac55a1d',0,0,'2025-08-13 15:07:23.000000','2025-08-13 15:07:23.000000','admin','admin',''),('0571738e-6a58-4884-a48e-7154bd9bbd22','c4b264c7-73db-4189-85ee-6f72d8fab8fc','0','Delivery Time','24','dropdown','a52c4775-308c-4d4c-b1ac-7894dac55a1d',0,0,'2025-08-12 11:53:00.000000','2025-08-12 11:53:00.000000','admin','admin',''),('0605af5f-d5f4-468f-9807-9295e5ce48a4','485e64be-11ec-45ea-81cf-fafc515838ff','0','Status','5','dropdown','a52c4775-308c-4d4c-b1ac-7894dac55a1d',0,0,'2025-08-12 17:15:03.000000','2025-08-12 17:15:03.000000','admin','admin',''),('068a08ef-513d-41c2-b676-8594182dfdfa','867559ad-0653-4165-aa8a-ca4363d71913','0','Attach File','22','dropdown','a52c4775-308c-4d4c-b1ac-7894dac55a1d',0,0,'2025-08-12 15:14:23.000000','2025-08-12 15:14:23.000000','admin','admin',''),('09588870-1ef0-442e-be95-e1e852f89b8e','7f662fcb-a07f-4c56-892a-78c749557130','0','Invoice Amount','4','number','a52c4775-308c-4d4c-b1ac-7894dac55a1d',0,0,'2025-08-12 12:09:31.000000','2025-08-12 12:09:31.000000','admin','admin',''),('09dab8f9-4a12-4285-8032-9b4a6155e0e3','16207e60-f981-415a-a683-908229be87b2','0','	Tags','26','dropdown','a52c4775-308c-4d4c-b1ac-7894dac55a1d',0,0,'2025-08-13 14:37:50.000000','2025-08-13 14:37:50.000000','admin','admin',''),('09fa367b-e884-4c44-9a8e-466a8bb53087','eebc0ad6-3c6e-4add-87c5-45b0c4229121','0','Paid To','8','dropdown','a52c4775-308c-4d4c-b1ac-7894dac55a1d',0,1,'2025-08-06 16:33:04.000000','2025-08-07 14:36:19.000000','admin','admin','All'),('0b132d95-6fc5-458e-98cf-a73f22826855','16207e60-f981-415a-a683-908229be87b2','0','	Quantity','14','number','a52c4775-308c-4d4c-b1ac-7894dac55a1d',0,0,'2025-08-13 14:33:32.000000','2025-08-13 14:33:32.000000','admin','admin',''),('0b637663-f113-408e-b96c-b56172eb9951','d580b963-ca71-4b62-bfb1-73d8e7f7baa0','0','Last Invoice Date','6','date','a52c4775-308c-4d4c-b1ac-7894dac55a1d',0,0,'2025-08-12 16:41:24.000000','2025-08-12 16:42:07.000000','admin','admin',''),('0bd0d190-fef6-47dd-b5f4-24940cb7a96a','867559ad-0653-4165-aa8a-ca4363d71913','0','Item Details','7','text','a52c4775-308c-4d4c-b1ac-7894dac55a1d',0,0,'2025-08-12 15:11:40.000000','2025-08-12 15:11:40.000000','admin','admin',''),('0c455f54-6ad6-4e3d-88b3-44f8c7b24513','867559ad-0653-4165-aa8a-ca4363d71913','0','Invoice referance','3','dropdown','a52c4775-308c-4d4c-b1ac-7894dac55a1d',0,0,'2025-08-12 15:30:06.000000','2025-08-12 15:30:06.000000','admin','admin',''),('0c6358d2-a405-4f14-8703-475cd413d8e2','a323c849-587c-4939-986e-ac274ee2aaef','0','Company Type','3','dropdown','a52c4775-308c-4d4c-b1ac-7894dac55a1d',0,1,'2025-08-06 13:35:42.000000','2025-08-06 13:35:42.000000','admin','admin','All'),('0d38b4ed-4725-4067-984c-588fae7ed8c2','edee2a02-298d-4da1-a0ce-6c28711b3f91','0','	Quantity','9','number','a52c4775-308c-4d4c-b1ac-7894dac55a1d',0,0,'2025-08-12 16:51:31.000000','2025-08-12 16:51:31.000000','admin','admin',''),('0f3fc986-5981-4a3a-a3de-4947db453ab1','191bdb96-2f59-4dd2-ae9a-5e8aa2075fb6','0','Receive Mode','15','dropdown','a52c4775-308c-4d4c-b1ac-7894dac55a1d',0,0,'2025-08-12 12:52:14.000000','2025-08-12 12:52:14.000000','admin','admin',''),('0f939cf2-a7e6-4546-bcf1-d9a84769aa77','996f270f-5858-4553-9470-3dddadedc890','0','Reporting','10','dropdown','a52c4775-308c-4d4c-b1ac-7894dac55a1d',1,0,'2025-07-31 19:37:20.000000','2025-07-31 19:37:20.000000','admin','admin','All'),('0fc483cf-c504-4afc-84f0-e095f5ff51fa','eebc0ad6-3c6e-4add-87c5-45b0c4229121','0','Attachments','28','dropdown','a52c4775-308c-4d4c-b1ac-7894dac55a1d',0,0,'2025-08-07 13:44:27.000000','2025-08-07 14:38:24.000000','admin','admin','All'),('10092326-d180-4ade-af81-181c5766a7e0','b7ec9557-0506-4ba5-9e7c-a7740b2aa877','0','A/C details','5','text','a52c4775-308c-4d4c-b1ac-7894dac55a1d',0,0,'2025-08-13 17:56:57.000000','2025-08-13 17:56:57.000000','admin','admin',''),('108a95b3-eba8-40a4-893d-d0cbc2756347','867559ad-0653-4165-aa8a-ca4363d71913','0','Customer Name','3','dropdown','a52c4775-308c-4d4c-b1ac-7894dac55a1d',0,0,'2025-08-12 15:10:57.000000','2025-08-12 15:10:57.000000','admin','admin',''),('111194cc-12ce-4d9e-8998-661d29855dfd','16207e60-f981-415a-a683-908229be87b2','0','	Due Date','4','date','a52c4775-308c-4d4c-b1ac-7894dac55a1d',0,0,'2025-08-13 12:38:37.000000','2025-08-13 12:38:37.000000','admin','admin',''),('111bcb3c-aa2d-493f-aca6-760a816d4772','16207e60-f981-415a-a683-908229be87b2','0','	Special Notes','24','text','a52c4775-308c-4d4c-b1ac-7894dac55a1d',0,0,'2025-08-13 14:36:00.000000','2025-08-13 14:36:00.000000','admin','admin',''),('113e736e-63e2-46db-9445-f2efe1852be8','76c17f9f-7f00-452c-bf64-3e5fba3435fa','0','Payment Mode','14','dropdown','a52c4775-308c-4d4c-b1ac-7894dac55a1d',0,0,'2025-08-13 15:09:47.000000','2025-08-13 15:09:47.000000','admin','admin',''),('128edc9b-ef5f-4528-bc4d-078aa8d21c5c','76c17f9f-7f00-452c-bf64-3e5fba3435fa','0','	Branch','18','dropdown','a52c4775-308c-4d4c-b1ac-7894dac55a1d',0,0,'2025-08-13 15:10:58.000000','2025-08-13 15:10:58.000000','admin','admin',''),('12fcf15c-eec7-47ef-b5f1-1c7c75ce7470','191bdb96-2f59-4dd2-ae9a-5e8aa2075fb6','0','Tag','24','boolean','a52c4775-308c-4d4c-b1ac-7894dac55a1d',0,0,'2025-08-12 12:56:42.000000','2025-08-12 12:56:42.000000','admin','admin',''),('141fe652-2979-4609-b741-2cc70c1ac77e','ede3d41b-e4c6-43c7-82f0-5423292b1fdc','0','	Total','13','number','a52c4775-308c-4d4c-b1ac-7894dac55a1d',0,0,'2025-08-13 15:37:15.000000','2025-08-13 15:37:15.000000','admin','admin',''),('15ac400a-5490-48af-a925-769b32f8b1e7','16207e60-f981-415a-a683-908229be87b2','0','	Tax','16','number','a52c4775-308c-4d4c-b1ac-7894dac55a1d',0,0,'2025-08-13 14:33:49.000000','2025-08-13 14:33:49.000000','admin','admin',''),('15fdc68e-c0a1-44ec-9ccd-35b7e23d10e9','eebc0ad6-3c6e-4add-87c5-45b0c4229121','0','Description','26','text','a52c4775-308c-4d4c-b1ac-7894dac55a1d',0,0,'2025-08-07 13:43:00.000000','2025-08-07 14:38:03.000000','admin','admin','All'),('181285bb-e3d0-4204-98f6-332d6919c043','eebc0ad6-3c6e-4add-87c5-45b0c4229121','0','Contra Type','2','dropdown','a52c4775-308c-4d4c-b1ac-7894dac55a1d',0,0,'2025-08-06 16:30:14.000000','2025-08-07 14:35:37.000000','admin','admin','All'),('18d4b350-777c-45d3-b70d-878b083993d9','76c17f9f-7f00-452c-bf64-3e5fba3435fa','0','	Instrument No.','19','dropdown','a52c4775-308c-4d4c-b1ac-7894dac55a1d',0,0,'2025-08-13 15:11:07.000000','2025-08-13 15:11:07.000000','admin','admin',''),('1950dfdd-c8df-4eec-abfa-589d74e95ef1','16207e60-f981-415a-a683-908229be87b2','0','Item Details','13','text','a52c4775-308c-4d4c-b1ac-7894dac55a1d',0,0,'2025-08-13 14:33:21.000000','2025-08-13 14:33:21.000000','admin','admin',''),('19d9bf80-027f-40b3-9087-299645dae9bb','ff7b4a10-5ca1-41ec-be36-90289dd8df32','0','Item name','6','dropdown','a52c4775-308c-4d4c-b1ac-7894dac55a1d',0,0,'2025-08-13 16:56:51.000000','2025-08-13 16:56:51.000000','admin','admin',''),('1b3de98c-a06d-498a-9bf1-9ae5b8c6dd75','7f662fcb-a07f-4c56-892a-78c749557130','0','Status','6','text','a52c4775-308c-4d4c-b1ac-7894dac55a1d',0,0,'2025-08-12 12:10:03.000000','2025-08-12 12:10:03.000000','admin','admin',''),('1c092d72-b492-4dda-8c46-d41f00c42557','7b5259f5-7ae8-4846-bc6d-ded8eb60504d','0','Paid Amount','4','number','a52c4775-308c-4d4c-b1ac-7894dac55a1d',0,0,'2025-08-13 16:48:38.000000','2025-08-13 16:48:38.000000','admin','admin',''),('1f481f36-7398-4d49-8665-3e5a98f6fe47','ffc8051e-bd1f-4120-a303-0edd80b59253','0','	Revceived By','6','dropdown','a52c4775-308c-4d4c-b1ac-7894dac55a1d',0,0,'2025-08-12 15:50:18.000000','2025-08-12 15:50:18.000000','admin','admin',''),('22172170-8250-4d93-bb0f-12b35f4114b4','996f270f-5858-4553-9470-3dddadedc890','0','Branch Name','7','dropdown','a52c4775-308c-4d4c-b1ac-7894dac55a1d',0,0,'2025-07-30 18:04:29.000000','2025-07-31 19:27:41.000000','admin','admin','All'),('226f4ba9-0440-48f7-be4d-d1752370a176','a323c849-587c-4939-986e-ac274ee2aaef','0','Company Name','2','text','a52c4775-308c-4d4c-b1ac-7894dac55a1d',0,1,'2025-08-06 13:35:21.000000','2025-08-06 13:35:21.000000','admin','admin','All'),('25f9cb49-d361-44df-b1b6-187441990cd1','c4b264c7-73db-4189-85ee-6f72d8fab8fc','0','Customer Name','5','dropdown','a52c4775-308c-4d4c-b1ac-7894dac55a1d',0,0,'2025-08-12 11:43:18.000000','2025-08-12 11:43:18.000000','admin','admin',''),('2677ff01-7115-43ed-9537-b5c23a813005','191bdb96-2f59-4dd2-ae9a-5e8aa2075fb6','0','Customer Name','3','dropdown','a52c4775-308c-4d4c-b1ac-7894dac55a1d',0,0,'2025-08-12 12:47:04.000000','2025-08-12 12:47:04.000000','admin','admin',''),('2848b799-b84d-4021-bb27-b1d3402b9504','d6991222-bac4-4a49-95cb-4b58dcb0d759','0','Schedule No#','1','number','a52c4775-308c-4d4c-b1ac-7894dac55a1d',0,0,'2025-08-12 17:27:08.000000','2025-08-12 17:27:08.000000','admin','admin',''),('2849f855-d3c4-46c0-b261-d7189a044b0b','76c17f9f-7f00-452c-bf64-3e5fba3435fa','0','	Tax','10','number','a52c4775-308c-4d4c-b1ac-7894dac55a1d',0,0,'2025-08-13 15:09:06.000000','2025-08-13 15:09:06.000000','admin','admin',''),('28f120cd-a80a-46f2-9fb5-95eee9adb8ff','ff7b4a10-5ca1-41ec-be36-90289dd8df32','0','Tax','10','number','a52c4775-308c-4d4c-b1ac-7894dac55a1d',0,0,'2025-08-13 16:57:20.000000','2025-08-13 16:57:20.000000','admin','admin',''),('296faccc-1031-4d3b-8865-d9f6c9df6e23','ff7b4a10-5ca1-41ec-be36-90289dd8df32','0','Adjustment','12','number','a52c4775-308c-4d4c-b1ac-7894dac55a1d',0,0,'2025-08-13 16:57:31.000000','2025-08-13 16:57:31.000000','admin','admin',''),('2a32b14b-31cc-4675-a5bc-a6f71fc791ed','eebc0ad6-3c6e-4add-87c5-45b0c4229121','0','Voucher Date','5','date','a52c4775-308c-4d4c-b1ac-7894dac55a1d',0,1,'2025-08-06 16:31:53.000000','2025-08-07 14:35:57.000000','admin','admin','All'),('2bfab941-4ed9-417b-9e27-230e20440e04','cfc0e06e-c8f8-4da7-bfb0-4301d1f1f195','0','Paid By','6','dropdown','a52c4775-308c-4d4c-b1ac-7894dac55a1d',0,0,'2025-08-13 15:31:27.000000','2025-08-13 15:31:40.000000','admin','admin',''),('2c54ea22-5244-481f-afcb-0b52ab939b50','1c02efec-cc33-4a24-a76f-07ac6b21e208','0','	Date','2','date','a52c4775-308c-4d4c-b1ac-7894dac55a1d',0,0,'2025-08-13 17:29:18.000000','2025-08-13 17:29:18.000000','admin','admin',''),('2cdbd8d3-1be0-4e23-8a6a-3cde6e2c6370','7f662fcb-a07f-4c56-892a-78c749557130','0','Action','7','boolean','a52c4775-308c-4d4c-b1ac-7894dac55a1d',0,0,'2025-08-12 12:10:10.000000','2025-08-12 12:10:10.000000','admin','admin',''),('2d0d7298-2d04-4a36-9ce1-463b8239fa01','867559ad-0653-4165-aa8a-ca4363d71913','0','	Instrument Date','20','date','a52c4775-308c-4d4c-b1ac-7894dac55a1d',0,0,'2025-08-12 15:13:58.000000','2025-08-12 15:13:58.000000','admin','admin',''),('2d6fc941-0fa4-47ad-9b7b-cfbbe11b4300','a989196f-6a7b-4ac3-8144-a6e196087271','0','	Due Amount','5','number','a52c4775-308c-4d4c-b1ac-7894dac55a1d',0,0,'2025-08-13 14:48:38.000000','2025-08-13 14:48:38.000000','admin','admin',''),('2dd0e66e-3692-42a6-b9ac-196d884eaefb','d6991222-bac4-4a49-95cb-4b58dcb0d759','0','Start Date','3','date','a52c4775-308c-4d4c-b1ac-7894dac55a1d',0,0,'2025-08-12 17:27:50.000000','2025-08-12 17:27:50.000000','admin','admin',''),('2ded7e76-3f3b-422e-89da-d84bae9e40c0','cfc0e06e-c8f8-4da7-bfb0-4301d1f1f195','0','Payment No#','1','number','a52c4775-308c-4d4c-b1ac-7894dac55a1d',0,0,'2025-08-13 15:30:01.000000','2025-08-13 15:30:01.000000','admin','admin',''),('2e025894-756f-496b-842d-5953f62c5eb5','c4b264c7-73db-4189-85ee-6f72d8fab8fc','0','Tags','30','dropdown','a52c4775-308c-4d4c-b1ac-7894dac55a1d',0,0,'2025-08-12 11:55:29.000000','2025-08-12 11:55:29.000000','admin','admin',''),('2eb30367-db15-48d1-9746-50c4ed029ef4','cfc0e06e-c8f8-4da7-bfb0-4301d1f1f195','0','Payment date','2','date','a52c4775-308c-4d4c-b1ac-7894dac55a1d',0,0,'2025-08-13 15:30:17.000000','2025-08-13 15:30:17.000000','admin','admin',''),('31e386b8-2b92-44c5-8d60-c9a76c2a496a','191bdb96-2f59-4dd2-ae9a-5e8aa2075fb6','0','Deposit Date','22','date','a52c4775-308c-4d4c-b1ac-7894dac55a1d',0,0,'2025-08-12 12:55:07.000000','2025-08-12 12:55:07.000000','admin','admin',''),('32235e4f-946d-4cac-bf2f-2f275fe03d29','c4b264c7-73db-4189-85ee-6f72d8fab8fc','0','Adjustment','21','number','a52c4775-308c-4d4c-b1ac-7894dac55a1d',0,0,'2025-08-12 11:50:14.000000','2025-08-12 11:50:14.000000','admin','admin',''),('3393f709-0103-41d7-954e-1f7228b0e439','e93e00f2-7bf3-4086-9f21-136407c13ef1','0','Currency Name','1','text','a52c4775-308c-4d4c-b1ac-7894dac55a1d',0,1,'2025-08-06 13:16:51.000000','2025-08-06 13:16:51.000000','admin','admin','All'),('34e2438d-d6ad-4e49-894f-3df06942b9b6','eebc0ad6-3c6e-4add-87c5-45b0c4229121','0','Payment From','17','dropdown','a52c4775-308c-4d4c-b1ac-7894dac55a1d',0,1,'2025-08-07 13:22:19.000000','2025-08-07 14:37:10.000000','admin','admin','All'),('356dd25e-1aef-4eae-aa6f-49d0cd6d3b4c','76c17f9f-7f00-452c-bf64-3e5fba3435fa','0','	Quantity','8','number','a52c4775-308c-4d4c-b1ac-7894dac55a1d',0,0,'2025-08-13 15:07:36.000000','2025-08-13 15:07:36.000000','admin','admin',''),('367b76e1-459a-4805-9e90-2461c9e48a9a','d6991222-bac4-4a49-95cb-4b58dcb0d759','0','Amount','5','number','a52c4775-308c-4d4c-b1ac-7894dac55a1d',0,0,'2025-08-12 17:28:32.000000','2025-08-12 17:28:32.000000','admin','admin',''),('37b1f606-02f5-4a12-973b-f82b26e442b2','c4b264c7-73db-4189-85ee-6f72d8fab8fc','0','Delivary Address','25','text','a52c4775-308c-4d4c-b1ac-7894dac55a1d',0,0,'2025-08-12 11:53:13.000000','2025-08-12 11:53:13.000000','admin','admin',''),('38472711-c5dd-4ec3-a98b-50bff9220806','ede3d41b-e4c6-43c7-82f0-5423292b1fdc','0','	Special Notes','24','text','a52c4775-308c-4d4c-b1ac-7894dac55a1d',0,0,'2025-08-13 15:47:15.000000','2025-08-13 15:47:15.000000','admin','admin',''),('38e7192e-924b-4807-9a69-b16ee74c9064','c4b264c7-73db-4189-85ee-6f72d8fab8fc','0','End Date','32','date','a52c4775-308c-4d4c-b1ac-7894dac55a1d',0,0,'2025-08-12 11:56:36.000000','2025-08-12 11:56:36.000000','admin','admin',''),('39c7be24-586f-4246-a0e9-107b414489c7','ede3d41b-e4c6-43c7-82f0-5423292b1fdc','0','Tags','23','dropdown','a52c4775-308c-4d4c-b1ac-7894dac55a1d',0,0,'2025-08-13 15:47:04.000000','2025-08-13 15:47:04.000000','admin','admin',''),('3a108c49-edda-47bf-bc76-e31784f003f0','ede3d41b-e4c6-43c7-82f0-5423292b1fdc','0','Tax','10','number','a52c4775-308c-4d4c-b1ac-7894dac55a1d',0,0,'2025-08-13 15:36:53.000000','2025-08-13 15:36:53.000000','admin','admin',''),('3a3d89eb-aa25-41c1-a5b0-3af19f726c69','76c17f9f-7f00-452c-bf64-3e5fba3435fa','0','Payment Date','2','date','a52c4775-308c-4d4c-b1ac-7894dac55a1d',0,0,'2025-08-13 15:04:42.000000','2025-08-13 15:04:42.000000','admin','admin',''),('3a47b0cf-de83-4e3d-8dc1-48f26d9a4b3e','a989196f-6a7b-4ac3-8144-a6e196087271','0','	Action','7','boolean','a52c4775-308c-4d4c-b1ac-7894dac55a1d',0,0,'2025-08-13 14:48:53.000000','2025-08-13 14:48:53.000000','admin','admin',''),('3a990a02-c349-4226-8704-931016d75c23','191bdb96-2f59-4dd2-ae9a-5e8aa2075fb6','0','Salesperson','5','dropdown','a52c4775-308c-4d4c-b1ac-7894dac55a1d',0,0,'2025-08-12 12:47:17.000000','2025-08-12 12:47:17.000000','admin','admin',''),('3b96f83d-c838-46b3-8104-229a79d974a9','9994f272-6709-4608-9fa2-b1f61f4049c4','0','Currency Name','1','text','a52c4775-308c-4d4c-b1ac-7894dac55a1d',0,1,'2025-08-06 13:10:54.000000','2025-08-06 13:10:54.000000','admin','admin','All'),('3b983ea0-d539-4e0e-8824-25a1f160f94f','e93e00f2-7bf3-4086-9f21-136407c13ef1','0','Symbol','2','text','a52c4775-308c-4d4c-b1ac-7894dac55a1d',0,0,'2025-08-06 13:17:13.000000','2025-08-06 13:17:13.000000','admin','admin','All'),('3ccad696-34c0-4a29-9853-d46b6551d93d','61ddbc58-8b74-4b7a-8d55-06b9b629250c','0','Account Name','2','text','a52c4775-308c-4d4c-b1ac-7894dac55a1d',0,1,'2025-08-06 15:49:09.000000','2025-08-06 15:49:09.000000','admin','admin','All'),('3d62861b-6751-4834-b397-dd50d5133d05','191bdb96-2f59-4dd2-ae9a-5e8aa2075fb6','0','Total','14','number','a52c4775-308c-4d4c-b1ac-7894dac55a1d',0,0,'2025-08-12 12:51:23.000000','2025-08-12 12:51:23.000000','admin','admin',''),('3e04d502-2677-4ba1-be52-83ebfe7c19c7','edee2a02-298d-4da1-a0ce-6c28711b3f91','0','Credit Note#','1','number','a52c4775-308c-4d4c-b1ac-7894dac55a1d',0,0,'2025-08-12 16:49:10.000000','2025-08-12 16:49:10.000000','admin','admin',''),('3e13e48e-a9d6-4fa3-938f-c772c085be63','c9fafd10-c441-43f3-96fa-15b7995f4c56','0','Voucher Type','3','text','a52c4775-308c-4d4c-b1ac-7894dac55a1d',0,0,'2025-08-11 12:56:53.000000','2025-08-11 12:56:58.000000','admin','admin',''),('41492580-577f-40b4-bfda-209a7cb5adb0','867559ad-0653-4165-aa8a-ca4363d71913','0','Tax','10','number','a52c4775-308c-4d4c-b1ac-7894dac55a1d',0,0,'2025-08-12 15:12:05.000000','2025-08-12 15:12:05.000000','admin','admin',''),('41a5613f-e956-46cc-9e80-80f164c2b0ea','ede3d41b-e4c6-43c7-82f0-5423292b1fdc','0','	Instrument Date','20','date','a52c4775-308c-4d4c-b1ac-7894dac55a1d',0,0,'2025-08-13 15:46:12.000000','2025-08-13 15:46:20.000000','admin','admin',''),('426179f8-9c4d-48ce-a9fd-e2ddbbeb52e8','ff7b4a10-5ca1-41ec-be36-90289dd8df32','0','Vendor Address','4','text','a52c4775-308c-4d4c-b1ac-7894dac55a1d',0,0,'2025-08-13 17:02:03.000000','2025-08-13 17:02:03.000000','admin','admin',''),('43258ea3-78b2-4ff2-8594-a334262027d1','5b4d27ea-bcc5-4e60-bf6d-d09abc86ff00','0','Test-Field-2','2','text','a52c4775-308c-4d4c-b1ac-7894dac55a1d',0,0,'2025-08-03 15:40:07.000000','2025-08-03 15:40:07.000000','admin','admin','All'),('433c60e5-9fcd-4822-bd6d-ab0281240aa4','ff7b4a10-5ca1-41ec-be36-90289dd8df32','0','	Unit Price','9','number','a52c4775-308c-4d4c-b1ac-7894dac55a1d',0,0,'2025-08-13 16:57:13.000000','2025-08-13 16:57:13.000000','admin','admin',''),('43c30bca-5646-4b6e-9d4f-8861afad7407','76c17f9f-7f00-452c-bf64-3e5fba3435fa','0','Payment No#','1','number','a52c4775-308c-4d4c-b1ac-7894dac55a1d',0,0,'2025-08-13 15:04:28.000000','2025-08-13 15:04:28.000000','admin','admin',''),('44a1de7a-c98d-4248-8aa5-6790f99d6573','c9fafd10-c441-43f3-96fa-15b7995f4c56','0','	Details','6','text','a52c4775-308c-4d4c-b1ac-7894dac55a1d',0,0,'2025-08-11 13:05:11.000000','2025-08-11 13:05:11.000000','admin','admin',''),('44b4cbea-b207-4243-8873-1de3f94a425a','7f662fcb-a07f-4c56-892a-78c749557130','0','Due Amount','5','number','a52c4775-308c-4d4c-b1ac-7894dac55a1d',0,0,'2025-08-12 12:09:52.000000','2025-08-12 12:09:52.000000','admin','admin',''),('453fcd6e-b54b-4850-b0ef-b0f9b3efa97a','16207e60-f981-415a-a683-908229be87b2','0','Vendor Name','5','text','a52c4775-308c-4d4c-b1ac-7894dac55a1d',0,0,'2025-08-13 12:38:58.000000','2025-08-13 12:38:58.000000','admin','admin',''),('45472e0d-6699-4e8b-9c36-ba60422f1664','16207e60-f981-415a-a683-908229be87b2','0','Recurring Date','29','date','a52c4775-308c-4d4c-b1ac-7894dac55a1d',0,0,'2025-08-13 14:39:05.000000','2025-08-13 14:39:05.000000','admin','admin',''),('459fb205-443d-4376-9d94-5d465a581131','ede3d41b-e4c6-43c7-82f0-5423292b1fdc','0','Adjustment','12','number','a52c4775-308c-4d4c-b1ac-7894dac55a1d',0,0,'2025-08-13 15:37:08.000000','2025-08-13 15:37:08.000000','admin','admin',''),('45a80c8a-01e5-443c-914c-1870bddcf8fe','61ddbc58-8b74-4b7a-8d55-06b9b629250c','0','Link with Con. CoA','7','dropdown','a52c4775-308c-4d4c-b1ac-7894dac55a1d',0,0,'2025-08-06 15:50:38.000000','2025-08-06 15:50:38.000000','admin','admin','All'),('46d49af5-ea53-4dc4-9db6-62bf225f76d2','c4b264c7-73db-4189-85ee-6f72d8fab8fc','0','Contact Person','8','text','a52c4775-308c-4d4c-b1ac-7894dac55a1d',0,0,'2025-08-12 11:46:08.000000','2025-08-12 11:46:08.000000','admin','admin',''),('47502e41-eb51-41e4-a569-bc3bec12e214','61ddbc58-8b74-4b7a-8d55-06b9b629250c','0','Account Type','3','dropdown','a52c4775-308c-4d4c-b1ac-7894dac55a1d',0,1,'2025-08-06 15:49:20.000000','2025-08-06 15:49:26.000000','admin','admin','All'),('482499c5-f142-4d88-a513-7ee34da7a6a8','1912e526-4d84-4e94-a397-4a617e3c4bed','0','Appoint for','3','dropdown','a52c4775-308c-4d4c-b1ac-7894dac55a1d',0,0,'2025-08-11 13:13:57.000000','2025-08-11 13:13:57.000000','admin','admin',''),('4906071f-35a9-4c71-a0b4-b710a0320e75','9994f272-6709-4608-9fa2-b1f61f4049c4','0','Link','4','text','a52c4775-308c-4d4c-b1ac-7894dac55a1d',0,0,'2025-08-06 13:12:06.000000','2025-08-06 13:12:06.000000','admin','admin','All'),('4921c6a5-897f-4985-8c52-0d1f10c9cfd5','191bdb96-2f59-4dd2-ae9a-5e8aa2075fb6','0','Special Notes','25','text','a52c4775-308c-4d4c-b1ac-7894dac55a1d',0,0,'2025-08-12 12:57:01.000000','2025-08-12 12:57:52.000000','admin','admin',''),('495a4b69-1fb3-42de-b075-80434dee1e7c','68a56585-1403-4f57-ba8b-a1f83b68eb71','0','Revceived By','6','dropdown','a52c4775-308c-4d4c-b1ac-7894dac55a1d',0,0,'2025-08-12 14:57:32.000000','2025-08-12 14:57:59.000000','admin','admin',''),('499f8ef2-a5b2-4b53-ab48-45c5cf8c51a7','867559ad-0653-4165-aa8a-ca4363d71913','0','Salesperson','4','dropdown','a52c4775-308c-4d4c-b1ac-7894dac55a1d',0,0,'2025-08-12 15:11:08.000000','2025-08-12 15:11:08.000000','admin','admin',''),('49ae5c44-d356-41d6-9c5b-7ad132424f4a','485e64be-11ec-45ea-81cf-fafc515838ff','0','Notes','6','text','a52c4775-308c-4d4c-b1ac-7894dac55a1d',0,0,'2025-08-12 17:15:28.000000','2025-08-12 17:15:28.000000','admin','admin',''),('4a71efc6-01aa-42ad-a061-abcdd4b11c76','68a56585-1403-4f57-ba8b-a1f83b68eb71','0','Status','7','dropdown','a52c4775-308c-4d4c-b1ac-7894dac55a1d',0,0,'2025-08-12 14:58:07.000000','2025-08-12 14:58:07.000000','admin','admin',''),('4aa2908d-7449-46f1-bf64-9e1478654c2f','ede3d41b-e4c6-43c7-82f0-5423292b1fdc','0','	Paid From','15','dropdown','a52c4775-308c-4d4c-b1ac-7894dac55a1d',0,0,'2025-08-13 15:45:11.000000','2025-08-13 15:45:11.000000','admin','admin',''),('4aaf84e9-91a7-4417-a0ef-e909893771c6','edee2a02-298d-4da1-a0ce-6c28711b3f91','0','Date','2','date','a52c4775-308c-4d4c-b1ac-7894dac55a1d',0,0,'2025-08-12 16:49:24.000000','2025-08-12 16:49:24.000000','admin','admin',''),('4b9b48b9-edf0-4feb-9644-46a929c0f5da','eebc0ad6-3c6e-4add-87c5-45b0c4229121','0','Received from','6','dropdown','a52c4775-308c-4d4c-b1ac-7894dac55a1d',0,1,'2025-08-06 16:32:16.000000','2025-08-07 14:36:04.000000','admin','admin','All'),('4d0fdf56-7ce5-434a-b2cb-6769f96c3e4f','edee2a02-298d-4da1-a0ce-6c28711b3f91','0','Tag','16','dropdown','a52c4775-308c-4d4c-b1ac-7894dac55a1d',0,0,'2025-08-12 16:56:45.000000','2025-08-12 16:56:45.000000','admin','admin',''),('4db6072a-9317-4176-9af4-43c2644303e2','7b5259f5-7ae8-4846-bc6d-ded8eb60504d','0','	Paid By','6','dropdown','a52c4775-308c-4d4c-b1ac-7894dac55a1d',0,0,'2025-08-13 16:49:18.000000','2025-08-13 16:49:33.000000','admin','admin',''),('4e26e76f-5384-4a06-94f4-2cfe91846239','68a56585-1403-4f57-ba8b-a1f83b68eb71','0','Receipt Date','2','date','a52c4775-308c-4d4c-b1ac-7894dac55a1d',0,0,'2025-08-12 14:55:25.000000','2025-08-12 14:55:25.000000','admin','admin',''),('4ec16a84-2391-4c51-b032-8422e7d1769e','edee2a02-298d-4da1-a0ce-6c28711b3f91','0','Total','14','number','a52c4775-308c-4d4c-b1ac-7894dac55a1d',0,0,'2025-08-12 16:52:56.000000','2025-08-12 16:52:56.000000','admin','admin',''),('4f2cc98c-aaa6-4301-a685-0213e671fcf9','867559ad-0653-4165-aa8a-ca4363d71913','0','Bank Name','17','dropdown','a52c4775-308c-4d4c-b1ac-7894dac55a1d',0,0,'2025-08-12 15:13:28.000000','2025-08-12 15:13:28.000000','admin','admin',''),('4f95a9cd-bdf4-471a-85ae-5be7a51a2237','16207e60-f981-415a-a683-908229be87b2','0','	Terms','22','text','a52c4775-308c-4d4c-b1ac-7894dac55a1d',0,0,'2025-08-13 14:35:34.000000','2025-08-13 14:35:34.000000','admin','admin',''),('50940d2d-28f8-48bc-a051-bfbeb11102ff','c4b264c7-73db-4189-85ee-6f72d8fab8fc','0','Unit Price','16','number','a52c4775-308c-4d4c-b1ac-7894dac55a1d',0,0,'2025-08-12 11:48:13.000000','2025-08-12 11:48:13.000000','admin','admin',''),('513519b6-fdd7-4dce-8cd5-1cd2840877a4','191bdb96-2f59-4dd2-ae9a-5e8aa2075fb6','0','Instrument Date','21','date','a52c4775-308c-4d4c-b1ac-7894dac55a1d',0,0,'2025-08-12 12:54:56.000000','2025-08-12 12:54:56.000000','admin','admin',''),('51565503-5bcf-4a7e-9868-3e125ee98f76','1c02efec-cc33-4a24-a76f-07ac6b21e208','0','	Amount','4','number','a52c4775-308c-4d4c-b1ac-7894dac55a1d',0,0,'2025-08-13 17:29:44.000000','2025-08-13 17:29:44.000000','admin','admin',''),('5158a535-61e4-4d86-91b6-0987f0703209','c9fafd10-c441-43f3-96fa-15b7995f4c56','0','Amount','4','number','a52c4775-308c-4d4c-b1ac-7894dac55a1d',0,0,'2025-08-11 12:57:16.000000','2025-08-11 12:57:16.000000','admin','admin',''),('51bac85a-59e8-41b2-94c0-04d3ed270242','61ddbc58-8b74-4b7a-8d55-06b9b629250c','0','Initial Balance','5','number','a52c4775-308c-4d4c-b1ac-7894dac55a1d',0,0,'2025-08-06 15:49:53.000000','2025-08-06 15:49:53.000000','admin','admin','All'),('5246d84c-c6b2-4486-84d7-4866afc2b923','eebc0ad6-3c6e-4add-87c5-45b0c4229121','0','Bank Name','20','dropdown','a52c4775-308c-4d4c-b1ac-7894dac55a1d',0,1,'2025-08-07 13:23:29.000000','2025-08-07 14:37:27.000000','admin','admin','All'),('5309e30d-1490-4fd4-b9a6-c3c34c7d4299','867559ad-0653-4165-aa8a-ca4363d71913','0','Deposit to','15','dropdown','a52c4775-308c-4d4c-b1ac-7894dac55a1d',0,0,'2025-08-12 15:13:08.000000','2025-08-12 15:13:08.000000','admin','admin',''),('534e7bb2-b9b6-4e28-841f-fa2983f635c1','867559ad-0653-4165-aa8a-ca4363d71913','0','Tags','23','boolean','a52c4775-308c-4d4c-b1ac-7894dac55a1d',0,0,'2025-08-12 15:14:36.000000','2025-08-13 15:12:42.000000','admin','admin',''),('56aa226f-eada-44eb-800a-b419a57470bb','867559ad-0653-4165-aa8a-ca4363d71913','0','Received by','16','dropdown','a52c4775-308c-4d4c-b1ac-7894dac55a1d',0,0,'2025-08-12 15:13:19.000000','2025-08-12 15:13:19.000000','admin','admin',''),('5712f512-748f-4432-9581-c0f75255695e','16207e60-f981-415a-a683-908229be87b2','0','Due Term','3','dropdown','a52c4775-308c-4d4c-b1ac-7894dac55a1d',0,0,'2025-08-13 12:38:23.000000','2025-08-13 12:38:23.000000','admin','admin',''),('57557edb-93d9-45d5-955b-cd99468fee5d','a323c849-587c-4939-986e-ac274ee2aaef','0','Designation','8','dropdown','a52c4775-308c-4d4c-b1ac-7894dac55a1d',0,1,'2025-08-06 13:49:16.000000','2025-08-06 13:49:16.000000','admin','admin','All'),('57a60d24-f28f-4f18-9d94-c93559ba4427','7f662fcb-a07f-4c56-892a-78c749557130','0','Invoice No#','1','number','a52c4775-308c-4d4c-b1ac-7894dac55a1d',0,0,'2025-08-12 12:09:01.000000','2025-08-12 12:09:01.000000','admin','admin',''),('57b6860e-2f7a-475a-884b-c110ec83c1e7','edee2a02-298d-4da1-a0ce-6c28711b3f91','0','	Special Notes','17','text','a52c4775-308c-4d4c-b1ac-7894dac55a1d',0,0,'2025-08-12 16:56:53.000000','2025-08-12 16:56:53.000000','admin','admin',''),('57df23d0-f2c5-404e-ad8a-2279707c225b','7b5259f5-7ae8-4846-bc6d-ded8eb60504d','0','	Status','7','dropdown','a52c4775-308c-4d4c-b1ac-7894dac55a1d',0,0,'2025-08-13 16:49:24.000000','2025-08-13 16:49:37.000000','admin','admin',''),('5827d4f5-88f3-4272-96bd-ae19346cc791','c4b264c7-73db-4189-85ee-6f72d8fab8fc','0','Total','22','number','a52c4775-308c-4d4c-b1ac-7894dac55a1d',0,0,'2025-08-12 11:50:24.000000','2025-08-12 11:50:24.000000','admin','admin',''),('58b2c11e-7b39-4349-9c6d-a9206ab668ac','a989196f-6a7b-4ac3-8144-a6e196087271','0','Bill No#','1','number','a52c4775-308c-4d4c-b1ac-7894dac55a1d',0,0,'2025-08-13 14:47:43.000000','2025-08-13 14:47:43.000000','admin','admin',''),('58f22a67-fbd6-47c9-9441-17ac70fd158b','d580b963-ca71-4b62-bfb1-73d8e7f7baa0','0','Invoice Amount','3','number','a52c4775-308c-4d4c-b1ac-7894dac55a1d',0,0,'2025-08-12 16:36:25.000000','2025-08-12 16:42:19.000000','admin','admin',''),('5a670b12-1a68-48aa-8b5a-d7fb923db2ff','191bdb96-2f59-4dd2-ae9a-5e8aa2075fb6','0','Item name','7','text','a52c4775-308c-4d4c-b1ac-7894dac55a1d',0,0,'2025-08-12 12:48:55.000000','2025-08-12 12:48:55.000000','admin','admin',''),('5ba176fc-d39e-4dae-8b09-e719226a408f','c4b264c7-73db-4189-85ee-6f72d8fab8fc','0','Due Term','3','dropdown','a52c4775-308c-4d4c-b1ac-7894dac55a1d',0,0,'2025-08-12 11:42:56.000000','2025-08-12 11:42:56.000000','admin','admin',''),('5ba6af6b-d5c1-4fbb-baae-84d11bcc80e4','edee2a02-298d-4da1-a0ce-6c28711b3f91','0','	Serial','6','number','a52c4775-308c-4d4c-b1ac-7894dac55a1d',0,0,'2025-08-12 16:50:49.000000','2025-08-12 16:50:49.000000','admin','admin',''),('5c2f1e43-a86d-402f-a4cf-c9336e5a934c','c4b264c7-73db-4189-85ee-6f72d8fab8fc','0','Second Number','10','number','a52c4775-308c-4d4c-b1ac-7894dac55a1d',0,0,'2025-08-12 11:46:42.000000','2025-08-12 11:52:17.000000','admin','admin',''),('5c9eb628-a8e9-4588-bbf0-2eadebd1a16b','e93e00f2-7bf3-4086-9f21-136407c13ef1','0','Base Currency Set','3','dropdown','a52c4775-308c-4d4c-b1ac-7894dac55a1d',0,1,'2025-08-06 13:18:03.000000','2025-08-06 13:18:03.000000','admin','admin','All'),('5cc3fb71-b0e2-4de6-8e52-da0e65908de5','eebc0ad6-3c6e-4add-87c5-45b0c4229121','0','Payment Mode','16','dropdown','a52c4775-308c-4d4c-b1ac-7894dac55a1d',0,1,'2025-08-07 13:22:08.000000','2025-08-07 14:37:03.000000','admin','admin','All'),('5d0df1f6-d14c-4b4f-a88c-69028429b670','ff7b4a10-5ca1-41ec-be36-90289dd8df32','0','Bill referance','5','dropdown','a52c4775-308c-4d4c-b1ac-7894dac55a1d',0,0,'2025-08-13 16:56:27.000000','2025-08-13 17:02:20.000000','admin','admin',''),('5d440448-78f2-4e58-980c-fc0293caca72','191bdb96-2f59-4dd2-ae9a-5e8aa2075fb6','0','Invoice#','4','number','a52c4775-308c-4d4c-b1ac-7894dac55a1d',0,0,'2025-08-12 12:47:12.000000','2025-08-12 15:30:15.000000','admin','admin',''),('5e35f772-33de-4145-81a5-0fff504c443e','8cc35be4-3624-4114-9dbc-b3411b6ee26d','0','Auditor Name','1','text','a52c4775-308c-4d4c-b1ac-7894dac55a1d',0,0,'2025-08-11 13:10:57.000000','2025-08-11 13:10:57.000000','admin','admin',''),('5e3ec5ef-8c25-49da-9cf2-e53080a79ece','14e384db-1135-4d49-abc7-6245958090a5','0','Serial','1','number','a52c4775-308c-4d4c-b1ac-7894dac55a1d',0,0,'2025-08-13 16:51:49.000000','2025-08-13 16:51:49.000000','admin','admin',''),('5eb3e459-2097-403e-8411-ca2505117526','191bdb96-2f59-4dd2-ae9a-5e8aa2075fb6','0','Received by','17','dropdown','a52c4775-308c-4d4c-b1ac-7894dac55a1d',0,0,'2025-08-12 12:52:44.000000','2025-08-12 13:02:18.000000','admin','admin',''),('6073dc9a-66cb-4f73-9578-d0db9886feeb','867559ad-0653-4165-aa8a-ca4363d71913','0','Branch','18','dropdown','a52c4775-308c-4d4c-b1ac-7894dac55a1d',0,0,'2025-08-12 15:13:36.000000','2025-08-12 15:13:36.000000','admin','admin',''),('6164fce8-3db3-4a71-9247-6940eccc9a78','c4b264c7-73db-4189-85ee-6f72d8fab8fc','0','Terms','26','text','a52c4775-308c-4d4c-b1ac-7894dac55a1d',0,0,'2025-08-12 11:53:26.000000','2025-08-12 11:53:37.000000','admin','admin',''),('6401a587-dcb8-484a-82bd-5007833506f7','76c17f9f-7f00-452c-bf64-3e5fba3435fa','0','Attach File','22','dropdown','a52c4775-308c-4d4c-b1ac-7894dac55a1d',0,0,'2025-08-13 15:12:32.000000','2025-08-13 15:12:32.000000','admin','admin',''),('6448dd51-9ac1-4baf-89ac-1d0048828e88','16207e60-f981-415a-a683-908229be87b2','0','	Serial','11','number','a52c4775-308c-4d4c-b1ac-7894dac55a1d',0,0,'2025-08-13 14:32:48.000000','2025-08-13 14:32:48.000000','admin','admin',''),('6590adcc-3cd9-45e8-9ff0-5ab9369d171f','191bdb96-2f59-4dd2-ae9a-5e8aa2075fb6','0','Bank Name','18','dropdown','a52c4775-308c-4d4c-b1ac-7894dac55a1d',0,0,'2025-08-12 12:54:23.000000','2025-08-12 12:54:23.000000','admin','admin',''),('6594a8f4-afc5-4790-9caa-1eeaea7b1e1b','edee2a02-298d-4da1-a0ce-6c28711b3f91','0','Adjustment','13','number','a52c4775-308c-4d4c-b1ac-7894dac55a1d',0,0,'2025-08-12 16:52:17.000000','2025-08-12 16:52:17.000000','admin','admin',''),('65f5356a-65ec-4f7f-89b3-c872bedb899e','ede3d41b-e4c6-43c7-82f0-5423292b1fdc','0','	Vendor Name','3','dropdown','a52c4775-308c-4d4c-b1ac-7894dac55a1d',0,0,'2025-08-13 15:34:58.000000','2025-08-13 15:34:58.000000','admin','admin',''),('6630ca59-4192-44c5-91e4-329fa7dac251','191bdb96-2f59-4dd2-ae9a-5e8aa2075fb6','0','Tax','11','number','a52c4775-308c-4d4c-b1ac-7894dac55a1d',0,0,'2025-08-12 12:49:27.000000','2025-08-12 12:49:27.000000','admin','admin',''),('6637843b-c809-4134-bf1f-c37af77c21c7','191bdb96-2f59-4dd2-ae9a-5e8aa2075fb6','0','Deposit to','16','dropdown','a52c4775-308c-4d4c-b1ac-7894dac55a1d',0,0,'2025-08-12 12:52:30.000000','2025-08-12 12:52:37.000000','admin','admin',''),('66ccf8e7-57fc-44b0-b378-51c02ecba761','867559ad-0653-4165-aa8a-ca4363d71913','0','Instrument No.','19','number','a52c4775-308c-4d4c-b1ac-7894dac55a1d',0,0,'2025-08-12 15:13:45.000000','2025-08-12 15:13:45.000000','admin','admin',''),('6826df09-22a5-4d1d-943a-67f7e0c7152a','191bdb96-2f59-4dd2-ae9a-5e8aa2075fb6','0','	Branch','19','dropdown','a52c4775-308c-4d4c-b1ac-7894dac55a1d',0,0,'2025-08-12 12:54:30.000000','2025-08-12 12:54:30.000000','admin','admin',''),('6a3ffc89-a1d2-4fad-88b1-600d0ad4df6d','d6991222-bac4-4a49-95cb-4b58dcb0d759','0','Schedule For','2','dropdown','a52c4775-308c-4d4c-b1ac-7894dac55a1d',0,0,'2025-08-12 17:27:20.000000','2025-08-12 17:27:20.000000','admin','admin',''),('6a754b92-9926-485a-827a-23a99392b2ff','d6991222-bac4-4a49-95cb-4b58dcb0d759','0','Status','6','dropdown','a52c4775-308c-4d4c-b1ac-7894dac55a1d',0,0,'2025-08-12 17:28:39.000000','2025-08-12 17:28:39.000000','admin','admin',''),('6c10bbb3-65cf-4a57-8047-3852ebbfc08a','a323c849-587c-4939-986e-ac274ee2aaef','0','Company Code','1','number','a52c4775-308c-4d4c-b1ac-7894dac55a1d',0,1,'2025-08-06 13:35:06.000000','2025-08-06 13:35:06.000000','admin','admin','All'),('6d4423c1-5da1-430d-9fc7-36e721a808af','ff7b4a10-5ca1-41ec-be36-90289dd8df32','0','	Tags','15','dropdown','a52c4775-308c-4d4c-b1ac-7894dac55a1d',0,0,'2025-08-13 16:57:55.000000','2025-08-13 16:57:55.000000','admin','admin',''),('6d9bcd10-459b-47c6-84aa-a2278883befd','b7ec9557-0506-4ba5-9e7c-a7740b2aa877','0','A/C Name','1','text','a52c4775-308c-4d4c-b1ac-7894dac55a1d',0,0,'2025-08-13 17:55:58.000000','2025-08-14 13:45:38.000000','admin','admin',''),('6de73f23-2ceb-4afe-8006-c5938da11452','8cc35be4-3624-4114-9dbc-b3411b6ee26d','0','Status','5','dropdown','a52c4775-308c-4d4c-b1ac-7894dac55a1d',0,0,'2025-08-11 13:11:35.000000','2025-08-11 13:11:35.000000','admin','admin',''),('6dfe1fe3-4fa6-4486-a793-f3edd132d14a','14e384db-1135-4d49-abc7-6245958090a5','0','	Next Bill Date','5','date','a52c4775-308c-4d4c-b1ac-7894dac55a1d',0,0,'2025-08-13 16:52:45.000000','2025-08-13 16:52:45.000000','admin','admin',''),('6e0d0eac-ba07-4b09-8150-e56b2422fe4b','b7ec9557-0506-4ba5-9e7c-a7740b2aa877','0','A/C Provider','3','dropdown','a52c4775-308c-4d4c-b1ac-7894dac55a1d',0,0,'2025-08-13 17:56:34.000000','2025-08-13 17:56:34.000000','admin','admin',''),('6e231cd7-acc1-43d0-80b3-30db5a4ac7eb','191bdb96-2f59-4dd2-ae9a-5e8aa2075fb6','0','Adjustment','13','number','a52c4775-308c-4d4c-b1ac-7894dac55a1d',0,0,'2025-08-12 12:51:12.000000','2025-08-12 12:51:12.000000','admin','admin',''),('70334e3a-7b62-4283-9b97-075c47e1e874','a323c849-587c-4939-986e-ac274ee2aaef','0','	Reporting','9','dropdown','a52c4775-308c-4d4c-b1ac-7894dac55a1d',0,1,'2025-08-06 13:40:29.000000','2025-08-06 13:49:23.000000','admin','admin','All'),('70867438-d8f5-4cc6-bb55-5d7a244539d6','1c02efec-cc33-4a24-a76f-07ac6b21e208','0','Vendor Credit#','1','number','a52c4775-308c-4d4c-b1ac-7894dac55a1d',0,0,'2025-08-13 17:29:09.000000','2025-08-13 17:29:09.000000','admin','admin',''),('709625ce-8567-4e4c-9073-20f4412d0258','68a56585-1403-4f57-ba8b-a1f83b68eb71','0','Receive Mode','5','text','a52c4775-308c-4d4c-b1ac-7894dac55a1d',0,0,'2025-08-12 14:57:24.000000','2025-08-12 14:57:24.000000','admin','admin',''),('714f0e75-b257-4ad6-9ea9-b60bd3392985','5cb5187b-a92e-4540-930d-3be3ca46668a','0','Account Type','3','dropdown','a52c4775-308c-4d4c-b1ac-7894dac55a1d',0,1,'2025-08-06 14:12:32.000000','2025-08-06 14:12:32.000000','admin','admin','All'),('71da7879-ff6a-4e7b-9e23-3e16de1a4967','edee2a02-298d-4da1-a0ce-6c28711b3f91','0','Unit Price','10','number','a52c4775-308c-4d4c-b1ac-7894dac55a1d',0,0,'2025-08-12 16:51:39.000000','2025-08-12 16:51:39.000000','admin','admin',''),('721cb026-1160-46bf-86a7-f21f4a06dfbe','eebc0ad6-3c6e-4add-87c5-45b0c4229121','0','Withdrawn By','10','dropdown','a52c4775-308c-4d4c-b1ac-7894dac55a1d',0,0,'2025-08-06 16:34:17.000000','2025-08-07 14:36:30.000000','admin','admin','All'),('72e18359-557a-4b38-9b27-3296193e7dea','c4b264c7-73db-4189-85ee-6f72d8fab8fc','0','Discount','18','number','a52c4775-308c-4d4c-b1ac-7894dac55a1d',0,0,'2025-08-12 11:48:59.000000','2025-08-12 11:49:07.000000','admin','admin',''),('75f23062-dc83-437f-ad4c-f2dfc58945b1','ff7b4a10-5ca1-41ec-be36-90289dd8df32','0','	Quantity','8','number','a52c4775-308c-4d4c-b1ac-7894dac55a1d',0,0,'2025-08-13 16:57:07.000000','2025-08-13 16:57:07.000000','admin','admin',''),('760d6160-d5fd-43c0-bb44-ab5060d899ea','191bdb96-2f59-4dd2-ae9a-5e8aa2075fb6','0','Receipt Date','2','date','a52c4775-308c-4d4c-b1ac-7894dac55a1d',0,0,'2025-08-12 12:46:57.000000','2025-08-12 12:46:57.000000','admin','admin',''),('78eabd2a-893d-41b7-9e21-b516d27e8453','ede3d41b-e4c6-43c7-82f0-5423292b1fdc','0','	Instrument No.','19','dropdown','a52c4775-308c-4d4c-b1ac-7894dac55a1d',0,0,'2025-08-13 15:46:01.000000','2025-08-13 15:46:01.000000','admin','admin',''),('7929c33a-ef16-44b7-9591-3ff7ae04eda4','ede3d41b-e4c6-43c7-82f0-5423292b1fdc','0','	Unit Price','9','number','a52c4775-308c-4d4c-b1ac-7894dac55a1d',0,0,'2025-08-13 15:36:46.000000','2025-08-13 15:36:46.000000','admin','admin',''),('79634e7a-aa62-47ff-bb54-7d90b23a32ea','edee2a02-298d-4da1-a0ce-6c28711b3f91','0','Customer Address','5','text','a52c4775-308c-4d4c-b1ac-7894dac55a1d',0,0,'2025-08-13 17:00:50.000000','2025-08-13 17:02:59.000000','admin','admin',''),('7979e5c1-93f2-4543-9692-1cf289f2b037','5b4d27ea-bcc5-4e60-bf6d-d09abc86ff00','0','Test-Field-1','1','text','a52c4775-308c-4d4c-b1ac-7894dac55a1d',0,1,'2025-08-03 15:39:49.000000','2025-08-03 15:40:14.000000','admin','admin','All'),('79e6134f-2d56-4478-84ab-9bcb575dadf3','61ddbc58-8b74-4b7a-8d55-06b9b629250c','0','Assign Currency','6','dropdown','a52c4775-308c-4d4c-b1ac-7894dac55a1d',0,0,'2025-08-06 15:50:16.000000','2025-08-06 15:50:16.000000','admin','admin','All'),('7ac374d7-9e59-4661-a475-9f16a6b0608a','996f270f-5858-4553-9470-3dddadedc890','0','Company Code','3','number','a52c4775-308c-4d4c-b1ac-7894dac55a1d',0,1,'2025-07-28 15:21:33.000000','2025-07-30 17:58:25.000000','admin','admin','All'),('7acc5c61-b80f-4ded-9f2b-84159c125448','c4b264c7-73db-4189-85ee-6f72d8fab8fc','0','Sub Total','20','number','a52c4775-308c-4d4c-b1ac-7894dac55a1d',0,0,'2025-08-12 11:49:39.000000','2025-08-12 11:50:02.000000','admin','admin',''),('7bec6530-9796-4892-8169-5bbf18e71f51','14e384db-1135-4d49-abc7-6245958090a5','0','Bill Amount','3','number','a52c4775-308c-4d4c-b1ac-7894dac55a1d',0,0,'2025-08-13 16:52:23.000000','2025-08-13 16:52:23.000000','admin','admin',''),('7d011ea1-a060-4387-91c2-9b41ee811fc4','ede3d41b-e4c6-43c7-82f0-5423292b1fdc','0','	Bill No#','4','number','a52c4775-308c-4d4c-b1ac-7894dac55a1d',0,0,'2025-08-13 15:35:14.000000','2025-08-13 15:35:20.000000','admin','admin',''),('7de9281a-87af-4912-a8c1-8ad6da590917','eebc0ad6-3c6e-4add-87c5-45b0c4229121','0','Received In','15','dropdown','a52c4775-308c-4d4c-b1ac-7894dac55a1d',0,1,'2025-08-07 13:21:15.000000','2025-08-07 14:36:58.000000','admin','admin','All'),('7e03cf80-8a4f-40c1-a549-17f7f595d125','16207e60-f981-415a-a683-908229be87b2','0','Bill Date','2','date','a52c4775-308c-4d4c-b1ac-7894dac55a1d',0,0,'2025-08-13 12:38:08.000000','2025-08-13 12:38:08.000000','admin','admin',''),('7e49a13b-c4ab-4b8a-b3d7-d52a1188d917','16207e60-f981-415a-a683-908229be87b2','0','	Discount','17','number','a52c4775-308c-4d4c-b1ac-7894dac55a1d',0,0,'2025-08-13 14:34:06.000000','2025-08-13 14:34:06.000000','admin','admin',''),('7ee946a8-0e76-4230-8f37-4993eecd8f9e','996f270f-5858-4553-9470-3dddadedc890','0','Company Name','1','text','a52c4775-308c-4d4c-b1ac-7894dac55a1d',0,1,'2025-07-28 14:14:05.000000','2025-07-31 16:06:46.000000','admin','admin','All'),('7fd08e2f-bf35-4e81-b970-ecb7b4d99a91','76c17f9f-7f00-452c-bf64-3e5fba3435fa','0','Total','13','number','a52c4775-308c-4d4c-b1ac-7894dac55a1d',0,0,'2025-08-13 15:09:26.000000','2025-08-13 15:09:26.000000','admin','admin',''),('811d5ba2-4155-4d27-9e7e-5fa61a27b22a','16207e60-f981-415a-a683-908229be87b2','0','Bill No#','1','number','a52c4775-308c-4d4c-b1ac-7894dac55a1d',0,0,'2025-08-13 12:37:38.000000','2025-08-13 12:37:38.000000','admin','admin',''),('81bb999b-c478-4f01-ae82-8347a821154d','ff7b4a10-5ca1-41ec-be36-90289dd8df32','0','Sub Total','11','number','a52c4775-308c-4d4c-b1ac-7894dac55a1d',0,0,'2025-08-13 16:57:25.000000','2025-08-13 16:57:25.000000','admin','admin',''),('83e02d4f-d552-4e8c-8be3-e293cc4a91aa','76c17f9f-7f00-452c-bf64-3e5fba3435fa','0','	Instrument Date','20','date','a52c4775-308c-4d4c-b1ac-7894dac55a1d',0,0,'2025-08-13 15:11:38.000000','2025-08-13 15:11:38.000000','admin','admin',''),('85084775-29a9-4f92-b431-df234ac40235','996f270f-5858-4553-9470-3dddadedc890','0','Link Company','5','dropdown','a52c4775-308c-4d4c-b1ac-7894dac55a1d',1,0,'2025-07-31 19:28:34.000000','2025-07-31 19:28:34.000000','admin','admin','All'),('850df8d5-6aa2-4111-be88-9305393abd19','5cb5187b-a92e-4540-930d-3be3ca46668a','0','Actions','7','boolean','a52c4775-308c-4d4c-b1ac-7894dac55a1d',0,0,'2025-08-06 14:13:44.000000','2025-08-06 14:13:44.000000','admin','admin','All'),('852165b2-b0e4-4f40-aeff-db8d544a11c0','cfc0e06e-c8f8-4da7-bfb0-4301d1f1f195','0','Paid Amount','4','number','a52c4775-308c-4d4c-b1ac-7894dac55a1d',0,0,'2025-08-13 15:30:56.000000','2025-08-13 15:30:56.000000','admin','admin',''),('85aa65cc-8970-4931-b8ff-7960c5e62349','191bdb96-2f59-4dd2-ae9a-5e8aa2075fb6','0','Attach File','23','dropdown','a52c4775-308c-4d4c-b1ac-7894dac55a1d',0,0,'2025-08-12 12:55:29.000000','2025-08-12 12:56:14.000000','admin','admin',''),('85f86ad6-b3c3-4b5d-ba73-0e96b5855a96','ede3d41b-e4c6-43c7-82f0-5423292b1fdc','0','	Payment Mode','14','dropdown','a52c4775-308c-4d4c-b1ac-7894dac55a1d',0,0,'2025-08-13 15:45:00.000000','2025-08-13 15:45:00.000000','admin','admin',''),('85fd22c7-79ad-4ede-80c2-95bd2d46dc35','76c17f9f-7f00-452c-bf64-3e5fba3435fa','0','Vendor Name','3','dropdown','a52c4775-308c-4d4c-b1ac-7894dac55a1d',0,0,'2025-08-13 15:04:56.000000','2025-08-13 15:04:56.000000','admin','admin',''),('86bb3f3f-1020-46e4-8d1e-0252c614f75c','996f270f-5858-4553-9470-3dddadedc890','0','Company Type','4','dropdown','a52c4775-308c-4d4c-b1ac-7894dac55a1d',0,1,'2025-07-30 17:58:44.000000','2025-07-30 18:03:37.000000','admin','admin','All'),('86e49f06-18dc-405d-8067-89eb19b4500e','d580b963-ca71-4b62-bfb1-73d8e7f7baa0','0','Recurring Rule','4','dropdown','a52c4775-308c-4d4c-b1ac-7894dac55a1d',0,0,'2025-08-12 16:36:44.000000','2025-08-12 16:42:15.000000','admin','admin',''),('877d9317-fb42-432e-a3e8-0da7f9c31a27','a323c849-587c-4939-986e-ac274ee2aaef','0','Link Company','4','dropdown','a52c4775-308c-4d4c-b1ac-7894dac55a1d',0,1,'2025-08-06 13:36:27.000000','2025-08-06 13:43:04.000000','admin','admin','All'),('88348f2a-4d44-4d0f-8693-e44f87df202e','191bdb96-2f59-4dd2-ae9a-5e8aa2075fb6','0','Quantity','9','number','a52c4775-308c-4d4c-b1ac-7894dac55a1d',0,0,'2025-08-12 12:49:12.000000','2025-08-12 12:49:12.000000','admin','admin',''),('88581952-2678-4574-8550-e05701375dba','867559ad-0653-4165-aa8a-ca4363d71913','0','Total','13','number','a52c4775-308c-4d4c-b1ac-7894dac55a1d',0,0,'2025-08-12 15:12:42.000000','2025-08-12 15:12:42.000000','admin','admin',''),('8903b862-896e-44c8-ae08-49fcb73e883f','ede3d41b-e4c6-43c7-82f0-5423292b1fdc','0','Quantity','8','number','a52c4775-308c-4d4c-b1ac-7894dac55a1d',0,0,'2025-08-13 15:36:38.000000','2025-08-13 15:36:38.000000','admin','admin',''),('8982e01d-26b1-4ff7-8f65-6b322584be21','16207e60-f981-415a-a683-908229be87b2','0','	Attach File','25','dropdown','a52c4775-308c-4d4c-b1ac-7894dac55a1d',0,0,'2025-08-13 14:37:41.000000','2025-08-13 14:37:41.000000','admin','admin',''),('8a621d9f-deed-49ef-9b8c-475fb383face','ffc8051e-bd1f-4120-a303-0edd80b59253','0','	Receive Amount','4','number','a52c4775-308c-4d4c-b1ac-7894dac55a1d',0,0,'2025-08-12 15:49:55.000000','2025-08-12 15:49:55.000000','admin','admin',''),('8b3e8c62-c1b3-4874-98e4-89e2c53f31af','c4b264c7-73db-4189-85ee-6f72d8fab8fc','0','Recurring Date','33','date','a52c4775-308c-4d4c-b1ac-7894dac55a1d',0,0,'2025-08-13 14:39:29.000000','2025-08-13 14:39:29.000000','admin','admin',''),('8b4b4deb-52b5-4b60-b10c-c0835b1b0562','edee2a02-298d-4da1-a0ce-6c28711b3f91','0','Item name','7','text','a52c4775-308c-4d4c-b1ac-7894dac55a1d',0,0,'2025-08-12 16:50:57.000000','2025-08-12 16:50:57.000000','admin','admin',''),('8b9ee6ae-0f3e-4225-a23b-b0463ce4e926','7f662fcb-a07f-4c56-892a-78c749557130','0','Invoice date','2','date','a52c4775-308c-4d4c-b1ac-7894dac55a1d',0,0,'2025-08-12 12:09:15.000000','2025-08-12 12:09:15.000000','admin','admin',''),('8c2d322f-dee4-4b29-a4bc-edfb51ae04d3','ff7b4a10-5ca1-41ec-be36-90289dd8df32','0','Vendor Credit#','1','number','a52c4775-308c-4d4c-b1ac-7894dac55a1d',0,0,'2025-08-13 16:55:51.000000','2025-08-13 16:55:51.000000','admin','admin',''),('8d38d311-1f1d-468e-b88b-49f41e5cd7cc','edee2a02-298d-4da1-a0ce-6c28711b3f91','0','	Salesperson','6','dropdown','a52c4775-308c-4d4c-b1ac-7894dac55a1d',0,0,'2025-08-12 16:50:03.000000','2025-08-13 17:02:54.000000','admin','admin',''),('8eb7d7f4-fcbf-4d15-ac7d-8bbcc4717422','61ddbc58-8b74-4b7a-8d55-06b9b629250c','0','Tags','8','dropdown','a52c4775-308c-4d4c-b1ac-7894dac55a1d',0,0,'2025-08-06 15:50:52.000000','2025-08-06 15:50:52.000000','admin','admin','All'),('8f133b8d-d470-44d9-84b6-3959ad05ee3b','76c17f9f-7f00-452c-bf64-3e5fba3435fa','0','Clearing Date','21','date','a52c4775-308c-4d4c-b1ac-7894dac55a1d',0,0,'2025-08-13 15:12:15.000000','2025-08-13 15:12:15.000000','admin','admin',''),('8fdedf30-7d37-47e3-9708-bbc125e6f79c','485e64be-11ec-45ea-81cf-fafc515838ff','0','Customer Name','3','dropdown','a52c4775-308c-4d4c-b1ac-7894dac55a1d',0,0,'2025-08-12 17:14:24.000000','2025-08-12 17:14:24.000000','admin','admin',''),('91a48a50-d294-4ab7-a085-c855a6695706','191bdb96-2f59-4dd2-ae9a-5e8aa2075fb6','0','Unit Price','10','number','a52c4775-308c-4d4c-b1ac-7894dac55a1d',0,0,'2025-08-12 12:49:20.000000','2025-08-12 12:49:20.000000','admin','admin',''),('922d46ba-9756-4797-bb09-3d0a463251d7','ffc8051e-bd1f-4120-a303-0edd80b59253','0','Payment Receipt#','1','number','a52c4775-308c-4d4c-b1ac-7894dac55a1d',0,0,'2025-08-12 15:49:25.000000','2025-08-12 15:49:25.000000','admin','admin',''),('935c99ac-4347-4d77-a5cd-4fa4d6798d35','16207e60-f981-415a-a683-908229be87b2','0','PO Ref.','6','number','a52c4775-308c-4d4c-b1ac-7894dac55a1d',0,0,'2025-08-13 12:41:49.000000','2025-08-13 12:41:49.000000','admin','admin',''),('94506f4a-31db-4bc0-aef5-42b610b79dce','ff7b4a10-5ca1-41ec-be36-90289dd8df32','0','	Total','13','number','a52c4775-308c-4d4c-b1ac-7894dac55a1d',0,0,'2025-08-13 16:57:37.000000','2025-08-13 16:57:37.000000','admin','admin',''),('9652b724-1e5e-4a42-9455-021d07d2b32f','c4b264c7-73db-4189-85ee-6f72d8fab8fc','0','Item Details','14','text','a52c4775-308c-4d4c-b1ac-7894dac55a1d',0,0,'2025-08-12 11:47:51.000000','2025-08-12 11:47:51.000000','admin','admin',''),('96535fff-4bc5-4a49-9df3-064fb885fad3','ede3d41b-e4c6-43c7-82f0-5423292b1fdc','0','Expense No#','1','number','a52c4775-308c-4d4c-b1ac-7894dac55a1d',0,0,'2025-08-13 15:34:30.000000','2025-08-13 15:34:30.000000','admin','admin',''),('9764d9c2-546c-4923-b680-5bb7f023ff93','edee2a02-298d-4da1-a0ce-6c28711b3f91','0','	Customer Name','3','dropdown','a52c4775-308c-4d4c-b1ac-7894dac55a1d',0,0,'2025-08-12 16:49:43.000000','2025-08-12 16:49:43.000000','admin','admin',''),('9884892c-f593-45c9-b657-18ef318648db','edee2a02-298d-4da1-a0ce-6c28711b3f91','0','	Invoice referance','4','dropdown','a52c4775-308c-4d4c-b1ac-7894dac55a1d',0,0,'2025-08-12 16:49:52.000000','2025-08-12 16:49:52.000000','admin','admin',''),('99124265-f066-435b-bd65-7478ceba2f3c','867559ad-0653-4165-aa8a-ca4363d71913','0','	Adjustment','12','number','a52c4775-308c-4d4c-b1ac-7894dac55a1d',0,0,'2025-08-12 15:12:26.000000','2025-08-12 15:12:26.000000','admin','admin',''),('9bd430cf-54b7-4dd4-9c58-34d753395e1e','16207e60-f981-415a-a683-908229be87b2','0','Contact Number','8','number','a52c4775-308c-4d4c-b1ac-7894dac55a1d',0,0,'2025-08-13 12:45:40.000000','2025-08-13 12:45:40.000000','admin','admin',''),('9d350971-0176-4fcc-b518-2526b9eeb200','9994f272-6709-4608-9fa2-b1f61f4049c4','0','Symbol','2','text','a52c4775-308c-4d4c-b1ac-7894dac55a1d',0,0,'2025-08-06 13:11:09.000000','2025-08-06 13:11:09.000000','admin','admin','All'),('9d6e8709-5b4d-419f-bc05-b639b758a7a7','5cb5187b-a92e-4540-930d-3be3ca46668a','0','Account Name','2','text','a52c4775-308c-4d4c-b1ac-7894dac55a1d',0,1,'2025-08-06 14:11:26.000000','2025-08-06 14:11:26.000000','admin','admin','All'),('9de09514-037f-4b86-a1af-137e4e2bae25','eebc0ad6-3c6e-4add-87c5-45b0c4229121','0','Deposit To','12','dropdown','a52c4775-308c-4d4c-b1ac-7894dac55a1d',0,0,'2025-08-06 16:34:38.000000','2025-08-07 14:36:40.000000','admin','admin','All'),('9e6379e0-a134-4c92-adc1-ec2140e2a9c9','8cc35be4-3624-4114-9dbc-b3411b6ee26d','0','Organization','2','text','a52c4775-308c-4d4c-b1ac-7894dac55a1d',0,0,'2025-08-11 13:11:04.000000','2025-08-11 13:11:04.000000','admin','admin',''),('9e7610b7-5b57-4f1a-912f-ac76651926a3','c4b264c7-73db-4189-85ee-6f72d8fab8fc','0','Other Charges','19','number','a52c4775-308c-4d4c-b1ac-7894dac55a1d',0,0,'2025-08-12 11:48:46.000000','2025-08-12 11:49:31.000000','admin','admin',''),('9f964bde-8be1-48b5-8c33-412206f6fb60','ede3d41b-e4c6-43c7-82f0-5423292b1fdc','0','	Branch','18','dropdown','a52c4775-308c-4d4c-b1ac-7894dac55a1d',0,0,'2025-08-13 15:45:51.000000','2025-08-13 15:45:51.000000','admin','admin',''),('a00f7212-3f11-4b5c-8294-ddb54c8cac2e','867559ad-0653-4165-aa8a-ca4363d71913','0','Sub Total','11','number','a52c4775-308c-4d4c-b1ac-7894dac55a1d',0,0,'2025-08-12 15:12:18.000000','2025-08-12 15:12:18.000000','admin','admin',''),('a0b211c8-1cfc-4a22-9417-113c408c60d2','867559ad-0653-4165-aa8a-ca4363d71913','0','Payment Receipt#','1','number','a52c4775-308c-4d4c-b1ac-7894dac55a1d',0,0,'2025-08-12 15:10:21.000000','2025-08-12 15:10:21.000000','admin','admin',''),('a1f9a9f3-fe19-4136-80ac-577cbcb44b53','ede3d41b-e4c6-43c7-82f0-5423292b1fdc','0','Sub Total','11','number','a52c4775-308c-4d4c-b1ac-7894dac55a1d',0,0,'2025-08-13 15:37:01.000000','2025-08-13 15:37:01.000000','admin','admin',''),('a24c7091-f53e-4572-9146-c3be1fb72864','7b5259f5-7ae8-4846-bc6d-ded8eb60504d','0','	Expense Date','2','date','a52c4775-308c-4d4c-b1ac-7894dac55a1d',0,0,'2025-08-13 16:48:08.000000','2025-08-13 16:48:08.000000','admin','admin',''),('a31657a6-dc3d-4ba4-a3c3-40b7b8b3fe5c','76c17f9f-7f00-452c-bf64-3e5fba3435fa','0','Adjustment','12','number','a52c4775-308c-4d4c-b1ac-7894dac55a1d',0,0,'2025-08-13 15:09:20.000000','2025-08-13 15:09:20.000000','admin','admin',''),('a3c38171-214e-4588-9823-146c74396434','eebc0ad6-3c6e-4add-87c5-45b0c4229121','0','Received By','7','dropdown','a52c4775-308c-4d4c-b1ac-7894dac55a1d',0,1,'2025-08-06 16:32:35.000000','2025-08-07 14:36:12.000000','admin','admin','All'),('a43180eb-286b-4107-9d52-050f94548bdd','eebc0ad6-3c6e-4add-87c5-45b0c4229121','0','Voucher Type','1','dropdown','a52c4775-308c-4d4c-b1ac-7894dac55a1d',0,1,'2025-08-06 16:29:59.000000','2025-08-07 14:35:28.000000','admin','admin','All'),('a5161020-2c0f-46ef-bf09-930555f77c3e','c4b264c7-73db-4189-85ee-6f72d8fab8fc','0','Due Date','4','date','a52c4775-308c-4d4c-b1ac-7894dac55a1d',0,0,'2025-08-12 11:43:05.000000','2025-08-12 11:43:05.000000','admin','admin',''),('a572b527-f6ba-4baa-88da-d04e6e39ecfc','eebc0ad6-3c6e-4add-87c5-45b0c4229121','0','Instrument No.','22','number','a52c4775-308c-4d4c-b1ac-7894dac55a1d',0,1,'2025-08-07 13:24:41.000000','2025-08-07 14:37:38.000000','admin','admin','All'),('a59df0a9-1ba6-4cbd-a044-5a719188e622','8cc35be4-3624-4114-9dbc-b3411b6ee26d','0','Appoint for','3','dropdown','a52c4775-308c-4d4c-b1ac-7894dac55a1d',0,0,'2025-08-11 13:11:12.000000','2025-08-11 13:11:12.000000','admin','admin',''),('a719e2c8-7ffc-4cd4-807b-93ea39575fc8','edee2a02-298d-4da1-a0ce-6c28711b3f91','0','Tax','11','number','a52c4775-308c-4d4c-b1ac-7894dac55a1d',0,0,'2025-08-12 16:51:46.000000','2025-08-12 16:51:46.000000','admin','admin',''),('a775909a-cdf4-49d6-a759-7ddf57b260e8','76c17f9f-7f00-452c-bf64-3e5fba3435fa','0','Bank Name','17','dropdown','a52c4775-308c-4d4c-b1ac-7894dac55a1d',0,0,'2025-08-13 15:10:51.000000','2025-08-13 15:10:51.000000','admin','admin',''),('a7977807-f637-4aae-9327-b849a789a832','16207e60-f981-415a-a683-908229be87b2','0','Item name','12','dropdown','a52c4775-308c-4d4c-b1ac-7894dac55a1d',0,0,'2025-08-13 14:33:06.000000','2025-08-13 14:33:06.000000','admin','admin',''),('a8329308-4d87-43f9-a409-f00a9b452313','cfc0e06e-c8f8-4da7-bfb0-4301d1f1f195','0','Payment Mode','5','text','a52c4775-308c-4d4c-b1ac-7894dac55a1d',0,0,'2025-08-13 15:31:11.000000','2025-08-13 15:31:11.000000','admin','admin',''),('a83a92e4-da49-49de-b34b-bef1add8f944','1912e526-4d84-4e94-a397-4a617e3c4bed','0','Auditor Name','1','text','a52c4775-308c-4d4c-b1ac-7894dac55a1d',0,0,'2025-08-11 13:13:42.000000','2025-08-11 13:13:42.000000','admin','admin',''),('a9ecbe37-bf25-4ee6-bb32-950f2a74d2fc','191bdb96-2f59-4dd2-ae9a-5e8aa2075fb6','0','Item Details','8','text','a52c4775-308c-4d4c-b1ac-7894dac55a1d',0,0,'2025-08-12 12:49:02.000000','2025-08-12 12:49:02.000000','admin','admin',''),('aaba267f-1a15-49dc-9b26-77e399f9f137','b7ec9557-0506-4ba5-9e7c-a7740b2aa877','0','Balance','7','number','a52c4775-308c-4d4c-b1ac-7894dac55a1d',0,0,'2025-08-13 17:57:12.000000','2025-08-14 13:47:09.000000','admin','admin',''),('aae05156-5042-41af-a756-972d17f0affa','16207e60-f981-415a-a683-908229be87b2','0','	Unit Price','15','number','a52c4775-308c-4d4c-b1ac-7894dac55a1d',0,0,'2025-08-13 14:33:41.000000','2025-08-13 14:33:41.000000','admin','admin',''),('abdf2a8b-d08c-4d76-a1e3-2d0ac6768276','ede3d41b-e4c6-43c7-82f0-5423292b1fdc','0','Bank Name','17','dropdown','a52c4775-308c-4d4c-b1ac-7894dac55a1d',0,0,'2025-08-13 15:45:35.000000','2025-08-13 15:45:35.000000','admin','admin',''),('ac6b5d6d-4cfc-4f54-a6d9-534b8b9aa283','c4b264c7-73db-4189-85ee-6f72d8fab8fc','0','Quantity','15','number','a52c4775-308c-4d4c-b1ac-7894dac55a1d',0,0,'2025-08-12 11:48:02.000000','2025-08-12 11:48:02.000000','admin','admin',''),('ae0952d1-d1fd-4a0a-aec5-d81527e8dacb','76c17f9f-7f00-452c-bf64-3e5fba3435fa','0','Paid By','16','dropdown','a52c4775-308c-4d4c-b1ac-7894dac55a1d',0,0,'2025-08-13 15:10:32.000000','2025-08-13 15:10:32.000000','admin','admin',''),('ae4b4d6e-99d8-48d5-83b2-d96cf34834e4','ede3d41b-e4c6-43c7-82f0-5423292b1fdc','0','Expense Date','2','date','a52c4775-308c-4d4c-b1ac-7894dac55a1d',0,0,'2025-08-13 15:34:44.000000','2025-08-13 15:34:44.000000','admin','admin',''),('ae4c8859-8668-4aa2-8ed3-8e105d07708d','b7ec9557-0506-4ba5-9e7c-a7740b2aa877','0','Tags','8','dropdown','a52c4775-308c-4d4c-b1ac-7894dac55a1d',0,0,'2025-08-13 17:57:19.000000','2025-08-13 17:57:19.000000','admin','admin',''),('ae4eaee3-44e8-4ab2-b745-4f1a9adc7264','485e64be-11ec-45ea-81cf-fafc515838ff','0','Amount','4','number','a52c4775-308c-4d4c-b1ac-7894dac55a1d',0,0,'2025-08-12 17:14:37.000000','2025-08-12 17:14:37.000000','admin','admin',''),('af798f30-ae38-4332-8bd8-995c8c7fcc57','eebc0ad6-3c6e-4add-87c5-45b0c4229121','0','Withdrawn From','13','dropdown','a52c4775-308c-4d4c-b1ac-7894dac55a1d',0,0,'2025-08-06 16:34:55.000000','2025-08-07 14:36:45.000000','admin','admin','All'),('affdc719-e964-4225-9c9a-870158d47e5d','76c17f9f-7f00-452c-bf64-3e5fba3435fa','0','Unit Price','9','number','a52c4775-308c-4d4c-b1ac-7894dac55a1d',0,0,'2025-08-13 15:08:59.000000','2025-08-13 15:08:59.000000','admin','admin',''),('b072d78f-7e3c-47ba-9554-0158e072bf30','ff7b4a10-5ca1-41ec-be36-90289dd8df32','0','	Serial','5','number','a52c4775-308c-4d4c-b1ac-7894dac55a1d',0,0,'2025-08-13 16:56:42.000000','2025-08-13 16:56:42.000000','admin','admin',''),('b07cc119-2f98-4ad9-a9b6-3894fb94a619','76c17f9f-7f00-452c-bf64-3e5fba3435fa','0','	Special Notes','24','text','a52c4775-308c-4d4c-b1ac-7894dac55a1d',0,0,'2025-08-13 15:13:11.000000','2025-08-13 15:13:11.000000','admin','admin',''),('b0ba57f7-cb1b-4fe5-a5c2-7d6af2f7e8b4','ff7b4a10-5ca1-41ec-be36-90289dd8df32','0','Date','2','date','a52c4775-308c-4d4c-b1ac-7894dac55a1d',0,0,'2025-08-13 16:55:59.000000','2025-08-13 16:55:59.000000','admin','admin',''),('b102c571-86b9-4019-bb52-dad16d5b5bd7','5cb5187b-a92e-4540-930d-3be3ca46668a','0','Tags','8','dropdown','a52c4775-308c-4d4c-b1ac-7894dac55a1d',0,0,'2025-08-06 14:13:55.000000','2025-08-06 14:13:55.000000','admin','admin','All'),('b1a1b435-ccd3-4101-b070-b25a4e4ce66e','eebc0ad6-3c6e-4add-87c5-45b0c4229121','0','Instrument Date','23','date','a52c4775-308c-4d4c-b1ac-7894dac55a1d',0,0,'2025-08-07 13:24:59.000000','2025-08-07 14:37:45.000000','admin','admin','All'),('b1d8a9f6-5792-4cd0-a1d3-24322163a888','c4b264c7-73db-4189-85ee-6f72d8fab8fc','0','Invoice date','2','date','a52c4775-308c-4d4c-b1ac-7894dac55a1d',0,0,'2025-08-12 11:33:32.000000','2025-08-12 11:33:32.000000','admin','admin',''),('b21656e9-a3b2-4c7c-9032-e959b9425e02','d580b963-ca71-4b62-bfb1-73d8e7f7baa0','0','	Customer Name','2','dropdown','a52c4775-308c-4d4c-b1ac-7894dac55a1d',0,0,'2025-08-12 16:36:05.000000','2025-08-12 16:42:24.000000','admin','admin',''),('b30b73ce-ec10-4bde-a1cd-d73f4fe1136a','867559ad-0653-4165-aa8a-ca4363d71913','0','Receive Mode','14','dropdown','a52c4775-308c-4d4c-b1ac-7894dac55a1d',0,0,'2025-08-12 15:12:59.000000','2025-08-12 15:12:59.000000','admin','admin',''),('b407e90b-4a95-43a5-9a76-b1c1a4ea4ece','7b5259f5-7ae8-4846-bc6d-ded8eb60504d','0','	Vendor Name','3','text','a52c4775-308c-4d4c-b1ac-7894dac55a1d',0,0,'2025-08-13 16:48:21.000000','2025-08-13 16:48:21.000000','admin','admin',''),('b40a2e70-239b-4c94-945c-9a4688d81b84','c4b264c7-73db-4189-85ee-6f72d8fab8fc','0','Warranty','27','text','a52c4775-308c-4d4c-b1ac-7894dac55a1d',0,0,'2025-08-12 11:53:46.000000','2025-08-12 11:53:46.000000','admin','admin',''),('b49572a7-916c-4787-af67-1424547f5b45','eebc0ad6-3c6e-4add-87c5-45b0c4229121','0','Deposit Date','24','date','a52c4775-308c-4d4c-b1ac-7894dac55a1d',0,0,'2025-08-07 13:41:52.000000','2025-08-07 14:37:50.000000','admin','admin','All'),('b55250fb-3efb-4ed6-a23c-16196334dcdf','ede3d41b-e4c6-43c7-82f0-5423292b1fdc','0','Item name','6','dropdown','a52c4775-308c-4d4c-b1ac-7894dac55a1d',0,0,'2025-08-13 15:36:15.000000','2025-08-13 15:36:15.000000','admin','admin',''),('b5ac627b-8d1e-41e6-9ef3-34f3b54e9b0a','9994f272-6709-4608-9fa2-b1f61f4049c4','0','Status','5','dropdown','a52c4775-308c-4d4c-b1ac-7894dac55a1d',0,1,'2025-08-06 13:12:18.000000','2025-08-06 13:12:18.000000','admin','admin','All'),('b69ad80e-d28b-4ed6-a43c-c065318e2e9e','7b5259f5-7ae8-4846-bc6d-ded8eb60504d','0','Expense No#','1','number','a52c4775-308c-4d4c-b1ac-7894dac55a1d',0,0,'2025-08-13 16:47:59.000000','2025-08-13 16:47:59.000000','admin','admin',''),('b6bcfd70-9667-47dc-b714-3d4509b46e22','867559ad-0653-4165-aa8a-ca4363d71913','0','Unit Price','9','number','a52c4775-308c-4d4c-b1ac-7894dac55a1d',0,0,'2025-08-12 15:11:56.000000','2025-08-12 15:11:56.000000','admin','admin',''),('b6dac4cb-373b-4055-a7ca-8da39bf7d26e','a323c849-587c-4939-986e-ac274ee2aaef','0','Location','5','dropdown','a52c4775-308c-4d4c-b1ac-7894dac55a1d',0,1,'2025-08-06 13:43:15.000000','2025-08-06 13:43:15.000000','admin','admin','All'),('b7768135-00d1-4ff2-baa2-8e53e13bc065','16207e60-f981-415a-a683-908229be87b2','0','	Adjustment','20','number','a52c4775-308c-4d4c-b1ac-7894dac55a1d',0,0,'2025-08-13 14:34:30.000000','2025-08-13 14:34:30.000000','admin','admin',''),('b7d78d48-3f75-4522-abfd-cc1d5f3793b6','485e64be-11ec-45ea-81cf-fafc515838ff','0','Date','2','date','a52c4775-308c-4d4c-b1ac-7894dac55a1d',0,0,'2025-08-12 17:14:13.000000','2025-08-12 17:14:13.000000','admin','admin',''),('b88593e3-c440-43c3-ac6c-b55665cf2ff9','a989196f-6a7b-4ac3-8144-a6e196087271','0','Vendor Name','3','text','a52c4775-308c-4d4c-b1ac-7894dac55a1d',0,0,'2025-08-13 14:48:08.000000','2025-08-13 14:48:08.000000','admin','admin',''),('b9250e93-6737-4969-9934-a62177e25065','eebc0ad6-3c6e-4add-87c5-45b0c4229121','0','Debit Ledger','18','dropdown','a52c4775-308c-4d4c-b1ac-7894dac55a1d',0,1,'2025-08-07 13:22:48.000000','2025-08-07 14:37:16.000000','admin','admin','All'),('b99a9158-75bc-4fb7-9742-cafa4fc60496','76c17f9f-7f00-452c-bf64-3e5fba3435fa','0','Sub Total','11','number','a52c4775-308c-4d4c-b1ac-7894dac55a1d',0,0,'2025-08-13 15:09:14.000000','2025-08-13 15:09:14.000000','admin','admin',''),('b9f9aa91-6ab5-4f27-a6da-7554763f164b','996f270f-5858-4553-9470-3dddadedc890','0','Department','8','dropdown','a52c4775-308c-4d4c-b1ac-7894dac55a1d',0,0,'2025-07-30 18:05:10.000000','2025-07-31 19:27:35.000000','admin','admin','All'),('bafd5347-e8fa-4b1f-ba5d-800183ade59d','485e64be-11ec-45ea-81cf-fafc515838ff','0','Credit Note#','1','number','a52c4775-308c-4d4c-b1ac-7894dac55a1d',0,0,'2025-08-12 17:14:01.000000','2025-08-12 17:14:01.000000','admin','admin',''),('bb1f0a82-ce2f-4403-9d76-f3d19ed98dbb','a323c849-587c-4939-986e-ac274ee2aaef','0','Department','7','dropdown','a52c4775-308c-4d4c-b1ac-7894dac55a1d',0,1,'2025-08-06 13:39:49.000000','2025-08-06 13:42:23.000000','admin','admin','All'),('bcc91129-4686-43be-9369-c71245b15b0b','d580b963-ca71-4b62-bfb1-73d8e7f7baa0','0','Next Invoice Date','5','date','a52c4775-308c-4d4c-b1ac-7894dac55a1d',0,0,'2025-08-12 16:38:02.000000','2025-08-12 16:42:11.000000','admin','admin',''),('bce346c8-7c86-494b-b3bc-e4dc46346894','16207e60-f981-415a-a683-908229be87b2','0','Second Number','9','number','a52c4775-308c-4d4c-b1ac-7894dac55a1d',0,0,'2025-08-13 12:46:32.000000','2025-08-13 12:46:32.000000','admin','admin',''),('bd0b4570-e8dd-482b-afcf-2a3460ede23c','eebc0ad6-3c6e-4add-87c5-45b0c4229121','0','Tag','27','dropdown','a52c4775-308c-4d4c-b1ac-7894dac55a1d',0,0,'2025-08-07 13:43:12.000000','2025-08-07 14:38:19.000000','admin','admin','All'),('bd708196-86a6-458d-b0df-a7556764ae5e','eebc0ad6-3c6e-4add-87c5-45b0c4229121','0','Voucher No.','4','number','a52c4775-308c-4d4c-b1ac-7894dac55a1d',0,1,'2025-08-06 16:31:34.000000','2025-08-07 14:35:51.000000','admin','admin','All'),('bd72fa70-d17e-4a27-84a1-afde01bd5af2','191bdb96-2f59-4dd2-ae9a-5e8aa2075fb6','0','Sub Total','12','number','a52c4775-308c-4d4c-b1ac-7894dac55a1d',0,0,'2025-08-12 12:49:45.000000','2025-08-12 12:49:45.000000','admin','admin',''),('be1ddbb1-4c08-4d91-884b-5074004e4532','16207e60-f981-415a-a683-908229be87b2','0','	Warranty','23','text','a52c4775-308c-4d4c-b1ac-7894dac55a1d',0,0,'2025-08-13 14:35:45.000000','2025-08-13 14:35:45.000000','admin','admin',''),('be4ebe61-04cb-4397-bceb-33ddb47e2eef','191bdb96-2f59-4dd2-ae9a-5e8aa2075fb6','0','Instrument No.','20','number','a52c4775-308c-4d4c-b1ac-7894dac55a1d',0,0,'2025-08-12 12:54:41.000000','2025-08-12 12:54:46.000000','admin','admin',''),('bfd1fc3d-a1f4-4196-85ac-b642a7bb45bf','7f662fcb-a07f-4c56-892a-78c749557130','0','Customer Name','3','text','a52c4775-308c-4d4c-b1ac-7894dac55a1d',0,0,'2025-08-12 12:09:22.000000','2025-08-12 12:09:22.000000','admin','admin',''),('c07295bb-e413-4708-a90b-9f9003c8234a','c4b264c7-73db-4189-85ee-6f72d8fab8fc','0','Order Ref.','6','dropdown','a52c4775-308c-4d4c-b1ac-7894dac55a1d',0,0,'2025-08-12 11:43:29.000000','2025-08-12 11:43:29.000000','admin','admin',''),('c0a467ac-26c6-4f2e-9053-611cafd0c768','ffc8051e-bd1f-4120-a303-0edd80b59253','0','	Status','7','dropdown','a52c4775-308c-4d4c-b1ac-7894dac55a1d',0,0,'2025-08-12 15:50:26.000000','2025-08-12 15:50:26.000000','admin','admin',''),('c1930e46-c3c0-409d-ab3c-af34e5d9cd5e','5cb5187b-a92e-4540-930d-3be3ca46668a','0','Initial Balance','5','number','a52c4775-308c-4d4c-b1ac-7894dac55a1d',0,1,'2025-08-06 14:12:59.000000','2025-08-06 14:12:59.000000','admin','admin','All'),('c25a5e01-048a-4cf1-b9f3-36368fed332c','c4b264c7-73db-4189-85ee-6f72d8fab8fc','0','Sales Person','7','dropdown','a52c4775-308c-4d4c-b1ac-7894dac55a1d',0,0,'2025-08-12 11:43:40.000000','2025-08-12 11:43:40.000000','admin','admin',''),('c3693940-34b4-42a5-a681-a276996929ff','5cb5187b-a92e-4540-930d-3be3ca46668a','0','Financial Reporting','4','dropdown','a52c4775-308c-4d4c-b1ac-7894dac55a1d',0,1,'2025-08-06 14:12:44.000000','2025-08-06 14:12:44.000000','admin','admin','All'),('c49c76ab-b584-4c2d-adb7-af78571696c2','867559ad-0653-4165-aa8a-ca4363d71913','0','Quantity','8','number','a52c4775-308c-4d4c-b1ac-7894dac55a1d',0,0,'2025-08-12 15:11:49.000000','2025-08-12 15:11:49.000000','admin','admin',''),('c6cea032-657b-429d-a806-bd4038aae1a8','c4b264c7-73db-4189-85ee-6f72d8fab8fc','0','Address (Billing)','11','text','a52c4775-308c-4d4c-b1ac-7894dac55a1d',0,0,'2025-08-12 11:46:51.000000','2025-08-12 11:51:43.000000','admin','admin',''),('c8c3c37f-baf1-42d8-89b8-57a620c19b5d','867559ad-0653-4165-aa8a-ca4363d71913','0','Special Notes','24','text','a52c4775-308c-4d4c-b1ac-7894dac55a1d',0,0,'2025-08-12 15:14:45.000000','2025-08-12 15:14:45.000000','admin','admin',''),('ca670a5b-6fd9-49bf-817d-e17b6b6870ed','c9fafd10-c441-43f3-96fa-15b7995f4c56','0','Voucher Date','1','date','a52c4775-308c-4d4c-b1ac-7894dac55a1d',0,0,'2025-08-11 12:56:34.000000','2025-08-11 13:04:18.000000','admin','admin',''),('cade020e-d637-4926-a1e9-dfda89ee9795','61ddbc58-8b74-4b7a-8d55-06b9b629250c','0','Account Code','1','number','a52c4775-308c-4d4c-b1ac-7894dac55a1d',0,1,'2025-08-06 15:49:00.000000','2025-08-06 15:49:00.000000','admin','admin','All'),('ccbfdf32-3eaa-411a-aa04-2edb48cb0ebe','c4b264c7-73db-4189-85ee-6f72d8fab8fc','0','Item name','13','dropdown','a52c4775-308c-4d4c-b1ac-7894dac55a1d',0,0,'2025-08-12 11:47:27.000000','2025-08-12 11:47:27.000000','admin','admin',''),('cd769174-b753-4456-ab30-0b636d12474a','ff7b4a10-5ca1-41ec-be36-90289dd8df32','0','Vendor Name','3','dropdown','a52c4775-308c-4d4c-b1ac-7894dac55a1d',0,0,'2025-08-13 16:56:15.000000','2025-08-13 16:56:15.000000','admin','admin',''),('cdccb9be-5b13-41ce-86e6-c85035eaf714','867559ad-0653-4165-aa8a-ca4363d71913','0','Item name','6','dropdown','a52c4775-308c-4d4c-b1ac-7894dac55a1d',0,0,'2025-08-12 15:11:31.000000','2025-08-12 15:11:31.000000','admin','admin',''),('cf0a0010-20c1-42f4-a44e-dd0716237656','76c17f9f-7f00-452c-bf64-3e5fba3435fa','0','Serial','5','number','a52c4775-308c-4d4c-b1ac-7894dac55a1d',0,0,'2025-08-13 15:06:59.000000','2025-08-13 15:06:59.000000','admin','admin',''),('cf0cd839-dc79-4173-9ba7-b0fdf9d30086','eebc0ad6-3c6e-4add-87c5-45b0c4229121','0','Journal Type','3','dropdown','a52c4775-308c-4d4c-b1ac-7894dac55a1d',0,0,'2025-08-06 16:30:38.000000','2025-08-07 14:35:44.000000','admin','admin','All'),('d06f1826-4ba7-4e8f-8667-a957889602d9','16207e60-f981-415a-a683-908229be87b2','0','	Sub Total','19','number','a52c4775-308c-4d4c-b1ac-7894dac55a1d',0,0,'2025-08-13 14:34:23.000000','2025-08-13 14:34:23.000000','admin','admin',''),('d0ae5865-1c61-45ce-8cc1-365fa975365a','d6991222-bac4-4a49-95cb-4b58dcb0d759','0','End Date','4','date','a52c4775-308c-4d4c-b1ac-7894dac55a1d',0,0,'2025-08-12 17:27:59.000000','2025-08-12 17:27:59.000000','admin','admin',''),('d13a2c10-29d4-4639-b4c6-9d6754d1cab0','ede3d41b-e4c6-43c7-82f0-5423292b1fdc','0','	Attach File','22','dropdown','a52c4775-308c-4d4c-b1ac-7894dac55a1d',0,0,'2025-08-13 15:46:49.000000','2025-08-13 15:46:49.000000','admin','admin',''),('d219dcb9-a82b-4ccb-8f4b-14b831aeb640','edee2a02-298d-4da1-a0ce-6c28711b3f91','0','Sub Total','12','number','a52c4775-308c-4d4c-b1ac-7894dac55a1d',0,0,'2025-08-12 16:52:02.000000','2025-08-12 16:52:21.000000','admin','admin',''),('d2c701ae-b73d-40b2-b8af-9a0179d4578e','76c17f9f-7f00-452c-bf64-3e5fba3435fa','0','Paid From','15','dropdown','a52c4775-308c-4d4c-b1ac-7894dac55a1d',0,0,'2025-08-13 15:10:04.000000','2025-08-13 15:10:38.000000','admin','admin',''),('d3028ea2-2e01-4929-abc8-b3be7945e7d1','5cb5187b-a92e-4540-930d-3be3ca46668a','0','Link with Con. CoA','6','dropdown','a52c4775-308c-4d4c-b1ac-7894dac55a1d',0,0,'2025-08-06 14:13:24.000000','2025-08-06 14:13:24.000000','admin','admin','All'),('d42f6a59-d838-4b79-a92c-158d5f79e8b9','14e384db-1135-4d49-abc7-6245958090a5','0','Recurring Rule','4','dropdown','a52c4775-308c-4d4c-b1ac-7894dac55a1d',0,0,'2025-08-13 16:52:31.000000','2025-08-13 16:52:31.000000','admin','admin',''),('d5b3f8d2-01fb-45b4-b37d-43cf2654ac94','ffc8051e-bd1f-4120-a303-0edd80b59253','0','	Receive Mode','5','text','a52c4775-308c-4d4c-b1ac-7894dac55a1d',0,0,'2025-08-12 15:50:03.000000','2025-08-12 15:50:10.000000','admin','admin',''),('d793ff7d-71a7-448e-84f9-50d7bcd90c33','1912e526-4d84-4e94-a397-4a617e3c4bed','0','Permissions','4','dropdown','a52c4775-308c-4d4c-b1ac-7894dac55a1d',0,0,'2025-08-11 13:14:06.000000','2025-08-11 13:14:06.000000','admin','admin',''),('d836f46e-3700-477f-bee6-c76cd01c6243','c4b264c7-73db-4189-85ee-6f72d8fab8fc','0','Attach File','29','dropdown','a52c4775-308c-4d4c-b1ac-7894dac55a1d',0,0,'2025-08-12 11:55:20.000000','2025-08-12 11:55:20.000000','admin','admin',''),('d842b574-d92b-4545-a7ad-f9a07734f707','ffc8051e-bd1f-4120-a303-0edd80b59253','0','Receipt Date','2','date','a52c4775-308c-4d4c-b1ac-7894dac55a1d',0,0,'2025-08-12 15:49:37.000000','2025-08-12 15:49:37.000000','admin','admin',''),('d84fcd64-ec16-441d-abfb-6551c63c222c','76c17f9f-7f00-452c-bf64-3e5fba3435fa','0','	Item name','6','dropdown','a52c4775-308c-4d4c-b1ac-7894dac55a1d',0,0,'2025-08-13 15:07:08.000000','2025-08-13 15:07:08.000000','admin','admin',''),('d8a9fbea-2257-4427-b8af-7fca4e8d111e','16207e60-f981-415a-a683-908229be87b2','0','	Total','21','number','a52c4775-308c-4d4c-b1ac-7894dac55a1d',0,0,'2025-08-13 14:34:40.000000','2025-08-13 14:34:40.000000','admin','admin',''),('d930b0a8-759b-4b0e-8052-d79b0189a1ce','68a56585-1403-4f57-ba8b-a1f83b68eb71','0','Customer Name','3','dropdown','a52c4775-308c-4d4c-b1ac-7894dac55a1d',0,0,'2025-08-12 14:55:43.000000','2025-08-12 14:55:43.000000','admin','admin',''),('da24afd5-746f-4a81-bbdd-3b278dec6639','14e384db-1135-4d49-abc7-6245958090a5','0','Vendor Name','2','dropdown','a52c4775-308c-4d4c-b1ac-7894dac55a1d',0,0,'2025-08-13 16:52:05.000000','2025-08-13 16:52:12.000000','admin','admin',''),('da6b1db2-5c9a-4e0e-8d11-964a7943c331','eebc0ad6-3c6e-4add-87c5-45b0c4229121','0','Paid By','9','dropdown','a52c4775-308c-4d4c-b1ac-7894dac55a1d',0,1,'2025-08-06 16:33:13.000000','2025-08-07 14:36:24.000000','admin','admin','All'),('dacdb3b8-a60f-4ded-87b4-61ba6dc3f324','edee2a02-298d-4da1-a0ce-6c28711b3f91','0','	Attach File','15','dropdown','a52c4775-308c-4d4c-b1ac-7894dac55a1d',0,0,'2025-08-12 16:56:37.000000','2025-08-12 16:56:37.000000','admin','admin',''),('db2e4b63-c458-4c78-8639-99a6ad477afd','d6991222-bac4-4a49-95cb-4b58dcb0d759','0','Action','7','boolean','a52c4775-308c-4d4c-b1ac-7894dac55a1d',0,0,'2025-08-12 17:28:47.000000','2025-08-12 17:28:47.000000','admin','admin',''),('dbc98612-fb9d-4e86-ba8d-ec003cb8ed71','ede3d41b-e4c6-43c7-82f0-5423292b1fdc','0','Serial','5','number','a52c4775-308c-4d4c-b1ac-7894dac55a1d',0,0,'2025-08-13 15:35:46.000000','2025-08-13 15:35:46.000000','admin','admin',''),('dc979882-d399-4c2d-9a46-af69825fc38f','a323c849-587c-4939-986e-ac274ee2aaef','0','Branch','6','dropdown','a52c4775-308c-4d4c-b1ac-7894dac55a1d',0,0,'2025-08-06 13:39:05.000000','2025-08-06 13:42:27.000000','admin','admin','All'),('dc989ab1-d85b-48ee-a083-50471c2f3c7c','68a56585-1403-4f57-ba8b-a1f83b68eb71','0','Receive Amount','4','number','a52c4775-308c-4d4c-b1ac-7894dac55a1d',0,0,'2025-08-12 14:55:56.000000','2025-08-12 14:56:26.000000','admin','admin',''),('dd63857a-3571-461c-9ffb-226827c99f44','eebc0ad6-3c6e-4add-87c5-45b0c4229121','0','Amount','25','number','a52c4775-308c-4d4c-b1ac-7894dac55a1d',0,1,'2025-08-07 13:42:39.000000','2025-08-07 14:37:57.000000','admin','admin','All'),('ddd86abc-e402-4e1a-b3db-4c46acb426fa','1c02efec-cc33-4a24-a76f-07ac6b21e208','0','	Status','5','dropdown','a52c4775-308c-4d4c-b1ac-7894dac55a1d',0,0,'2025-08-13 17:29:54.000000','2025-08-13 17:29:54.000000','admin','admin',''),('de293687-0a7a-4b43-b56b-03dfe6d6cb42','9994f272-6709-4608-9fa2-b1f61f4049c4','0','Update Rule','3','dropdown','a52c4775-308c-4d4c-b1ac-7894dac55a1d',0,0,'2025-08-06 13:11:37.000000','2025-08-06 13:11:53.000000','admin','admin','All'),('de4f5efb-ff4f-4006-8bf6-8b7935a6ba36','c9fafd10-c441-43f3-96fa-15b7995f4c56','0','Voucher No.','2','number','a52c4775-308c-4d4c-b1ac-7894dac55a1d',0,0,'2025-08-11 12:56:45.000000','2025-08-11 12:56:45.000000','admin','admin',''),('de6b316a-cc57-44d2-b2bc-120dd6e1da07','16207e60-f981-415a-a683-908229be87b2','0','Contact Person','7','text','a52c4775-308c-4d4c-b1ac-7894dac55a1d',0,0,'2025-08-13 12:42:51.000000','2025-08-13 12:42:51.000000','admin','admin',''),('df53db04-eac5-40a6-a7ea-4071966e1c5d','c4b264c7-73db-4189-85ee-6f72d8fab8fc','0','Delivery Date','23','date','a52c4775-308c-4d4c-b1ac-7894dac55a1d',0,0,'2025-08-12 11:52:46.000000','2025-08-12 11:52:46.000000','admin','admin',''),('dfc26320-b365-4741-95fa-ccd557dd7139','16207e60-f981-415a-a683-908229be87b2','0','Start Date','27','date','a52c4775-308c-4d4c-b1ac-7894dac55a1d',0,0,'2025-08-13 14:38:21.000000','2025-08-13 14:38:21.000000','admin','admin',''),('e1a22d53-feec-4927-bcb4-75c4c05eba07','c4b264c7-73db-4189-85ee-6f72d8fab8fc','0','Invoice No#','1','number','a52c4775-308c-4d4c-b1ac-7894dac55a1d',0,0,'2025-08-12 11:33:22.000000','2025-08-12 11:33:22.000000','admin','admin',''),('e2262982-9e31-4fcd-8fab-31f81e89a054','16207e60-f981-415a-a683-908229be87b2','0','Other Charges','18','number','a52c4775-308c-4d4c-b1ac-7894dac55a1d',0,0,'2025-08-13 14:34:14.000000','2025-08-13 14:34:14.000000','admin','admin',''),('e35380c0-c72e-4b6e-849f-87836c93347b','d580b963-ca71-4b62-bfb1-73d8e7f7baa0','0','Status','7','dropdown','a52c4775-308c-4d4c-b1ac-7894dac55a1d',0,0,'2025-08-12 16:41:42.000000','2025-08-12 16:42:03.000000','admin','admin',''),('e6d866bf-3709-434f-b641-ceba3cbac2fd','996f270f-5858-4553-9470-3dddadedc890','0','Location','6','dropdown','a52c4775-308c-4d4c-b1ac-7894dac55a1d',0,1,'2025-07-30 18:03:59.000000','2025-07-31 19:27:50.000000','admin','admin','All'),('e77cafd2-62d5-4e30-9845-6ee50d24962a','16207e60-f981-415a-a683-908229be87b2','0','	End Date','28','date','a52c4775-308c-4d4c-b1ac-7894dac55a1d',0,0,'2025-08-13 14:38:32.000000','2025-08-13 14:38:32.000000','admin','admin',''),('e7b5cbf5-eedb-44e2-bcd3-b864be006374','b7ec9557-0506-4ba5-9e7c-a7740b2aa877','0','A/C No#','4','dropdown','a52c4775-308c-4d4c-b1ac-7894dac55a1d',0,0,'2025-08-13 17:56:47.000000','2025-08-14 13:45:57.000000','admin','admin',''),('e833a90f-a654-4c9a-a0f2-5dce6ee03e5b','14e384db-1135-4d49-abc7-6245958090a5','0','	Status','7','dropdown','a52c4775-308c-4d4c-b1ac-7894dac55a1d',0,0,'2025-08-13 16:53:01.000000','2025-08-13 16:53:06.000000','admin','admin',''),('e875ca48-e3bd-41ed-870e-2b79494ced11','eebc0ad6-3c6e-4add-87c5-45b0c4229121','0','Credit Ledger','19','dropdown','a52c4775-308c-4d4c-b1ac-7894dac55a1d',0,1,'2025-08-07 13:23:00.000000','2025-08-07 14:37:23.000000','admin','admin','All'),('e91a5bc2-1f86-4f0a-b700-29eb00c8339d','61ddbc58-8b74-4b7a-8d55-06b9b629250c','0','Financial Reporting','4','dropdown','a52c4775-308c-4d4c-b1ac-7894dac55a1d',0,1,'2025-08-06 15:49:37.000000','2025-08-06 15:49:37.000000','admin','admin','All'),('e948684d-265a-4436-a750-7339311c7f48','68a56585-1403-4f57-ba8b-a1f83b68eb71','0','Sales Receipts#','1','number','a52c4775-308c-4d4c-b1ac-7894dac55a1d',0,0,'2025-08-12 14:55:11.000000','2025-08-12 14:55:11.000000','admin','admin',''),('e959f188-3a97-4b47-9eac-81cf275282d8','1912e526-4d84-4e94-a397-4a617e3c4bed','0','Organization','2','text','a52c4775-308c-4d4c-b1ac-7894dac55a1d',0,0,'2025-08-11 13:13:48.000000','2025-08-11 13:13:48.000000','admin','admin',''),('e96d0352-0288-4552-b5ba-35dd15288307','16207e60-f981-415a-a683-908229be87b2','0','Address (Billing)','10','text','a52c4775-308c-4d4c-b1ac-7894dac55a1d',0,0,'2025-08-13 12:46:42.000000','2025-08-13 12:46:42.000000','admin','admin',''),('ea4cba55-1fb5-4a81-b34f-dd1f961ae70f','cfc0e06e-c8f8-4da7-bfb0-4301d1f1f195','0','	Status','7','dropdown','a52c4775-308c-4d4c-b1ac-7894dac55a1d',0,0,'2025-08-13 15:31:47.000000','2025-08-13 15:31:47.000000','admin','admin',''),('ea56fd26-87f2-45f4-a3fa-f084173f876e','867559ad-0653-4165-aa8a-ca4363d71913','0','Serial','5','number','a52c4775-308c-4d4c-b1ac-7894dac55a1d',0,0,'2025-08-12 15:11:22.000000','2025-08-12 15:11:22.000000','admin','admin',''),('ebe4d97d-33b6-4922-bf77-c5e17ea81d16','d580b963-ca71-4b62-bfb1-73d8e7f7baa0','0','Serial','1','number','a52c4775-308c-4d4c-b1ac-7894dac55a1d',0,0,'2025-08-12 16:42:34.000000','2025-08-12 16:42:34.000000','admin','admin',''),('ec64bf72-f5b2-4f58-b1f3-f00b3ad84ed8','c4b264c7-73db-4189-85ee-6f72d8fab8fc','0','Serial','12','number','a52c4775-308c-4d4c-b1ac-7894dac55a1d',0,0,'2025-08-12 11:47:15.000000','2025-08-12 11:47:15.000000','admin','admin',''),('ecbbb234-2ffa-4752-8fd3-eb719de5f876','a989196f-6a7b-4ac3-8144-a6e196087271','0','	Status','6','text','a52c4775-308c-4d4c-b1ac-7894dac55a1d',0,0,'2025-08-13 14:48:46.000000','2025-08-13 14:48:46.000000','admin','admin',''),('ee2d2c27-d9ed-4690-aa24-dd17dfc459c9','edee2a02-298d-4da1-a0ce-6c28711b3f91','0','	Item Details','8','text','a52c4775-308c-4d4c-b1ac-7894dac55a1d',0,0,'2025-08-12 16:51:04.000000','2025-08-12 16:51:04.000000','admin','admin',''),('eeae5e1c-61ac-4a7b-97d2-9096cb09ff05','1c02efec-cc33-4a24-a76f-07ac6b21e208','0','	Notes','6','text','a52c4775-308c-4d4c-b1ac-7894dac55a1d',0,0,'2025-08-13 17:30:06.000000','2025-08-13 17:30:06.000000','admin','admin',''),('ef43a60f-0c61-4ce3-bc06-2fd527eee2a8','eebc0ad6-3c6e-4add-87c5-45b0c4229121','0','Branch','21','dropdown','a52c4775-308c-4d4c-b1ac-7894dac55a1d',0,1,'2025-08-07 13:23:58.000000','2025-08-07 14:37:33.000000','admin','admin','All'),('ef619106-f030-4815-8913-f750826b3e0b','c4b264c7-73db-4189-85ee-6f72d8fab8fc','0','Tax','17','number','a52c4775-308c-4d4c-b1ac-7894dac55a1d',0,0,'2025-08-12 11:48:37.000000','2025-08-12 11:48:37.000000','admin','admin',''),('f1177855-9f24-4595-8380-9e46af01dc66','7b5259f5-7ae8-4846-bc6d-ded8eb60504d','0','Payment Mode','5','text','a52c4775-308c-4d4c-b1ac-7894dac55a1d',0,0,'2025-08-13 16:49:09.000000','2025-08-13 16:49:09.000000','admin','admin',''),('f1b33404-698b-4cb6-acd0-88a5c2bb5bef','b7ec9557-0506-4ba5-9e7c-a7740b2aa877','0','Currency','6','number','a52c4775-308c-4d4c-b1ac-7894dac55a1d',0,0,'2025-08-13 17:57:05.000000','2025-08-13 17:57:05.000000','admin','admin',''),('f2b8ce96-b274-4b35-b0ad-aca39d9006e3','867559ad-0653-4165-aa8a-ca4363d71913','0','Deposit Date','21','date','a52c4775-308c-4d4c-b1ac-7894dac55a1d',0,0,'2025-08-12 15:14:10.000000','2025-08-12 15:14:10.000000','admin','admin',''),('f2e3f81b-b8df-42bd-80f6-99ac5551ba25','ede3d41b-e4c6-43c7-82f0-5423292b1fdc','0','	Paid By','16','dropdown','a52c4775-308c-4d4c-b1ac-7894dac55a1d',0,0,'2025-08-13 15:45:26.000000','2025-08-13 15:45:26.000000','admin','admin',''),('f367bb87-1abf-4ca1-a7e7-89eea4f3fc79','b7ec9557-0506-4ba5-9e7c-a7740b2aa877','0','A/C Type','2','dropdown','a52c4775-308c-4d4c-b1ac-7894dac55a1d',0,0,'2025-08-13 17:56:07.000000','2025-08-14 13:45:44.000000','admin','admin',''),('f4f13f06-cc17-4983-9e73-475ba70d49fa','1c02efec-cc33-4a24-a76f-07ac6b21e208','0','Vendor Name','3','dropdown','a52c4775-308c-4d4c-b1ac-7894dac55a1d',0,0,'2025-08-13 17:29:36.000000','2025-08-13 17:29:36.000000','admin','admin',''),('f52ab360-9537-4ffd-80f2-5ae6c2e7f69a','14e384db-1135-4d49-abc7-6245958090a5','0','	Last Bill Date','6','date','a52c4775-308c-4d4c-b1ac-7894dac55a1d',0,0,'2025-08-13 16:52:54.000000','2025-08-13 16:52:54.000000','admin','admin',''),('f605c601-fa2a-4a5d-bbce-9c7a4e11ac5e','191bdb96-2f59-4dd2-ae9a-5e8aa2075fb6','0','Sales Receipt#','1','number','a52c4775-308c-4d4c-b1ac-7894dac55a1d',0,0,'2025-08-12 12:46:49.000000','2025-08-12 12:46:49.000000','admin','admin',''),('f772edd0-22df-48f8-9951-3ac8e9c74bc6','867559ad-0653-4165-aa8a-ca4363d71913','0','Receipt Date','2','date','a52c4775-308c-4d4c-b1ac-7894dac55a1d',0,0,'2025-08-12 15:10:37.000000','2025-08-12 15:10:37.000000','admin','admin',''),('f89165ef-dc03-4c6a-872a-8eb257e8aae1','996f270f-5858-4553-9470-3dddadedc890','0','Designation','9','dropdown','a52c4775-308c-4d4c-b1ac-7894dac55a1d',0,0,'2025-07-30 18:06:49.000000','2025-07-31 19:35:49.000000','admin','admin','All'),('f898c4de-df5e-4e9d-8004-b4781e3d2887','996f270f-5858-4553-9470-3dddadedc890','0','Company Logo','2','text','a52c4775-308c-4d4c-b1ac-7894dac55a1d',0,0,'2025-07-28 14:11:06.000000','2025-07-31 16:07:03.000000','admin','admin','All'),('f99c0b73-e6cf-4f89-90c9-0e0b11c2d349','eebc0ad6-3c6e-4add-87c5-45b0c4229121','0','Received Mode','14','dropdown','a52c4775-308c-4d4c-b1ac-7894dac55a1d',0,1,'2025-08-07 13:20:20.000000','2025-08-07 14:36:51.000000','admin','admin','All'),('fa66a24d-8aa0-4b26-9ddf-bd17d04de987','76c17f9f-7f00-452c-bf64-3e5fba3435fa','0','Tags','23','dropdown','a52c4775-308c-4d4c-b1ac-7894dac55a1d',0,0,'2025-08-13 15:12:55.000000','2025-08-13 15:12:55.000000','admin','admin',''),('fbb7675f-2cff-4ba4-b750-7dbd48092e3f','8cc35be4-3624-4114-9dbc-b3411b6ee26d','0','Permissions','4','dropdown','a52c4775-308c-4d4c-b1ac-7894dac55a1d',0,0,'2025-08-11 13:11:28.000000','2025-08-11 13:11:28.000000','admin','admin',''),('fc502729-aabe-41ca-93ab-7d72a16e2d66','a989196f-6a7b-4ac3-8144-a6e196087271','0','Bill Date','2','date','a52c4775-308c-4d4c-b1ac-7894dac55a1d',0,0,'2025-08-13 14:47:55.000000','2025-08-13 14:47:55.000000','admin','admin',''),('fc755128-9b74-4dff-8369-5f2503578676','ff7b4a10-5ca1-41ec-be36-90289dd8df32','0','	Attach File','14','dropdown','a52c4775-308c-4d4c-b1ac-7894dac55a1d',0,0,'2025-08-13 16:57:45.000000','2025-08-13 16:57:59.000000','admin','admin',''),('fcab1c35-cdfa-4e66-a40b-84339eab9420','c4b264c7-73db-4189-85ee-6f72d8fab8fc','0','Contact Number','9','number','a52c4775-308c-4d4c-b1ac-7894dac55a1d',0,0,'2025-08-12 11:46:30.000000','2025-08-12 11:46:30.000000','admin','admin',''),('fcfbbd44-d175-489f-8af8-8031de730e09','c9fafd10-c441-43f3-96fa-15b7995f4c56','0','Status','5','text','a52c4775-308c-4d4c-b1ac-7894dac55a1d',0,0,'2025-08-11 13:04:34.000000','2025-08-11 13:05:08.000000','admin','admin',''),('fd1c8419-1dfa-4346-a01a-5a169bc39beb','ffc8051e-bd1f-4120-a303-0edd80b59253','0','Customer Name','3','dropdown','a52c4775-308c-4d4c-b1ac-7894dac55a1d',0,0,'2025-08-12 15:49:46.000000','2025-08-12 15:49:46.000000','admin','admin',''),('fd36f6a5-ed19-4a12-9ee8-c63444b48a08','a989196f-6a7b-4ac3-8144-a6e196087271','0','Bill Amount','4','number','a52c4775-308c-4d4c-b1ac-7894dac55a1d',0,0,'2025-08-13 14:48:29.000000','2025-08-13 14:48:29.000000','admin','admin',''),('fe54c87e-da65-48c5-8fef-98357b7ed431','eebc0ad6-3c6e-4add-87c5-45b0c4229121','0','Deposit By','11','dropdown','a52c4775-308c-4d4c-b1ac-7894dac55a1d',0,0,'2025-08-06 16:34:24.000000','2025-08-07 14:36:35.000000','admin','admin','All'),('fe7895ce-a7ac-4311-aa6a-ac65780b998a','ff7b4a10-5ca1-41ec-be36-90289dd8df32','0','	Item Details','7','text','a52c4775-308c-4d4c-b1ac-7894dac55a1d',0,0,'2025-08-13 16:56:59.000000','2025-08-13 16:56:59.000000','admin','admin',''),('fe8d9903-12e4-41a9-8c19-cf5d15137662','cfc0e06e-c8f8-4da7-bfb0-4301d1f1f195','0','Vendor Name','3','text','a52c4775-308c-4d4c-b1ac-7894dac55a1d',0,0,'2025-08-13 15:30:41.000000','2025-08-13 15:30:41.000000','admin','admin',''),('ff91533e-1328-4b07-bf2b-5fde14a709d4','76c17f9f-7f00-452c-bf64-3e5fba3435fa','0','Bill Referance','4','dropdown','a52c4775-308c-4d4c-b1ac-7894dac55a1d',0,0,'2025-08-13 15:06:00.000000','2025-08-13 15:06:00.000000','admin','admin','');
/*!40000 ALTER TABLE `datapoint` ENABLE KEYS */;
UNLOCK TABLES;

--
-- Table structure for table `datapointmap`
--

DROP TABLE IF EXISTS `datapointmap`;
/*!40101 SET @saved_cs_client     = @@character_set_client */;
/*!50503 SET character_set_client = utf8mb4 */;
CREATE TABLE `datapointmap` (
  `id` varchar(36) NOT NULL,
  `itemId` varchar(255) NOT NULL,
  `dpGroupId` varchar(255) NOT NULL,
  `dataPointId` varchar(255) NOT NULL,
  `serialNumber` varchar(255) DEFAULT NULL,
  `dataType` varchar(255) DEFAULT NULL,
  `userId` varchar(255) NOT NULL,
  `isHide` tinyint(4) NOT NULL DEFAULT 0,
  `isRequired` tinyint(4) NOT NULL DEFAULT 0,
  `createdAt` datetime(6) DEFAULT current_timestamp(6),
  `updatedAt` datetime(6) DEFAULT current_timestamp(6) ON UPDATE current_timestamp(6),
  `createdBy` varchar(255) DEFAULT NULL,
  `updatedBy` varchar(255) DEFAULT NULL,
  PRIMARY KEY (`id`)
) ENGINE=InnoDB DEFAULT CHARSET=utf8mb4 COLLATE=utf8mb4_general_ci;
/*!40101 SET character_set_client = @saved_cs_client */;

--
-- Dumping data for table `datapointmap`
--

LOCK TABLES `datapointmap` WRITE;
/*!40000 ALTER TABLE `datapointmap` DISABLE KEYS */;
INSERT INTO `datapointmap` VALUES ('015fa30c-56c0-43f5-aa89-371310ba4fc3','16207e60-f981-415a-a683-908229be87b2','aa6da9ea-bc23-4263-aa26-ae4b08f9c0c5','8982e01d-26b1-4ff7-8f65-6b322584be21',NULL,NULL,'a52c4775-308c-4d4c-b1ac-7894dac55a1d',0,0,'2025-08-13 14:43:43.000000','2025-08-13 14:43:43.000000','admin','admin'),('0278a0f9-9d5a-4065-b0e1-b56aac498af6','c4b264c7-73db-4189-85ee-6f72d8fab8fc','7cc9148b-0e6b-4bd0-b652-2a65374e016e','6164fce8-3db3-4a71-9247-6940eccc9a78',NULL,NULL,'a52c4775-308c-4d4c-b1ac-7894dac55a1d',0,0,'2025-08-12 12:03:58.000000','2025-08-12 12:03:58.000000','admin','admin'),('02a2cf82-c949-43cf-a70c-1cd95930e4ae','eebc0ad6-3c6e-4add-87c5-45b0c4229121','67754ac5-2bda-4f3b-a9b8-84856626d2d6','b9250e93-6737-4969-9934-a62177e25065','0','','a52c4775-308c-4d4c-b1ac-7894dac55a1d',0,0,'2025-08-10 16:26:34.000000','2025-08-10 16:27:00.000000','admin','admin'),('03a07e6b-a653-4913-af48-a5513e72a7c6','edee2a02-298d-4da1-a0ce-6c28711b3f91','9cc9c503-ea43-4502-ae80-2fbdf958e474','4aaf84e9-91a7-4417-a0ef-e909893771c6',NULL,NULL,'a52c4775-308c-4d4c-b1ac-7894dac55a1d',0,0,'2025-08-12 16:59:10.000000','2025-08-12 16:59:10.000000','admin','admin'),('04cf545c-bb57-4cac-beb6-b9ac39ad7347','ff7b4a10-5ca1-41ec-be36-90289dd8df32','e844060a-f20d-4248-9f12-23c88854661a','81bb999b-c478-4f01-ae82-8347a821154d',NULL,NULL,'a52c4775-308c-4d4c-b1ac-7894dac55a1d',0,0,'2025-08-13 17:09:22.000000','2025-08-13 17:09:22.000000','admin','admin'),('068b23ef-3ab5-48ae-aa9c-37602a983286','996f270f-5858-4553-9470-3dddadedc890','62dedd8f-dd4d-4901-b6f5-735fda7fc229','22172170-8250-4d93-bb0f-12b35f4114b4',NULL,NULL,'a52c4775-308c-4d4c-b1ac-7894dac55a1d',0,0,'2025-08-03 15:37:54.000000','2025-08-03 15:37:54.000000','admin','admin'),('06b49387-a6e8-4ff5-9500-c68845b56bea','c4b264c7-73db-4189-85ee-6f72d8fab8fc','b3e2805a-dbc1-4c0c-91ce-5de7a578fc1b','c25a5e01-048a-4cf1-b9f3-36368fed332c',NULL,NULL,'a52c4775-308c-4d4c-b1ac-7894dac55a1d',0,0,'2025-08-12 12:01:32.000000','2025-08-12 12:01:32.000000','admin','admin'),('074544e6-0071-47d0-a883-e3304e73bf46','c4b264c7-73db-4189-85ee-6f72d8fab8fc','b3e2805a-dbc1-4c0c-91ce-5de7a578fc1b','8b3e8c62-c1b3-4874-98e4-89e2c53f31af',NULL,NULL,'a52c4775-308c-4d4c-b1ac-7894dac55a1d',0,0,'2025-08-13 14:40:07.000000','2025-08-13 14:40:07.000000','admin','admin'),('07ddfc1c-0b39-4c94-a4c1-e579cf1fdb5b','191bdb96-2f59-4dd2-ae9a-5e8aa2075fb6','910ebfba-7837-4608-b6f2-4052735cdb47','6630ca59-4192-44c5-91e4-329fa7dac251',NULL,NULL,'a52c4775-308c-4d4c-b1ac-7894dac55a1d',0,0,'2025-08-12 13:01:24.000000','2025-08-12 13:01:24.000000','admin','admin'),('083244a8-fd2e-485f-b11b-3cc06f9e3c3f','edee2a02-298d-4da1-a0ce-6c28711b3f91','bfe5ab42-fb6a-4368-beb7-b8e74a227f36','4d0fdf56-7ce5-434a-b2cb-6769f96c3e4f',NULL,NULL,'a52c4775-308c-4d4c-b1ac-7894dac55a1d',0,0,'2025-08-12 17:00:26.000000','2025-08-12 17:00:26.000000','admin','admin'),('08afaf42-46bc-457f-a859-103046e1a47b','a989196f-6a7b-4ac3-8144-a6e196087271','ecb60e8c-d97d-4374-903d-1947c6f4ab00','58b2c11e-7b39-4349-9c6d-a9206ab668ac',NULL,NULL,'a52c4775-308c-4d4c-b1ac-7894dac55a1d',0,0,'2025-08-13 14:49:05.000000','2025-08-13 14:49:05.000000','admin','admin'),('09458453-97b0-42e9-900e-8fa41fa2e3af','ff7b4a10-5ca1-41ec-be36-90289dd8df32','e844060a-f20d-4248-9f12-23c88854661a','433c60e5-9fcd-4822-bd6d-ab0281240aa4',NULL,NULL,'a52c4775-308c-4d4c-b1ac-7894dac55a1d',0,0,'2025-08-13 17:09:11.000000','2025-08-13 17:09:11.000000','admin','admin'),('09c44be8-95fc-4761-aa26-0f5a94c21b25','eebc0ad6-3c6e-4add-87c5-45b0c4229121','c18c0ed9-3a8e-4cae-8708-64b2e7270831','dd63857a-3571-461c-9ffb-226827c99f44',NULL,NULL,'a52c4775-308c-4d4c-b1ac-7894dac55a1d',0,0,'2025-08-10 16:59:33.000000','2025-08-10 16:59:33.000000','admin','admin'),('0b374827-d099-4b53-9cd1-65df2dcc65a6','eebc0ad6-3c6e-4add-87c5-45b0c4229121','e7de628b-f532-4131-9cf0-20c85118fa5e','2a32b14b-31cc-4675-a5bc-a6f71fc791ed',NULL,NULL,'a52c4775-308c-4d4c-b1ac-7894dac55a1d',0,0,'2025-08-10 13:55:44.000000','2025-08-10 13:55:44.000000','admin','admin'),('0b38ce42-accc-4597-9cc0-134f3110875e','191bdb96-2f59-4dd2-ae9a-5e8aa2075fb6','3b688270-f127-44ab-9813-0193b329a5d3','f605c601-fa2a-4a5d-bbce-9c7a4e11ac5e',NULL,NULL,'a52c4775-308c-4d4c-b1ac-7894dac55a1d',0,0,'2025-08-12 13:00:01.000000','2025-08-12 13:00:01.000000','admin','admin'),('0b9a68f9-efb0-4e5a-8921-83adca4c4240','1912e526-4d84-4e94-a397-4a617e3c4bed','d88adf9b-d127-4a68-8dfe-5af63d41308e','482499c5-f142-4d88-a513-7ee34da7a6a8',NULL,NULL,'a52c4775-308c-4d4c-b1ac-7894dac55a1d',0,0,'2025-08-11 13:15:29.000000','2025-08-11 13:15:29.000000','admin','admin'),('0c19dc7d-0a64-434a-9bc8-66029fba70c1','edee2a02-298d-4da1-a0ce-6c28711b3f91','9e359dca-7358-4fb2-936f-470fb84f6391','0d38b4ed-4725-4067-984c-588fae7ed8c2',NULL,NULL,'a52c4775-308c-4d4c-b1ac-7894dac55a1d',0,0,'2025-08-12 16:59:48.000000','2025-08-12 16:59:48.000000','admin','admin'),('0c417334-6921-4d0d-afd4-75997177d809','cfc0e06e-c8f8-4da7-bfb0-4301d1f1f195','d4f48991-b9eb-4ae3-9cef-7284f771d514','2eb30367-db15-48d1-9746-50c4ed029ef4',NULL,NULL,'a52c4775-308c-4d4c-b1ac-7894dac55a1d',0,0,'2025-08-13 15:32:08.000000','2025-08-13 15:32:08.000000','admin','admin'),('0ca8a779-4c3d-4d95-ae49-a9d433146a18','867559ad-0653-4165-aa8a-ca4363d71913','3f6cc201-a4e2-4b38-9712-edce6f25d150','108a95b3-eba8-40a4-893d-d0cbc2756347',NULL,NULL,'a52c4775-308c-4d4c-b1ac-7894dac55a1d',0,0,'2025-08-12 15:15:14.000000','2025-08-12 15:15:14.000000','admin','admin'),('0d6a51db-389e-4667-aa7f-d2a3d3840e1d','eebc0ad6-3c6e-4add-87c5-45b0c4229121','78bcb9d4-b45a-46b9-b374-8c2f59bc7e94','15fdc68e-c0a1-44ec-9ccd-35b7e23d10e9',NULL,NULL,'a52c4775-308c-4d4c-b1ac-7894dac55a1d',0,0,'2025-08-10 16:03:19.000000','2025-08-10 16:03:19.000000','admin','admin'),('0f4a2807-54f6-4d66-b59f-70e3820d9a2f','68a56585-1403-4f57-ba8b-a1f83b68eb71','9432a35f-4d1c-424c-b311-22df0efa7c18','4a71efc6-01aa-42ad-a061-abcdd4b11c76',NULL,NULL,'a52c4775-308c-4d4c-b1ac-7894dac55a1d',0,0,'2025-08-12 14:59:53.000000','2025-08-12 14:59:53.000000','admin','admin'),('12fa9772-6a50-4213-b45c-3923bea8c47c','76c17f9f-7f00-452c-bf64-3e5fba3435fa','809b6fdd-32c6-4bcc-a5d6-0956e880207d','a31657a6-dc3d-4ba4-a3c3-40b7b8b3fe5c',NULL,NULL,'a52c4775-308c-4d4c-b1ac-7894dac55a1d',0,0,'2025-08-13 15:18:57.000000','2025-08-13 15:18:57.000000','admin','admin'),('15ea6696-b840-454a-9d4b-ebb149ae354c','5cb5187b-a92e-4540-930d-3be3ca46668a','1c6b38f5-28ff-4f6f-a5ce-d63343ec3631','01bcbaea-2ce4-4b60-b6a9-c6d9ef69813b',NULL,NULL,'a52c4775-308c-4d4c-b1ac-7894dac55a1d',0,0,'2025-08-06 14:14:16.000000','2025-08-06 14:14:16.000000','admin','admin'),('166401b9-b476-4229-9637-dbb8663dfdde','eebc0ad6-3c6e-4add-87c5-45b0c4229121','e7de628b-f532-4131-9cf0-20c85118fa5e','a43180eb-286b-4107-9d52-050f94548bdd',NULL,NULL,'a52c4775-308c-4d4c-b1ac-7894dac55a1d',0,0,'2025-08-10 13:54:57.000000','2025-08-10 13:54:57.000000','admin','admin'),('169652e2-af6d-4005-a3dc-4b17a5c41b15','c4b264c7-73db-4189-85ee-6f72d8fab8fc','b3e2805a-dbc1-4c0c-91ce-5de7a578fc1b','25f9cb49-d361-44df-b1b6-187441990cd1',NULL,NULL,'a52c4775-308c-4d4c-b1ac-7894dac55a1d',0,0,'2025-08-12 12:01:23.000000','2025-08-12 12:01:23.000000','admin','admin'),('16a9482a-8b8a-4e0d-bcfe-3691fb948850','7b5259f5-7ae8-4846-bc6d-ded8eb60504d','567c672c-9890-490f-aba3-8e6728f80981','b407e90b-4a95-43a5-9a76-b1c1a4ea4ece',NULL,NULL,'a52c4775-308c-4d4c-b1ac-7894dac55a1d',0,0,'2025-08-13 16:50:10.000000','2025-08-13 16:50:10.000000','admin','admin'),('17c27f0f-114e-447e-b4ec-d1e9095beb0f','eebc0ad6-3c6e-4add-87c5-45b0c4229121','b5552c30-15be-4349-92bc-1b0fbff37f13','5246d84c-c6b2-4486-84d7-4866afc2b923',NULL,NULL,'a52c4775-308c-4d4c-b1ac-7894dac55a1d',1,0,'2025-08-10 16:01:41.000000','2025-08-10 16:01:41.000000','admin','admin'),('17f21217-aeee-412d-b521-14f196b68e35','ede3d41b-e4c6-43c7-82f0-5423292b1fdc','eaee9afc-0b50-4d7c-b849-be6f90f65aeb','ae4b4d6e-99d8-48d5-83b2-d96cf34834e4',NULL,NULL,'a52c4775-308c-4d4c-b1ac-7894dac55a1d',0,0,'2025-08-13 15:52:42.000000','2025-08-13 15:52:42.000000','admin','admin'),('185738ab-9089-4371-9b9c-8673113d08b4','1912e526-4d84-4e94-a397-4a617e3c4bed','d88adf9b-d127-4a68-8dfe-5af63d41308e','a83a92e4-da49-49de-b34b-bef1add8f944',NULL,NULL,'a52c4775-308c-4d4c-b1ac-7894dac55a1d',0,0,'2025-08-11 13:15:23.000000','2025-08-11 13:15:23.000000','admin','admin'),('185c48fa-5e32-4de3-9575-4cc2adb10e28','9994f272-6709-4608-9fa2-b1f61f4049c4','f4e27717-b93c-4e83-8f2d-c83cc862b1e9','de293687-0a7a-4b43-b56b-03dfe6d6cb42',NULL,NULL,'a52c4775-308c-4d4c-b1ac-7894dac55a1d',0,0,'2025-08-06 13:12:54.000000','2025-08-06 13:12:54.000000','admin','admin'),('18a433a4-8201-4f72-b9d6-8a0da20cee7e','191bdb96-2f59-4dd2-ae9a-5e8aa2075fb6','3b688270-f127-44ab-9813-0193b329a5d3','3a990a02-c349-4226-8704-931016d75c23',NULL,NULL,'a52c4775-308c-4d4c-b1ac-7894dac55a1d',0,0,'2025-08-12 13:00:15.000000','2025-08-12 13:00:15.000000','admin','admin'),('191ecba4-b39f-4641-a233-80a53f5f07dc','76c17f9f-7f00-452c-bf64-3e5fba3435fa','81ed98b5-5d40-45bd-bcf2-e713c505198a','85fd22c7-79ad-4ede-80c2-95bd2d46dc35',NULL,NULL,'a52c4775-308c-4d4c-b1ac-7894dac55a1d',0,0,'2025-08-13 15:17:21.000000','2025-08-13 15:17:21.000000','admin','admin'),('1945ea02-2a11-4499-9c9e-10ab9ae8d3cf','867559ad-0653-4165-aa8a-ca4363d71913','4281fa16-3835-485e-8305-d62caa24a03f','068a08ef-513d-41c2-b676-8594182dfdfa',NULL,NULL,'a52c4775-308c-4d4c-b1ac-7894dac55a1d',0,0,'2025-08-12 15:17:27.000000','2025-08-12 15:17:27.000000','admin','admin'),('197576ff-6bc8-4501-8aba-008773ccdbdd','5cb5187b-a92e-4540-930d-3be3ca46668a','1c6b38f5-28ff-4f6f-a5ce-d63343ec3631','c3693940-34b4-42a5-a681-a276996929ff','0','','a52c4775-308c-4d4c-b1ac-7894dac55a1d',1,0,'2025-08-06 14:14:27.000000','2025-08-06 15:48:03.000000','admin','admin'),('1999eb6f-2890-4e73-b8ce-a62b3ddbf540','76c17f9f-7f00-452c-bf64-3e5fba3435fa','81ed98b5-5d40-45bd-bcf2-e713c505198a','3a3d89eb-aa25-41c1-a5b0-3af19f726c69',NULL,NULL,'a52c4775-308c-4d4c-b1ac-7894dac55a1d',0,0,'2025-08-13 15:17:18.000000','2025-08-13 15:17:18.000000','admin','admin'),('19c243ee-8520-4e4e-a8c6-9f482b724ddc','a989196f-6a7b-4ac3-8144-a6e196087271','ecb60e8c-d97d-4374-903d-1947c6f4ab00','b88593e3-c440-43c3-ac6c-b55665cf2ff9',NULL,NULL,'a52c4775-308c-4d4c-b1ac-7894dac55a1d',0,0,'2025-08-13 14:49:13.000000','2025-08-13 14:49:13.000000','admin','admin'),('19c2a31e-05c0-48ea-af4d-a5483343c6e6','a323c849-587c-4939-986e-ac274ee2aaef','af7656ca-37e7-4607-8a06-64644576378c','0c6358d2-a405-4f14-8703-475cd413d8e2',NULL,NULL,'a52c4775-308c-4d4c-b1ac-7894dac55a1d',0,0,'2025-08-06 13:41:35.000000','2025-08-06 13:41:35.000000','admin','admin'),('1a353868-baf0-4c13-98d0-01b8ace74521','16207e60-f981-415a-a683-908229be87b2','71822767-23ab-4f44-9282-0e118aa04dc1','e77cafd2-62d5-4e30-9845-6ee50d24962a',NULL,NULL,'a52c4775-308c-4d4c-b1ac-7894dac55a1d',0,0,'2025-08-13 14:41:02.000000','2025-08-13 14:41:02.000000','admin','admin'),('1c80ccd2-2c58-4f05-9898-f0298548337c','14e384db-1135-4d49-abc7-6245958090a5','e79d3fd6-8fa5-4224-bb41-148cdb02b295','e833a90f-a654-4c9a-a0f2-5dce6ee03e5b',NULL,NULL,'a52c4775-308c-4d4c-b1ac-7894dac55a1d',0,0,'2025-08-13 16:54:19.000000','2025-08-13 16:54:19.000000','admin','admin'),('1cb2ab90-9479-45b2-acae-12959b5f7591','eebc0ad6-3c6e-4add-87c5-45b0c4229121','b5552c30-15be-4349-92bc-1b0fbff37f13','a3c38171-214e-4588-9823-146c74396434',NULL,NULL,'a52c4775-308c-4d4c-b1ac-7894dac55a1d',0,0,'2025-08-10 16:00:59.000000','2025-08-10 16:00:59.000000','admin','admin'),('1ce1c527-fd88-4630-9785-e39e4ef71f7c','d6991222-bac4-4a49-95cb-4b58dcb0d759','e43a2b6f-aaa2-4c54-a3e9-55d84d3d53c2','2848b799-b84d-4021-bb27-b1d3402b9504',NULL,NULL,'a52c4775-308c-4d4c-b1ac-7894dac55a1d',0,0,'2025-08-12 17:29:03.000000','2025-08-12 17:29:03.000000','admin','admin'),('1d873948-d73e-4975-8807-7d73770fc5d7','d6991222-bac4-4a49-95cb-4b58dcb0d759','e43a2b6f-aaa2-4c54-a3e9-55d84d3d53c2','2dd0e66e-3692-42a6-b9ac-196d884eaefb',NULL,NULL,'a52c4775-308c-4d4c-b1ac-7894dac55a1d',0,0,'2025-08-12 17:29:11.000000','2025-08-12 17:29:11.000000','admin','admin'),('1dd991ac-9191-43bc-910e-f98b86eb1327','a323c849-587c-4939-986e-ac274ee2aaef','e20f4590-cd34-435c-a3f7-3cbf2211302d','dc979882-d399-4c2d-9a46-af69825fc38f',NULL,NULL,'a52c4775-308c-4d4c-b1ac-7894dac55a1d',0,0,'2025-08-06 13:48:21.000000','2025-08-06 13:48:21.000000','admin','admin'),('1e6c172b-38af-4712-89d3-9b0780750f55','ff7b4a10-5ca1-41ec-be36-90289dd8df32','e844060a-f20d-4248-9f12-23c88854661a','b072d78f-7e3c-47ba-9554-0158e072bf30',NULL,NULL,'a52c4775-308c-4d4c-b1ac-7894dac55a1d',0,0,'2025-08-13 17:08:49.000000','2025-08-13 17:08:49.000000','admin','admin'),('1fb04d3c-724c-42f7-8165-4433913d91a0','9994f272-6709-4608-9fa2-b1f61f4049c4','f4e27717-b93c-4e83-8f2d-c83cc862b1e9','4906071f-35a9-4c71-a0b4-b710a0320e75',NULL,NULL,'a52c4775-308c-4d4c-b1ac-7894dac55a1d',0,0,'2025-08-06 13:13:01.000000','2025-08-06 13:13:01.000000','admin','admin'),('1ff5e46a-94ba-442d-a432-4da635246311','eebc0ad6-3c6e-4add-87c5-45b0c4229121','7ecf669f-963a-450a-99fb-482281656c50','5cc3fb71-b0e2-4de6-8e52-da0e65908de5',NULL,NULL,'a52c4775-308c-4d4c-b1ac-7894dac55a1d',0,0,'2025-08-10 16:54:57.000000','2025-08-10 16:54:57.000000','admin','admin'),('2038579b-05db-4158-90b9-39f747f48cf7','867559ad-0653-4165-aa8a-ca4363d71913','91d1ce6d-e3d6-4bf3-963b-616b296a8252','a00f7212-3f11-4b5c-8294-ddb54c8cac2e',NULL,NULL,'a52c4775-308c-4d4c-b1ac-7894dac55a1d',0,0,'2025-08-12 15:16:05.000000','2025-08-12 15:16:05.000000','admin','admin'),('2070aca3-109a-4226-b287-feacb30894c3','c4b264c7-73db-4189-85ee-6f72d8fab8fc','77559a6c-9118-4215-bbc2-d10e45819e3b','46d49af5-ea53-4dc4-9db6-62bf225f76d2',NULL,NULL,'a52c4775-308c-4d4c-b1ac-7894dac55a1d',0,0,'2025-08-12 12:02:00.000000','2025-08-12 12:02:00.000000','admin','admin'),('20922687-e73f-4421-959b-138cd003d63d','867559ad-0653-4165-aa8a-ca4363d71913','8d873bcb-6440-473a-8bc0-99d02ef2e1bf','56aa226f-eada-44eb-800a-b419a57470bb',NULL,NULL,'a52c4775-308c-4d4c-b1ac-7894dac55a1d',0,0,'2025-08-12 15:16:46.000000','2025-08-12 15:16:46.000000','admin','admin'),('22d85335-e145-4219-a723-a1f5eb7a03d0','a989196f-6a7b-4ac3-8144-a6e196087271','ecb60e8c-d97d-4374-903d-1947c6f4ab00','2d6fc941-0fa4-47ad-9b7b-cfbbe11b4300',NULL,NULL,'a52c4775-308c-4d4c-b1ac-7894dac55a1d',0,0,'2025-08-13 14:49:20.000000','2025-08-13 14:49:20.000000','admin','admin'),('22fe2b40-51df-499d-b007-8c027aab5971','996f270f-5858-4553-9470-3dddadedc890','ca11b6ca-e628-4f57-8bb2-8582772a7a90','30238a17-27fc-4a59-b537-7d09af417ea5','0','','a52c4775-308c-4d4c-b1ac-7894dac55a1d',0,0,'2025-07-24 18:03:38.000000','2025-07-24 18:03:48.000000','admin','admin'),('232b457c-4712-48c6-9fb5-0dededc403f7','edee2a02-298d-4da1-a0ce-6c28711b3f91','9e359dca-7358-4fb2-936f-470fb84f6391','8b4b4deb-52b5-4b60-b10c-c0835b1b0562',NULL,NULL,'a52c4775-308c-4d4c-b1ac-7894dac55a1d',0,0,'2025-08-12 16:59:38.000000','2025-08-12 16:59:38.000000','admin','admin'),('23866806-d0da-4882-9b93-19aa2d878beb','867559ad-0653-4165-aa8a-ca4363d71913','3f6cc201-a4e2-4b38-9712-edce6f25d150','a0b211c8-1cfc-4a22-9417-113c408c60d2',NULL,NULL,'a52c4775-308c-4d4c-b1ac-7894dac55a1d',0,0,'2025-08-12 15:15:07.000000','2025-08-12 15:15:07.000000','admin','admin'),('239407a5-463f-481e-8402-e60f64b4e386','16207e60-f981-415a-a683-908229be87b2','914b3863-4100-460f-be30-f1a0a2472a69','d06f1826-4ba7-4e8f-8667-a957889602d9',NULL,NULL,'a52c4775-308c-4d4c-b1ac-7894dac55a1d',0,0,'2025-08-13 14:42:22.000000','2025-08-13 14:42:22.000000','admin','admin'),('23969d2b-2460-4cc0-851f-eb5f25e574b8','16207e60-f981-415a-a683-908229be87b2','71822767-23ab-4f44-9282-0e118aa04dc1','453fcd6e-b54b-4850-b0ef-b0f9b3efa97a',NULL,NULL,'a52c4775-308c-4d4c-b1ac-7894dac55a1d',0,0,'2025-08-13 14:40:46.000000','2025-08-13 14:40:46.000000','admin','admin'),('2420d15b-8e2d-47a6-8955-9888f9884846','ede3d41b-e4c6-43c7-82f0-5423292b1fdc','4cb7ef22-7c91-4fbe-bfa3-049abeef027c','38472711-c5dd-4ec3-a98b-50bff9220806',NULL,NULL,'a52c4775-308c-4d4c-b1ac-7894dac55a1d',0,0,'2025-08-13 15:56:47.000000','2025-08-13 15:56:47.000000','admin','admin'),('2444ed2a-f6ec-4003-bf3f-81087262db96','ffc8051e-bd1f-4120-a303-0edd80b59253','7c799223-3c86-48da-80d6-6c685bbfdd55','d842b574-d92b-4545-a7ad-f9a07734f707',NULL,NULL,'a52c4775-308c-4d4c-b1ac-7894dac55a1d',0,0,'2025-08-12 15:50:50.000000','2025-08-12 15:50:50.000000','admin','admin'),('24c72bc2-1ba8-4af1-9f96-08f361aa093b','996f270f-5858-4553-9470-3dddadedc890','62dedd8f-dd4d-4901-b6f5-735fda7fc229','e6d866bf-3709-434f-b641-ceba3cbac2fd',NULL,NULL,'a52c4775-308c-4d4c-b1ac-7894dac55a1d',0,0,'2025-08-06 12:37:05.000000','2025-08-06 12:37:05.000000','admin','admin'),('24d4ed05-5412-4809-ad39-52a8a2d9ac56','a323c849-587c-4939-986e-ac274ee2aaef','bcc13e3b-600d-4c60-967e-b91a8d6a8fe3','226f4ba9-0440-48f7-be4d-d1752370a176',NULL,NULL,'a52c4775-308c-4d4c-b1ac-7894dac55a1d',0,0,'2025-08-06 13:43:44.000000','2025-08-06 13:43:44.000000','admin','admin'),('24d910b2-a84b-4757-802a-72bb321bcebd','867559ad-0653-4165-aa8a-ca4363d71913','8d873bcb-6440-473a-8bc0-99d02ef2e1bf','6073dc9a-66cb-4f73-9578-d0db9886feeb',NULL,NULL,'a52c4775-308c-4d4c-b1ac-7894dac55a1d',0,0,'2025-08-12 15:17:02.000000','2025-08-12 15:17:02.000000','admin','admin'),('24db99d2-2dd9-481e-8f2d-1065678524cb','eebc0ad6-3c6e-4add-87c5-45b0c4229121','7ecf669f-963a-450a-99fb-482281656c50','5246d84c-c6b2-4486-84d7-4866afc2b923',NULL,NULL,'a52c4775-308c-4d4c-b1ac-7894dac55a1d',1,0,'2025-08-10 16:55:55.000000','2025-08-10 16:55:55.000000','admin','admin'),('258590f6-02ee-4f91-ab9c-396adf96642c','191bdb96-2f59-4dd2-ae9a-5e8aa2075fb6','c94a1c3d-48a3-44db-9f62-6235e4375043','6826df09-22a5-4d1d-943a-67f7e0c7152a',NULL,NULL,'a52c4775-308c-4d4c-b1ac-7894dac55a1d',0,0,'2025-08-12 13:02:38.000000','2025-08-12 13:02:38.000000','admin','admin'),('25a8dd8c-6541-45ab-9f29-ac4eec9aa1fb','191bdb96-2f59-4dd2-ae9a-5e8aa2075fb6','c94a1c3d-48a3-44db-9f62-6235e4375043','be4ebe61-04cb-4397-bceb-33ddb47e2eef',NULL,NULL,'a52c4775-308c-4d4c-b1ac-7894dac55a1d',0,0,'2025-08-12 13:02:44.000000','2025-08-12 13:02:44.000000','admin','admin'),('26ad8756-4bd3-43cd-adbf-ae1ba1586c4c','eebc0ad6-3c6e-4add-87c5-45b0c4229121','c18c0ed9-3a8e-4cae-8708-64b2e7270831','15fdc68e-c0a1-44ec-9ccd-35b7e23d10e9',NULL,NULL,'a52c4775-308c-4d4c-b1ac-7894dac55a1d',0,0,'2025-08-10 16:59:40.000000','2025-08-10 16:59:40.000000','admin','admin'),('282e34bd-9ca8-4b43-9c44-cdfea9607520','e93e00f2-7bf3-4086-9f21-136407c13ef1','15c2e9cb-606e-444a-868b-33320c24a504','3b983ea0-d539-4e0e-8824-25a1f160f94f',NULL,NULL,'a52c4775-308c-4d4c-b1ac-7894dac55a1d',0,0,'2025-08-06 13:20:14.000000','2025-08-06 13:20:14.000000','admin','admin'),('285739c5-1329-401e-b32c-d1f09ce34abc','ff7b4a10-5ca1-41ec-be36-90289dd8df32','e844060a-f20d-4248-9f12-23c88854661a','296faccc-1031-4d3b-8865-d9f6c9df6e23',NULL,NULL,'a52c4775-308c-4d4c-b1ac-7894dac55a1d',0,0,'2025-08-13 17:09:25.000000','2025-08-13 17:09:25.000000','admin','admin'),('2a04a8d7-1848-457c-a95d-6deceec3ed1d','ff7b4a10-5ca1-41ec-be36-90289dd8df32','04cb31b5-9aed-4265-abc9-91c7ed7dd141','027f5560-8219-435e-bad5-1e387e07d102',NULL,NULL,'a52c4775-308c-4d4c-b1ac-7894dac55a1d',0,0,'2025-08-13 17:09:41.000000','2025-08-13 17:09:41.000000','admin','admin'),('2a56d189-f503-4aa8-895a-f68055e51c6f','996f270f-5858-4553-9470-3dddadedc890','e2e05f1f-bd3e-462b-85b1-d0cc99413a4d','7ee946a8-0e76-4230-8f37-4993eecd8f9e','0','','a52c4775-308c-4d4c-b1ac-7894dac55a1d',0,0,'2025-08-06 12:36:34.000000','2025-08-06 12:37:23.000000','admin','admin'),('2a792175-f764-49ed-ba97-348b7572068b','d580b963-ca71-4b62-bfb1-73d8e7f7baa0','edb016de-1c70-489e-a420-288f17a76b70','86e49f06-18dc-405d-8067-89eb19b4500e',NULL,NULL,'a52c4775-308c-4d4c-b1ac-7894dac55a1d',0,0,'2025-08-12 16:43:46.000000','2025-08-12 16:43:46.000000','admin','admin'),('2d627f3a-f465-414d-aa61-52e4d675fc80','c4b264c7-73db-4189-85ee-6f72d8fab8fc','d1a41f64-fd39-4270-b5ac-b5bac26ca63a','0571738e-6a58-4884-a48e-7154bd9bbd22',NULL,NULL,'a52c4775-308c-4d4c-b1ac-7894dac55a1d',0,0,'2025-08-12 12:03:38.000000','2025-08-12 12:03:38.000000','admin','admin'),('2dab6808-d089-4b63-bee5-ed26c3b1b6c7','a989196f-6a7b-4ac3-8144-a6e196087271','ecb60e8c-d97d-4374-903d-1947c6f4ab00','3a47b0cf-de83-4e3d-8dc1-48f26d9a4b3e',NULL,NULL,'a52c4775-308c-4d4c-b1ac-7894dac55a1d',0,0,'2025-08-13 14:49:27.000000','2025-08-13 14:49:27.000000','admin','admin'),('2e00ec5b-5c07-46c6-8757-18c2bbb90c37','c4b264c7-73db-4189-85ee-6f72d8fab8fc','829441f9-4ea0-4edb-b658-769789ea80b8','ec64bf72-f5b2-4f58-b1f3-f00b3ad84ed8',NULL,NULL,'a52c4775-308c-4d4c-b1ac-7894dac55a1d',0,0,'2025-08-12 12:02:19.000000','2025-08-12 12:02:19.000000','admin','admin'),('2f456c78-6655-44e1-a0fa-7b53e9ddbfdc','16207e60-f981-415a-a683-908229be87b2','71822767-23ab-4f44-9282-0e118aa04dc1','811d5ba2-4155-4d27-9e7e-5fa61a27b22a',NULL,NULL,'a52c4775-308c-4d4c-b1ac-7894dac55a1d',0,0,'2025-08-13 14:40:30.000000','2025-08-13 14:40:30.000000','admin','admin'),('2fab0a73-8c2e-44fc-96dd-f4ad6b528c48','ede3d41b-e4c6-43c7-82f0-5423292b1fdc','95cb5bd6-e4ba-4199-b2ea-708fa91bce44','3a108c49-edda-47bf-bc76-e31784f003f0',NULL,NULL,'a52c4775-308c-4d4c-b1ac-7894dac55a1d',0,0,'2025-08-13 15:54:35.000000','2025-08-13 15:54:35.000000','admin','admin'),('3024cc84-c781-418f-ab0b-6f42bb6c3d57','c9fafd10-c441-43f3-96fa-15b7995f4c56','9534e690-b810-4f01-b3a2-99283ad99a6e','fcfbbd44-d175-489f-8af8-8031de730e09',NULL,NULL,'a52c4775-308c-4d4c-b1ac-7894dac55a1d',0,0,'2025-08-11 13:06:00.000000','2025-08-11 13:06:00.000000','admin','admin'),('3161ea0b-f5a1-4462-b83e-4da86adb47a5','191bdb96-2f59-4dd2-ae9a-5e8aa2075fb6','ece5cd7e-6056-4803-87bb-d5b6d5f9cdc4','85aa65cc-8970-4931-b8ff-7960c5e62349',NULL,NULL,'a52c4775-308c-4d4c-b1ac-7894dac55a1d',0,0,'2025-08-12 13:03:04.000000','2025-08-12 13:03:04.000000','admin','admin'),('316e004b-655d-4ecb-9ac0-11c1acbe478f','191bdb96-2f59-4dd2-ae9a-5e8aa2075fb6','910ebfba-7837-4608-b6f2-4052735cdb47','5a670b12-1a68-48aa-8b5a-d7fb923db2ff',NULL,NULL,'a52c4775-308c-4d4c-b1ac-7894dac55a1d',0,0,'2025-08-12 13:00:26.000000','2025-08-12 13:00:26.000000','admin','admin'),('32d0cb06-f2e5-4f90-9fda-8f0f1b48e64a','996f270f-5858-4553-9470-3dddadedc890','e2e05f1f-bd3e-462b-85b1-d0cc99413a4d','85084775-29a9-4f92-b431-df234ac40235',NULL,NULL,'a52c4775-308c-4d4c-b1ac-7894dac55a1d',0,0,'2025-08-06 12:37:11.000000','2025-08-06 12:37:11.000000','admin','admin'),('3355b318-244d-4ec8-ac73-79c20a4549c1','16207e60-f981-415a-a683-908229be87b2','914b3863-4100-460f-be30-f1a0a2472a69','15ac400a-5490-48af-a925-769b32f8b1e7',NULL,NULL,'a52c4775-308c-4d4c-b1ac-7894dac55a1d',0,0,'2025-08-13 14:41:59.000000','2025-08-13 14:41:59.000000','admin','admin'),('33eff6e1-617f-4880-aa63-b9a7bd1d5d39','ffc8051e-bd1f-4120-a303-0edd80b59253','7c799223-3c86-48da-80d6-6c685bbfdd55','922d46ba-9756-4797-bb09-3d0a463251d7',NULL,NULL,'a52c4775-308c-4d4c-b1ac-7894dac55a1d',0,0,'2025-08-12 15:50:47.000000','2025-08-12 15:50:47.000000','admin','admin'),('3576d390-f369-4726-a76d-91d255c46b4c','eebc0ad6-3c6e-4add-87c5-45b0c4229121','7ecf669f-963a-450a-99fb-482281656c50','721cb026-1160-46bf-86a7-f21f4a06dfbe',NULL,NULL,'a52c4775-308c-4d4c-b1ac-7894dac55a1d',0,0,'2025-08-10 16:54:19.000000','2025-08-10 16:54:19.000000','admin','admin'),('35b9b03c-ea8f-493f-8cbe-c8ac670bc89c','16207e60-f981-415a-a683-908229be87b2','914b3863-4100-460f-be30-f1a0a2472a69','a7977807-f637-4aae-9327-b849a789a832',NULL,NULL,'a52c4775-308c-4d4c-b1ac-7894dac55a1d',0,0,'2025-08-13 14:41:27.000000','2025-08-13 14:41:27.000000','admin','admin'),('35c5e490-d3c5-49b0-bfc3-dbccaeceaa58','5cb5187b-a92e-4540-930d-3be3ca46668a','1c6b38f5-28ff-4f6f-a5ce-d63343ec3631','9d6e8709-5b4d-419f-bc05-b639b758a7a7',NULL,NULL,'a52c4775-308c-4d4c-b1ac-7894dac55a1d',0,0,'2025-08-06 14:14:21.000000','2025-08-06 14:14:21.000000','admin','admin'),('35c8e1c4-b03a-4286-a59d-482c8a52959c','76c17f9f-7f00-452c-bf64-3e5fba3435fa','83e65d1e-a6b4-48db-85ce-e74cebafa769','a775909a-cdf4-49d6-a759-7ddf57b260e8',NULL,NULL,'a52c4775-308c-4d4c-b1ac-7894dac55a1d',0,0,'2025-08-13 15:19:41.000000','2025-08-13 15:19:41.000000','admin','admin'),('36bae646-e6c3-4fa2-9da5-4d6042ebc29c','867559ad-0653-4165-aa8a-ca4363d71913','91d1ce6d-e3d6-4bf3-963b-616b296a8252','b6bcfd70-9667-47dc-b714-3d4509b46e22',NULL,NULL,'a52c4775-308c-4d4c-b1ac-7894dac55a1d',0,0,'2025-08-12 15:15:41.000000','2025-08-12 15:15:41.000000','admin','admin'),('372479d5-cdf2-4edb-a3d0-fb0792fe4752','191bdb96-2f59-4dd2-ae9a-5e8aa2075fb6','910ebfba-7837-4608-b6f2-4052735cdb47','032463a0-a787-4113-9423-ed11b9ee6614',NULL,NULL,'a52c4775-308c-4d4c-b1ac-7894dac55a1d',0,0,'2025-08-12 13:00:18.000000','2025-08-12 13:00:18.000000','admin','admin'),('386fa6f1-55ef-4306-9271-a93579f0ec5f','867559ad-0653-4165-aa8a-ca4363d71913','8d873bcb-6440-473a-8bc0-99d02ef2e1bf','b30b73ce-ec10-4bde-a1cd-d73f4fe1136a',NULL,NULL,'a52c4775-308c-4d4c-b1ac-7894dac55a1d',0,0,'2025-08-12 15:16:33.000000','2025-08-12 15:16:33.000000','admin','admin'),('389a509c-1d34-4cae-ae2a-399a14cb6a1d','16207e60-f981-415a-a683-908229be87b2','71822767-23ab-4f44-9282-0e118aa04dc1','5712f512-748f-4432-9581-c0f75255695e',NULL,NULL,'a52c4775-308c-4d4c-b1ac-7894dac55a1d',0,0,'2025-08-13 14:40:39.000000','2025-08-13 14:40:39.000000','admin','admin'),('392f5bab-f489-4e84-a16e-ec792997b25a','d6991222-bac4-4a49-95cb-4b58dcb0d759','e43a2b6f-aaa2-4c54-a3e9-55d84d3d53c2','6a754b92-9926-485a-827a-23a99392b2ff',NULL,NULL,'a52c4775-308c-4d4c-b1ac-7894dac55a1d',0,0,'2025-08-12 17:29:21.000000','2025-08-12 17:29:21.000000','admin','admin'),('394865c5-fe23-4622-bb63-45b855709598','ede3d41b-e4c6-43c7-82f0-5423292b1fdc','e852127d-33ac-4754-ba22-719dda87cc73','85f86ad6-b3c3-4b5d-ba73-0e96b5855a96',NULL,NULL,'a52c4775-308c-4d4c-b1ac-7894dac55a1d',0,0,'2025-08-13 15:54:58.000000','2025-08-13 15:54:58.000000','admin','admin'),('39d3e87c-996d-44f5-b223-14856897720e','a323c849-587c-4939-986e-ac274ee2aaef','0c86d624-4246-4c7e-bf5d-bd1b99446a3c','70334e3a-7b62-4283-9b97-075c47e1e874',NULL,NULL,'a52c4775-308c-4d4c-b1ac-7894dac55a1d',0,0,'2025-08-06 13:51:30.000000','2025-08-06 13:51:30.000000','admin','admin'),('3a0d509c-c961-46e5-8c38-53f2eb9d429e','996f270f-5858-4553-9470-3dddadedc890','a5dd2be0-9d2c-4ae7-bee3-b9d799b80958','7ee946a8-0e76-4230-8f37-4993eecd8f9e',NULL,NULL,'a52c4775-308c-4d4c-b1ac-7894dac55a1d',0,0,'2025-08-03 15:34:05.000000','2025-08-03 15:34:05.000000','admin','admin'),('3a34acb6-4622-4c0a-9ba6-7bab01586cfe','eebc0ad6-3c6e-4add-87c5-45b0c4229121','b5552c30-15be-4349-92bc-1b0fbff37f13','a572b527-f6ba-4baa-88da-d04e6e39ecfc',NULL,NULL,'a52c4775-308c-4d4c-b1ac-7894dac55a1d',1,0,'2025-08-10 16:02:14.000000','2025-08-10 16:02:14.000000','admin','admin'),('3a68b52e-176f-45d4-ad4f-c1d315da60d7','eebc0ad6-3c6e-4add-87c5-45b0c4229121','67754ac5-2bda-4f3b-a9b8-84856626d2d6','e875ca48-e3bd-41ed-870e-2b79494ced11',NULL,NULL,'a52c4775-308c-4d4c-b1ac-7894dac55a1d',0,0,'2025-08-10 16:27:12.000000','2025-08-10 16:27:12.000000','admin','admin'),('3b2c5e6d-fb2c-414a-b815-6b378ef619d9','eebc0ad6-3c6e-4add-87c5-45b0c4229121','c18c0ed9-3a8e-4cae-8708-64b2e7270831','b9250e93-6737-4969-9934-a62177e25065',NULL,NULL,'a52c4775-308c-4d4c-b1ac-7894dac55a1d',0,0,'2025-08-10 16:59:21.000000','2025-08-10 16:59:21.000000','admin','admin'),('3c87bbcd-20d8-4317-b217-46360a9758a2','191bdb96-2f59-4dd2-ae9a-5e8aa2075fb6','910ebfba-7837-4608-b6f2-4052735cdb47','a9ecbe37-bf25-4ee6-bb32-950f2a74d2fc',NULL,NULL,'a52c4775-308c-4d4c-b1ac-7894dac55a1d',0,0,'2025-08-12 13:00:30.000000','2025-08-12 13:00:30.000000','admin','admin'),('3cf9aade-e494-4ba1-97af-e9f83f09cd2c','9994f272-6709-4608-9fa2-b1f61f4049c4','f4e27717-b93c-4e83-8f2d-c83cc862b1e9','9d350971-0176-4fcc-b518-2526b9eeb200',NULL,NULL,'a52c4775-308c-4d4c-b1ac-7894dac55a1d',0,0,'2025-08-06 13:12:49.000000','2025-08-06 13:12:49.000000','admin','admin'),('3d2cae39-9bf5-4397-ab75-e0a582955a53','14e384db-1135-4d49-abc7-6245958090a5','e79d3fd6-8fa5-4224-bb41-148cdb02b295','d42f6a59-d838-4b79-a92c-158d5f79e8b9',NULL,NULL,'a52c4775-308c-4d4c-b1ac-7894dac55a1d',0,0,'2025-08-13 16:54:09.000000','2025-08-13 16:54:09.000000','admin','admin'),('3db1472e-dae9-4e42-82e9-4fdecff1e587','a323c849-587c-4939-986e-ac274ee2aaef','04b1c2eb-a3cf-426b-8151-ebbbfac4c588','dc979882-d399-4c2d-9a46-af69825fc38f','0','','a52c4775-308c-4d4c-b1ac-7894dac55a1d',0,0,'2025-08-06 13:45:22.000000','2025-08-06 13:46:36.000000','admin','admin'),('3db33577-c4c8-4364-9c8f-f0f234cbb419','76c17f9f-7f00-452c-bf64-3e5fba3435fa','83e65d1e-a6b4-48db-85ce-e74cebafa769','113e736e-63e2-46db-9445-f2efe1852be8',NULL,NULL,'a52c4775-308c-4d4c-b1ac-7894dac55a1d',0,0,'2025-08-13 15:19:19.000000','2025-08-13 15:19:19.000000','admin','admin'),('3dc5028d-e0ba-4d56-a2c4-96eaf1c5ed61','a323c849-587c-4939-986e-ac274ee2aaef','af7656ca-37e7-4607-8a06-64644576378c','877d9317-fb42-432e-a3e8-0da7f9c31a27',NULL,NULL,'a52c4775-308c-4d4c-b1ac-7894dac55a1d',0,0,'2025-08-06 13:41:45.000000','2025-08-06 13:41:45.000000','admin','admin'),('3e9019f9-dba2-4b0d-9d2f-a65961476689','eebc0ad6-3c6e-4add-87c5-45b0c4229121','67754ac5-2bda-4f3b-a9b8-84856626d2d6','15fdc68e-c0a1-44ec-9ccd-35b7e23d10e9',NULL,NULL,'a52c4775-308c-4d4c-b1ac-7894dac55a1d',0,0,'2025-08-10 16:27:25.000000','2025-08-10 16:27:25.000000','admin','admin'),('3eebe6b4-1801-4758-a638-79555b9c78f2','ede3d41b-e4c6-43c7-82f0-5423292b1fdc','95cb5bd6-e4ba-4199-b2ea-708fa91bce44','7929c33a-ef16-44b7-9591-3ff7ae04eda4',NULL,NULL,'a52c4775-308c-4d4c-b1ac-7894dac55a1d',0,0,'2025-08-13 15:54:31.000000','2025-08-13 15:54:31.000000','admin','admin'),('40e9b5cb-8833-471e-ad16-c693fbe270c6','7f662fcb-a07f-4c56-892a-78c749557130','14bd2c76-39c6-404e-8dad-72b4e6f0ac47','bfd1fc3d-a1f4-4196-85ac-b642a7bb45bf',NULL,NULL,'a52c4775-308c-4d4c-b1ac-7894dac55a1d',0,0,'2025-08-12 12:11:07.000000','2025-08-12 12:11:07.000000','admin','admin'),('411cf9c7-d74f-404b-abbc-900739c56a6d','ede3d41b-e4c6-43c7-82f0-5423292b1fdc','e852127d-33ac-4754-ba22-719dda87cc73','4aa2908d-7449-46f1-bf64-9e1478654c2f',NULL,NULL,'a52c4775-308c-4d4c-b1ac-7894dac55a1d',0,0,'2025-08-13 15:55:09.000000','2025-08-13 15:55:09.000000','admin','admin'),('4188f72b-e776-4b5b-868b-659a654febc8','c9fafd10-c441-43f3-96fa-15b7995f4c56','9534e690-b810-4f01-b3a2-99283ad99a6e','5158a535-61e4-4d86-91b6-0987f0703209',NULL,NULL,'a52c4775-308c-4d4c-b1ac-7894dac55a1d',0,0,'2025-08-11 13:05:57.000000','2025-08-11 13:05:57.000000','admin','admin'),('424d4dcd-8d42-44ac-81c8-948cec7e9db2','16207e60-f981-415a-a683-908229be87b2','914b3863-4100-460f-be30-f1a0a2472a69','1950dfdd-c8df-4eec-abfa-589d74e95ef1',NULL,NULL,'a52c4775-308c-4d4c-b1ac-7894dac55a1d',0,0,'2025-08-13 14:41:32.000000','2025-08-13 14:41:32.000000','admin','admin'),('4558263e-91ae-4a53-bfc5-7f2631a9662e','eebc0ad6-3c6e-4add-87c5-45b0c4229121','f8c724a1-c23d-4e7c-a673-439527b09152','b9250e93-6737-4969-9934-a62177e25065',NULL,NULL,'a52c4775-308c-4d4c-b1ac-7894dac55a1d',0,0,'2025-08-10 17:03:31.000000','2025-08-10 17:03:31.000000','admin','admin'),('45b698a6-b81e-451c-8dd9-f0adb4abb498','16207e60-f981-415a-a683-908229be87b2','730307a4-7deb-4765-8a41-1cdaf8ca4049','de6b316a-cc57-44d2-b2bc-120dd6e1da07',NULL,NULL,'a52c4775-308c-4d4c-b1ac-7894dac55a1d',0,0,'2025-08-13 14:42:52.000000','2025-08-13 14:42:52.000000','admin','admin'),('45c40fc5-fb81-40da-a669-51e2db987c7f','485e64be-11ec-45ea-81cf-fafc515838ff','5870c7d6-c721-466b-9405-ff4b4be9c9a6','49ae5c44-d356-41d6-9c5b-7ad132424f4a',NULL,NULL,'a52c4775-308c-4d4c-b1ac-7894dac55a1d',0,0,'2025-08-12 17:16:50.000000','2025-08-12 17:16:50.000000','admin','admin'),('45d19c68-e3af-4a62-acb5-8e5b428fa1a7','d580b963-ca71-4b62-bfb1-73d8e7f7baa0','edb016de-1c70-489e-a420-288f17a76b70','58f22a67-fbd6-47c9-9441-17ac70fd158b',NULL,NULL,'a52c4775-308c-4d4c-b1ac-7894dac55a1d',0,0,'2025-08-12 16:43:43.000000','2025-08-12 16:43:43.000000','admin','admin'),('45e0a178-5b55-4dcd-a1c7-25f3de350e8e','eebc0ad6-3c6e-4add-87c5-45b0c4229121','78bcb9d4-b45a-46b9-b374-8c2f59bc7e94','e875ca48-e3bd-41ed-870e-2b79494ced11',NULL,NULL,'a52c4775-308c-4d4c-b1ac-7894dac55a1d',0,0,'2025-08-10 16:03:41.000000','2025-08-10 16:03:41.000000','admin','admin'),('4633d0dc-ef25-474b-8834-f4b3970f0564','1c02efec-cc33-4a24-a76f-07ac6b21e208','477b0364-a97f-4b57-bacd-65670f478536','ddd86abc-e402-4e1a-b3db-4c46acb426fa',NULL,NULL,'a52c4775-308c-4d4c-b1ac-7894dac55a1d',0,0,'2025-08-13 17:30:44.000000','2025-08-13 17:30:44.000000','admin','admin'),('465d165d-b196-4cd3-b8aa-18bb9b1a6876','867559ad-0653-4165-aa8a-ca4363d71913','91d1ce6d-e3d6-4bf3-963b-616b296a8252','cdccb9be-5b13-41ce-86e6-c85035eaf714',NULL,NULL,'a52c4775-308c-4d4c-b1ac-7894dac55a1d',0,0,'2025-08-12 15:15:28.000000','2025-08-12 15:15:28.000000','admin','admin'),('4727b22d-c893-4952-8e65-866a7683b71a','c4b264c7-73db-4189-85ee-6f72d8fab8fc','d1a41f64-fd39-4270-b5ac-b5bac26ca63a','df53db04-eac5-40a6-a7ea-4071966e1c5d',NULL,NULL,'a52c4775-308c-4d4c-b1ac-7894dac55a1d',0,0,'2025-08-12 12:03:31.000000','2025-08-12 12:03:31.000000','admin','admin'),('472d07d8-1f5a-4697-a8c1-2c6a5d3e8be8','ff7b4a10-5ca1-41ec-be36-90289dd8df32','04cb31b5-9aed-4265-abc9-91c7ed7dd141','fc755128-9b74-4dff-8369-5f2503578676',NULL,NULL,'a52c4775-308c-4d4c-b1ac-7894dac55a1d',0,0,'2025-08-13 17:09:33.000000','2025-08-13 17:09:33.000000','admin','admin'),('480db10d-944a-4181-ac46-feb2282a4fe3','7f662fcb-a07f-4c56-892a-78c749557130','14bd2c76-39c6-404e-8dad-72b4e6f0ac47','1b3de98c-a06d-498a-9bf1-9ae5b8c6dd75',NULL,NULL,'a52c4775-308c-4d4c-b1ac-7894dac55a1d',0,0,'2025-08-12 12:11:37.000000','2025-08-12 12:11:37.000000','admin','admin'),('4abec661-5302-4177-97a3-61f7be2e5859','c4b264c7-73db-4189-85ee-6f72d8fab8fc','b3e2805a-dbc1-4c0c-91ce-5de7a578fc1b','e1a22d53-feec-4927-bcb4-75c4c05eba07',NULL,NULL,'a52c4775-308c-4d4c-b1ac-7894dac55a1d',0,0,'2025-08-12 12:01:01.000000','2025-08-12 12:01:01.000000','admin','admin'),('4ade057c-b10c-4b82-b299-39fbdd4ed9bf','cfc0e06e-c8f8-4da7-bfb0-4301d1f1f195','d4f48991-b9eb-4ae3-9cef-7284f771d514','2ded7e76-3f3b-422e-89da-d84bae9e40c0',NULL,NULL,'a52c4775-308c-4d4c-b1ac-7894dac55a1d',0,0,'2025-08-13 15:32:04.000000','2025-08-13 15:32:04.000000','admin','admin'),('4bfd2c6e-1ab0-4ebf-971e-97c18389b2c0','996f270f-5858-4553-9470-3dddadedc890','e2e05f1f-bd3e-462b-85b1-d0cc99413a4d','7ac374d7-9e59-4661-a475-9f16a6b0608a','0','','a52c4775-308c-4d4c-b1ac-7894dac55a1d',0,0,'2025-08-06 12:36:42.000000','2025-08-06 12:37:31.000000','admin','admin'),('4c0ea821-c3b4-4d2e-80a4-b63a06e76c3b','c4b264c7-73db-4189-85ee-6f72d8fab8fc','b3e2805a-dbc1-4c0c-91ce-5de7a578fc1b','38e7192e-924b-4807-9a69-b16ee74c9064',NULL,NULL,'a52c4775-308c-4d4c-b1ac-7894dac55a1d',0,0,'2025-08-12 12:01:48.000000','2025-08-12 12:01:48.000000','admin','admin'),('4c432bc5-da68-4e45-9c9f-484096184d62','996f270f-5858-4553-9470-3dddadedc890','3f4195f0-d2b5-43ee-8f44-1fc6ddee460b','7ee946a8-0e76-4230-8f37-4993eecd8f9e',NULL,NULL,'a52c4775-308c-4d4c-b1ac-7894dac55a1d',0,0,'2025-08-03 17:59:14.000000','2025-08-03 17:59:14.000000','admin','admin'),('4d70c925-91a3-4d4f-a9a2-6e347ea2c9df','867559ad-0653-4165-aa8a-ca4363d71913','3f6cc201-a4e2-4b38-9712-edce6f25d150','499f8ef2-a5b2-4b53-ab48-45c5cf8c51a7',NULL,NULL,'a52c4775-308c-4d4c-b1ac-7894dac55a1d',0,0,'2025-08-12 15:15:17.000000','2025-08-12 15:15:17.000000','admin','admin'),('4dce4def-2b99-4fad-a24c-c4c872efa93d','9994f272-6709-4608-9fa2-b1f61f4049c4','f4e27717-b93c-4e83-8f2d-c83cc862b1e9','b5ac627b-8d1e-41e6-9ef3-34f3b54e9b0a',NULL,NULL,'a52c4775-308c-4d4c-b1ac-7894dac55a1d',0,0,'2025-08-06 13:13:05.000000','2025-08-06 13:13:05.000000','admin','admin'),('4e2b6963-66b0-47f8-bda9-1f1a9fd4d162','996f270f-5858-4553-9470-3dddadedc890','a5dd2be0-9d2c-4ae7-bee3-b9d799b80958','22172170-8250-4d93-bb0f-12b35f4114b4','0','','a52c4775-308c-4d4c-b1ac-7894dac55a1d',0,0,'2025-07-31 19:24:09.000000','2025-08-03 15:32:55.000000','admin','admin'),('4e3826f7-41d0-46d3-a90c-552201352095','eebc0ad6-3c6e-4add-87c5-45b0c4229121','c18c0ed9-3a8e-4cae-8708-64b2e7270831','e875ca48-e3bd-41ed-870e-2b79494ced11',NULL,NULL,'a52c4775-308c-4d4c-b1ac-7894dac55a1d',0,0,'2025-08-10 16:59:25.000000','2025-08-10 16:59:25.000000','admin','admin'),('4ed161a5-dfca-474a-9c63-0d4324f81981','191bdb96-2f59-4dd2-ae9a-5e8aa2075fb6','910ebfba-7837-4608-b6f2-4052735cdb47','91a48a50-d294-4ab7-a085-c855a6695706',NULL,NULL,'a52c4775-308c-4d4c-b1ac-7894dac55a1d',0,0,'2025-08-12 13:01:19.000000','2025-08-12 13:01:19.000000','admin','admin'),('4f367896-bc0a-4c28-9f91-b67f6c9003cb','16207e60-f981-415a-a683-908229be87b2','57fbe2e9-d643-479e-b907-caf8856372d8','09dab8f9-4a12-4285-8032-9b4a6155e0e3',NULL,NULL,'a52c4775-308c-4d4c-b1ac-7894dac55a1d',0,0,'2025-08-13 14:43:48.000000','2025-08-13 14:43:48.000000','admin','admin'),('4fd7fad1-d1fb-494c-b885-fb53177badaa','edee2a02-298d-4da1-a0ce-6c28711b3f91','9cc9c503-ea43-4502-ae80-2fbdf958e474','8d38d311-1f1d-468e-b88b-49f41e5cd7cc',NULL,NULL,'a52c4775-308c-4d4c-b1ac-7894dac55a1d',0,0,'2025-08-12 16:59:23.000000','2025-08-12 16:59:23.000000','admin','admin'),('4ffd4f1f-5990-4086-a021-0a2871ac3eee','76c17f9f-7f00-452c-bf64-3e5fba3435fa','809b6fdd-32c6-4bcc-a5d6-0956e880207d','d84fcd64-ec16-441d-abfb-6551c63c222c',NULL,NULL,'a52c4775-308c-4d4c-b1ac-7894dac55a1d',0,0,'2025-08-13 15:17:53.000000','2025-08-13 15:17:53.000000','admin','admin'),('5007a319-00ca-45c9-909e-a36c95882e54','ede3d41b-e4c6-43c7-82f0-5423292b1fdc','e852127d-33ac-4754-ba22-719dda87cc73','41a5613f-e956-46cc-9e80-80f164c2b0ea',NULL,NULL,'a52c4775-308c-4d4c-b1ac-7894dac55a1d',0,0,'2025-08-13 15:55:55.000000','2025-08-13 15:55:55.000000','admin','admin'),('504fff6f-243f-48ef-94dd-272989c65028','1912e526-4d84-4e94-a397-4a617e3c4bed','d88adf9b-d127-4a68-8dfe-5af63d41308e','0119d8c6-e8d0-4dc6-a75c-12fe6be3f082',NULL,NULL,'a52c4775-308c-4d4c-b1ac-7894dac55a1d',0,0,'2025-08-11 13:15:35.000000','2025-08-11 13:15:35.000000','admin','admin'),('51719349-0f87-48e8-a44b-e73b80ec961b','76c17f9f-7f00-452c-bf64-3e5fba3435fa','81ed98b5-5d40-45bd-bcf2-e713c505198a','43c30bca-5646-4b6e-9d4f-8861afad7407',NULL,NULL,'a52c4775-308c-4d4c-b1ac-7894dac55a1d',0,0,'2025-08-13 15:17:14.000000','2025-08-13 15:17:14.000000','admin','admin'),('53da6b10-d3bf-4664-9bd4-d7ddbb50f7a6','867559ad-0653-4165-aa8a-ca4363d71913','91d1ce6d-e3d6-4bf3-963b-616b296a8252','ea56fd26-87f2-45f4-a3fa-f084173f876e',NULL,NULL,'a52c4775-308c-4d4c-b1ac-7894dac55a1d',0,0,'2025-08-12 15:15:24.000000','2025-08-12 15:15:24.000000','admin','admin'),('542551ce-ff07-44b2-b1ba-743735a974ef','485e64be-11ec-45ea-81cf-fafc515838ff','5870c7d6-c721-466b-9405-ff4b4be9c9a6','0605af5f-d5f4-468f-9807-9295e5ce48a4',NULL,NULL,'a52c4775-308c-4d4c-b1ac-7894dac55a1d',0,0,'2025-08-12 17:16:47.000000','2025-08-12 17:16:47.000000','admin','admin'),('5473d75e-d4b0-409e-ace7-76ef12ee0b4b','7b5259f5-7ae8-4846-bc6d-ded8eb60504d','567c672c-9890-490f-aba3-8e6728f80981','b407e90b-4a95-43a5-9a76-b1c1a4ea4ece',NULL,NULL,'a52c4775-308c-4d4c-b1ac-7894dac55a1d',0,0,'2025-08-13 16:50:13.000000','2025-08-13 16:50:13.000000','admin','admin'),('55e1fab8-e382-4ae4-b939-814dc37bdfb5','ffc8051e-bd1f-4120-a303-0edd80b59253','7c799223-3c86-48da-80d6-6c685bbfdd55','d5b3f8d2-01fb-45b4-b37d-43cf2654ac94',NULL,NULL,'a52c4775-308c-4d4c-b1ac-7894dac55a1d',0,0,'2025-08-12 15:51:02.000000','2025-08-12 15:51:02.000000','admin','admin'),('56166cc4-08d0-4e5a-b5f0-1c9c25887a91','996f270f-5858-4553-9470-3dddadedc890','a6e8a917-4d27-4f0b-8268-c477b768845b','7ac374d7-9e59-4661-a475-9f16a6b0608a',NULL,NULL,'a52c4775-308c-4d4c-b1ac-7894dac55a1d',0,0,'2025-07-30 18:09:28.000000','2025-07-30 18:09:28.000000','admin','admin'),('5635cf86-3387-4125-84e1-7211eaf9ab98','867559ad-0653-4165-aa8a-ca4363d71913','4281fa16-3835-485e-8305-d62caa24a03f','534e7bb2-b9b6-4e28-841f-fa2983f635c1',NULL,NULL,'a52c4775-308c-4d4c-b1ac-7894dac55a1d',0,0,'2025-08-12 15:17:32.000000','2025-08-12 15:17:32.000000','admin','admin'),('5759318b-9c48-46dd-99df-359909f1939f','a323c849-587c-4939-986e-ac274ee2aaef','e20f4590-cd34-435c-a3f7-3cbf2211302d','57557edb-93d9-45d5-955b-cd99468fee5d',NULL,NULL,'a52c4775-308c-4d4c-b1ac-7894dac55a1d',0,0,'2025-08-06 13:49:45.000000','2025-08-06 13:49:45.000000','admin','admin'),('57ed9fa1-2b39-436b-8c6c-b328dcdc9562','cfc0e06e-c8f8-4da7-bfb0-4301d1f1f195','d4f48991-b9eb-4ae3-9cef-7284f771d514','a8329308-4d87-43f9-a409-f00a9b452313',NULL,NULL,'a52c4775-308c-4d4c-b1ac-7894dac55a1d',0,0,'2025-08-13 15:32:24.000000','2025-08-13 15:32:24.000000','admin','admin'),('582a52e9-bcbd-4208-a009-34dddf847b87','a989196f-6a7b-4ac3-8144-a6e196087271','ecb60e8c-d97d-4374-903d-1947c6f4ab00','fc502729-aabe-41ca-93ab-7d72a16e2d66',NULL,NULL,'a52c4775-308c-4d4c-b1ac-7894dac55a1d',0,0,'2025-08-13 14:49:08.000000','2025-08-13 14:49:08.000000','admin','admin'),('59cb566d-df85-4ebb-9388-92c7edb35b8e','191bdb96-2f59-4dd2-ae9a-5e8aa2075fb6','c94a1c3d-48a3-44db-9f62-6235e4375043','0f3fc986-5981-4a3a-a3de-4947db453ab1',NULL,NULL,'a52c4775-308c-4d4c-b1ac-7894dac55a1d',0,0,'2025-08-12 13:01:48.000000','2025-08-12 13:01:48.000000','admin','admin'),('5a1b8cc3-2dd1-47ca-8d5c-b737459d0043','76c17f9f-7f00-452c-bf64-3e5fba3435fa','f3ed342d-233f-4cd6-91dc-1d6a927122b3','6401a587-dcb8-484a-82bd-5007833506f7',NULL,NULL,'a52c4775-308c-4d4c-b1ac-7894dac55a1d',0,0,'2025-08-13 15:20:31.000000','2025-08-13 15:20:31.000000','admin','admin'),('5a4cbc6e-dc42-4120-9389-e71a133167e7','7f662fcb-a07f-4c56-892a-78c749557130','14bd2c76-39c6-404e-8dad-72b4e6f0ac47','57a60d24-f28f-4f18-9d94-c93559ba4427',NULL,NULL,'a52c4775-308c-4d4c-b1ac-7894dac55a1d',0,0,'2025-08-12 12:11:01.000000','2025-08-12 12:11:01.000000','admin','admin'),('5a92aa60-e2ae-4fef-b56a-a8c7b6a3d1c7','ede3d41b-e4c6-43c7-82f0-5423292b1fdc','4cb7ef22-7c91-4fbe-bfa3-049abeef027c','39c7be24-586f-4246-a0e9-107b414489c7',NULL,NULL,'a52c4775-308c-4d4c-b1ac-7894dac55a1d',0,0,'2025-08-13 15:56:29.000000','2025-08-13 15:56:29.000000','admin','admin'),('5b74e91f-9e2f-44de-ad5e-238e0f212c4f','14e384db-1135-4d49-abc7-6245958090a5','e79d3fd6-8fa5-4224-bb41-148cdb02b295','6dfe1fe3-4fa6-4486-a793-f3edd132d14a',NULL,NULL,'a52c4775-308c-4d4c-b1ac-7894dac55a1d',0,0,'2025-08-13 16:54:12.000000','2025-08-13 16:54:12.000000','admin','admin'),('5bf9a505-cbfe-4e18-b978-d1f37784a5b7','eebc0ad6-3c6e-4add-87c5-45b0c4229121','7ecf669f-963a-450a-99fb-482281656c50','a572b527-f6ba-4baa-88da-d04e6e39ecfc','0','','a52c4775-308c-4d4c-b1ac-7894dac55a1d',1,0,'2025-08-10 16:56:15.000000','2025-08-10 16:56:23.000000','admin','admin'),('5cec1950-83da-479c-8471-61d8b521c78a','7b5259f5-7ae8-4846-bc6d-ded8eb60504d','567c672c-9890-490f-aba3-8e6728f80981','f1177855-9f24-4595-8380-9e46af01dc66',NULL,NULL,'a52c4775-308c-4d4c-b1ac-7894dac55a1d',0,0,'2025-08-13 16:50:20.000000','2025-08-13 16:50:20.000000','admin','admin'),('5dae87a4-fbed-4f1d-a908-68376170db48','14e384db-1135-4d49-abc7-6245958090a5','e79d3fd6-8fa5-4224-bb41-148cdb02b295','f52ab360-9537-4ffd-80f2-5ae6c2e7f69a',NULL,NULL,'a52c4775-308c-4d4c-b1ac-7894dac55a1d',0,0,'2025-08-13 16:54:15.000000','2025-08-13 16:54:15.000000','admin','admin'),('63057a20-d3c5-4736-9930-9624a7e8f706','485e64be-11ec-45ea-81cf-fafc515838ff','5870c7d6-c721-466b-9405-ff4b4be9c9a6','b7d78d48-3f75-4522-abfd-cc1d5f3793b6',NULL,NULL,'a52c4775-308c-4d4c-b1ac-7894dac55a1d',0,0,'2025-08-12 17:16:29.000000','2025-08-12 17:16:29.000000','admin','admin'),('653772ae-3eb9-4208-bf24-236f3fa564c3','a323c849-587c-4939-986e-ac274ee2aaef','0c86d624-4246-4c7e-bf5d-bd1b99446a3c','dc979882-d399-4c2d-9a46-af69825fc38f',NULL,NULL,'a52c4775-308c-4d4c-b1ac-7894dac55a1d',0,0,'2025-08-06 13:50:39.000000','2025-08-06 13:50:39.000000','admin','admin'),('6727ed3f-423e-49b2-a85b-43f6d18be174','cfc0e06e-c8f8-4da7-bfb0-4301d1f1f195','d4f48991-b9eb-4ae3-9cef-7284f771d514','852165b2-b0e4-4f40-aeff-db8d544a11c0',NULL,NULL,'a52c4775-308c-4d4c-b1ac-7894dac55a1d',0,0,'2025-08-13 15:32:15.000000','2025-08-13 15:32:15.000000','admin','admin'),('67dd4a65-1577-4725-97eb-b81db202cc56','c4b264c7-73db-4189-85ee-6f72d8fab8fc','829441f9-4ea0-4edb-b658-769789ea80b8','ccbfdf32-3eaa-411a-aa04-2edb48cb0ebe',NULL,NULL,'a52c4775-308c-4d4c-b1ac-7894dac55a1d',0,0,'2025-08-12 12:02:29.000000','2025-08-12 12:02:29.000000','admin','admin'),('6919ee53-6026-46fa-96f3-b4801e13cb4e','eebc0ad6-3c6e-4add-87c5-45b0c4229121','67754ac5-2bda-4f3b-a9b8-84856626d2d6','dd63857a-3571-461c-9ffb-226827c99f44',NULL,NULL,'a52c4775-308c-4d4c-b1ac-7894dac55a1d',0,0,'2025-08-10 16:27:18.000000','2025-08-10 16:27:18.000000','admin','admin'),('6a5f4ce0-2fd7-49df-81f8-0d411ed28d2a','ede3d41b-e4c6-43c7-82f0-5423292b1fdc','eaee9afc-0b50-4d7c-b849-be6f90f65aeb','7d011ea1-a060-4387-91c2-9b41ee811fc4',NULL,NULL,'a52c4775-308c-4d4c-b1ac-7894dac55a1d',0,0,'2025-08-13 15:53:45.000000','2025-08-13 15:53:45.000000','admin','admin'),('6bc2b386-410f-42c3-ab13-976a9ae91f7c','76c17f9f-7f00-452c-bf64-3e5fba3435fa','809b6fdd-32c6-4bcc-a5d6-0956e880207d','7fd08e2f-bf35-4e81-b970-ecb7b4d99a91',NULL,NULL,'a52c4775-308c-4d4c-b1ac-7894dac55a1d',0,0,'2025-08-13 15:19:03.000000','2025-08-13 15:19:03.000000','admin','admin'),('6c3c07e3-b76f-4d87-a716-b2e0f3d1b585','996f270f-5858-4553-9470-3dddadedc890','f93ecd0e-914f-404d-b26b-f310a52843ef','22172170-8250-4d93-bb0f-12b35f4114b4','0','','a52c4775-308c-4d4c-b1ac-7894dac55a1d',0,0,'2025-07-31 19:23:16.000000','2025-07-31 20:00:17.000000','admin','admin'),('6cef49e5-49e8-4ebb-afd8-eae07d17879b','ff7b4a10-5ca1-41ec-be36-90289dd8df32','e844060a-f20d-4248-9f12-23c88854661a','fe7895ce-a7ac-4311-aa6a-ac65780b998a',NULL,NULL,'a52c4775-308c-4d4c-b1ac-7894dac55a1d',0,0,'2025-08-13 17:08:55.000000','2025-08-13 17:08:55.000000','admin','admin'),('6d0ccf57-494d-457b-b5d3-368079ede3fb','c4b264c7-73db-4189-85ee-6f72d8fab8fc','829441f9-4ea0-4edb-b658-769789ea80b8','7acc5c61-b80f-4ded-9f2b-84159c125448',NULL,NULL,'a52c4775-308c-4d4c-b1ac-7894dac55a1d',0,0,'2025-08-12 12:03:12.000000','2025-08-12 12:03:12.000000','admin','admin'),('6d7fcda2-1bc7-48f4-9829-e9f33b710ec4','7f662fcb-a07f-4c56-892a-78c749557130','14bd2c76-39c6-404e-8dad-72b4e6f0ac47','44b4cbea-b207-4243-8873-1de3f94a425a',NULL,NULL,'a52c4775-308c-4d4c-b1ac-7894dac55a1d',0,0,'2025-08-12 12:11:32.000000','2025-08-12 12:11:32.000000','admin','admin'),('6ee5b6df-5173-45ed-a8f2-b93ad1b23de9','eebc0ad6-3c6e-4add-87c5-45b0c4229121','f8c724a1-c23d-4e7c-a673-439527b09152','e875ca48-e3bd-41ed-870e-2b79494ced11',NULL,NULL,'a52c4775-308c-4d4c-b1ac-7894dac55a1d',0,0,'2025-08-10 17:03:37.000000','2025-08-10 17:03:37.000000','admin','admin'),('6f2d85ce-9fbb-4a4f-bb4a-2a817f78af03','14e384db-1135-4d49-abc7-6245958090a5','e79d3fd6-8fa5-4224-bb41-148cdb02b295','7bec6530-9796-4892-8169-5bbf18e71f51',NULL,NULL,'a52c4775-308c-4d4c-b1ac-7894dac55a1d',0,0,'2025-08-13 16:54:06.000000','2025-08-13 16:54:06.000000','admin','admin'),('7059abea-684a-45ee-afab-914ecb968c7a','a323c849-587c-4939-986e-ac274ee2aaef','af7656ca-37e7-4607-8a06-64644576378c','226f4ba9-0440-48f7-be4d-d1752370a176',NULL,NULL,'a52c4775-308c-4d4c-b1ac-7894dac55a1d',0,0,'2025-08-06 13:40:58.000000','2025-08-06 13:40:58.000000','admin','admin'),('70b9379d-243f-4b7a-a8f8-93e85d0f09aa','9994f272-6709-4608-9fa2-b1f61f4049c4','f4e27717-b93c-4e83-8f2d-c83cc862b1e9','3b96f83d-c838-46b3-8104-229a79d974a9',NULL,NULL,'a52c4775-308c-4d4c-b1ac-7894dac55a1d',0,0,'2025-08-06 13:12:38.000000','2025-08-06 13:12:38.000000','admin','admin'),('70e94ad4-5b9e-431d-aa81-69ca84db1a70','eebc0ad6-3c6e-4add-87c5-45b0c4229121','31bb91be-c5af-476c-8566-762f5a77e044','bd0b4570-e8dd-482b-afcf-2a3460ede23c',NULL,NULL,'a52c4775-308c-4d4c-b1ac-7894dac55a1d',0,0,'2025-08-10 16:04:50.000000','2025-08-10 16:04:50.000000','admin','admin'),('7274d7a7-020f-40bd-8ad3-bc484dfce952','edee2a02-298d-4da1-a0ce-6c28711b3f91','bfe5ab42-fb6a-4368-beb7-b8e74a227f36','57b6860e-2f7a-475a-884b-c110ec83c1e7',NULL,NULL,'a52c4775-308c-4d4c-b1ac-7894dac55a1d',0,0,'2025-08-12 17:00:30.000000','2025-08-12 17:00:30.000000','admin','admin'),('72dce408-2dce-47c1-90d7-deccdd35bfe5','cfc0e06e-c8f8-4da7-bfb0-4301d1f1f195','d4f48991-b9eb-4ae3-9cef-7284f771d514','2bfab941-4ed9-417b-9e27-230e20440e04',NULL,NULL,'a52c4775-308c-4d4c-b1ac-7894dac55a1d',0,0,'2025-08-13 15:32:32.000000','2025-08-13 15:32:32.000000','admin','admin'),('72e2a99d-f02c-4cff-a993-f7e64878ca61','191bdb96-2f59-4dd2-ae9a-5e8aa2075fb6','3b688270-f127-44ab-9813-0193b329a5d3','2677ff01-7115-43ed-9537-b5c23a813005',NULL,NULL,'a52c4775-308c-4d4c-b1ac-7894dac55a1d',0,0,'2025-08-12 13:00:08.000000','2025-08-12 13:00:08.000000','admin','admin'),('7341db64-0806-48eb-bc81-fb95ee030016','eebc0ad6-3c6e-4add-87c5-45b0c4229121','ab311828-95d9-4ef7-8952-a6acaa8b3a84','09fa367b-e884-4c44-9a8e-466a8bb53087',NULL,NULL,'a52c4775-308c-4d4c-b1ac-7894dac55a1d',0,0,'2025-08-10 16:08:59.000000','2025-08-10 16:08:59.000000','admin','admin'),('7383ad50-b0f7-4958-aaab-b304848f8973','76c17f9f-7f00-452c-bf64-3e5fba3435fa','809b6fdd-32c6-4bcc-a5d6-0956e880207d','055083d0-f1d4-4e2e-adbf-6effcc51f297',NULL,NULL,'a52c4775-308c-4d4c-b1ac-7894dac55a1d',0,0,'2025-08-13 15:18:24.000000','2025-08-13 15:18:24.000000','admin','admin'),('74411e44-7add-4cbf-bcc6-8c100fa565c1','c4b264c7-73db-4189-85ee-6f72d8fab8fc','829441f9-4ea0-4edb-b658-769789ea80b8','5827d4f5-88f3-4272-96bd-ae19346cc791',NULL,NULL,'a52c4775-308c-4d4c-b1ac-7894dac55a1d',0,0,'2025-08-12 12:03:21.000000','2025-08-12 12:03:21.000000','admin','admin'),('7443436a-3542-4762-aa46-1e5fabf2daf2','ff7b4a10-5ca1-41ec-be36-90289dd8df32','69d1e1dc-a832-47b8-a8a9-4d9a489cd462','cd769174-b753-4456-ab30-0b636d12474a',NULL,NULL,'a52c4775-308c-4d4c-b1ac-7894dac55a1d',0,0,'2025-08-13 17:08:39.000000','2025-08-13 17:08:39.000000','admin','admin'),('749a81f6-8dc0-4e7c-914a-2a9a46382c15','c4b264c7-73db-4189-85ee-6f72d8fab8fc','7cc9148b-0e6b-4bd0-b652-2a65374e016e','b40a2e70-239b-4c94-945c-9a4688d81b84',NULL,NULL,'a52c4775-308c-4d4c-b1ac-7894dac55a1d',0,0,'2025-08-12 12:04:02.000000','2025-08-12 12:04:02.000000','admin','admin'),('74e27492-b1ed-4c45-8d08-b0691cf0f533','867559ad-0653-4165-aa8a-ca4363d71913','8d873bcb-6440-473a-8bc0-99d02ef2e1bf','4f2cc98c-aaa6-4301-a685-0213e671fcf9',NULL,NULL,'a52c4775-308c-4d4c-b1ac-7894dac55a1d',0,0,'2025-08-12 15:16:55.000000','2025-08-12 15:16:55.000000','admin','admin'),('7570d82c-02cc-48d6-8a0b-02427858cf55','76c17f9f-7f00-452c-bf64-3e5fba3435fa','83e65d1e-a6b4-48db-85ce-e74cebafa769','18d4b350-777c-45d3-b70d-878b083993d9',NULL,NULL,'a52c4775-308c-4d4c-b1ac-7894dac55a1d',0,0,'2025-08-13 15:20:15.000000','2025-08-13 15:20:15.000000','admin','admin'),('75992ddb-1784-4652-b4fc-fae969d68d14','485e64be-11ec-45ea-81cf-fafc515838ff','5870c7d6-c721-466b-9405-ff4b4be9c9a6','8fdedf30-7d37-47e3-9708-bbc125e6f79c',NULL,NULL,'a52c4775-308c-4d4c-b1ac-7894dac55a1d',0,0,'2025-08-12 17:16:32.000000','2025-08-12 17:16:32.000000','admin','admin'),('76cc5dd1-954b-4ca2-aba0-010a103d4863','b7ec9557-0506-4ba5-9e7c-a7740b2aa877','a689af82-a6b0-4364-b9ed-a4f879cd7274','f367bb87-1abf-4ca1-a7e7-89eea4f3fc79',NULL,NULL,'a52c4775-308c-4d4c-b1ac-7894dac55a1d',0,0,'2025-08-13 18:21:58.000000','2025-08-13 18:21:58.000000','admin','admin'),('77db4074-9a7e-40b3-8204-76f41a5103a5','ede3d41b-e4c6-43c7-82f0-5423292b1fdc','95cb5bd6-e4ba-4199-b2ea-708fa91bce44','dbc98612-fb9d-4e86-ba8d-ec003cb8ed71',NULL,NULL,'a52c4775-308c-4d4c-b1ac-7894dac55a1d',0,0,'2025-08-13 15:54:12.000000','2025-08-13 15:54:12.000000','admin','admin'),('78d35620-753d-4b7a-9fc7-8e7ac9d51253','16207e60-f981-415a-a683-908229be87b2','914b3863-4100-460f-be30-f1a0a2472a69','7e49a13b-c4ab-4b8a-b3d7-d52a1188d917',NULL,NULL,'a52c4775-308c-4d4c-b1ac-7894dac55a1d',0,0,'2025-08-13 14:42:04.000000','2025-08-13 14:42:04.000000','admin','admin'),('78ff4d07-dfd7-4ad3-b1df-26ad8c085779','61ddbc58-8b74-4b7a-8d55-06b9b629250c','b4c3f6ef-fecb-40e5-be4e-b38725bd44d8','3ccad696-34c0-4a29-9853-d46b6551d93d',NULL,NULL,'a52c4775-308c-4d4c-b1ac-7894dac55a1d',0,0,'2025-08-06 15:52:36.000000','2025-08-06 15:52:36.000000','admin','admin'),('7904cace-6873-425d-96c3-6e76f31fdd9e','eebc0ad6-3c6e-4add-87c5-45b0c4229121','f8c724a1-c23d-4e7c-a673-439527b09152','dd63857a-3571-461c-9ffb-226827c99f44',NULL,NULL,'a52c4775-308c-4d4c-b1ac-7894dac55a1d',0,0,'2025-08-10 17:03:42.000000','2025-08-10 17:03:42.000000','admin','admin'),('79106757-d65f-42f3-baa8-bd1134be41dd','76c17f9f-7f00-452c-bf64-3e5fba3435fa','809b6fdd-32c6-4bcc-a5d6-0956e880207d','2849f855-d3c4-46c0-b261-d7189a044b0b',NULL,NULL,'a52c4775-308c-4d4c-b1ac-7894dac55a1d',0,0,'2025-08-13 15:18:48.000000','2025-08-13 15:18:48.000000','admin','admin'),('7a5407e5-bcb0-4e3b-b5f0-694bb611cf8a','191bdb96-2f59-4dd2-ae9a-5e8aa2075fb6','3b688270-f127-44ab-9813-0193b329a5d3','760d6160-d5fd-43c0-bb44-ab5060d899ea',NULL,NULL,'a52c4775-308c-4d4c-b1ac-7894dac55a1d',0,0,'2025-08-12 13:00:04.000000','2025-08-12 13:00:04.000000','admin','admin'),('7ad1fbc8-0fc2-46f7-ab17-e18181bb8ef0','7b5259f5-7ae8-4846-bc6d-ded8eb60504d','567c672c-9890-490f-aba3-8e6728f80981','b69ad80e-d28b-4ed6-a43c-c065318e2e9e',NULL,NULL,'a52c4775-308c-4d4c-b1ac-7894dac55a1d',0,0,'2025-08-13 16:50:04.000000','2025-08-13 16:50:04.000000','admin','admin'),('7bf4f329-100e-4253-a311-1cc138f04480','996f270f-5858-4553-9470-3dddadedc890','62dedd8f-dd4d-4901-b6f5-735fda7fc229','0f939cf2-a7e6-4546-bcf1-d9a84769aa77',NULL,NULL,'a52c4775-308c-4d4c-b1ac-7894dac55a1d',0,0,'2025-07-31 19:39:46.000000','2025-07-31 19:39:46.000000','admin','admin'),('7c0aa385-0cf2-4b3f-9bc6-95bb1a641d1b','c4b264c7-73db-4189-85ee-6f72d8fab8fc','b3e2805a-dbc1-4c0c-91ce-5de7a578fc1b','c07295bb-e413-4708-a90b-9f9003c8234a',NULL,NULL,'a52c4775-308c-4d4c-b1ac-7894dac55a1d',0,0,'2025-08-12 12:01:28.000000','2025-08-12 12:01:28.000000','admin','admin'),('7c33956d-7bf1-4757-8290-f3c99c3d68aa','61ddbc58-8b74-4b7a-8d55-06b9b629250c','b4c3f6ef-fecb-40e5-be4e-b38725bd44d8','79e6134f-2d56-4478-84ab-9bcb575dadf3',NULL,NULL,'a52c4775-308c-4d4c-b1ac-7894dac55a1d',0,0,'2025-08-06 15:52:57.000000','2025-08-06 15:52:57.000000','admin','admin'),('7d424cbd-ccc7-43dd-b00d-2da648c2e182','76c17f9f-7f00-452c-bf64-3e5fba3435fa','83e65d1e-a6b4-48db-85ce-e74cebafa769','ae0952d1-d1fd-4a0a-aec5-d81527e8dacb',NULL,NULL,'a52c4775-308c-4d4c-b1ac-7894dac55a1d',0,0,'2025-08-13 15:19:29.000000','2025-08-13 15:19:29.000000','admin','admin'),('7d4c502e-0fe5-40b3-ac28-19d26264de8e','1912e526-4d84-4e94-a397-4a617e3c4bed','d88adf9b-d127-4a68-8dfe-5af63d41308e','e959f188-3a97-4b47-9eac-81cf275282d8',NULL,NULL,'a52c4775-308c-4d4c-b1ac-7894dac55a1d',0,0,'2025-08-11 13:15:26.000000','2025-08-11 13:15:26.000000','admin','admin'),('7ddc06e8-766a-454d-a4af-c292856f9576','ede3d41b-e4c6-43c7-82f0-5423292b1fdc','4cb7ef22-7c91-4fbe-bfa3-049abeef027c','d13a2c10-29d4-4639-b4c6-9d6754d1cab0',NULL,NULL,'a52c4775-308c-4d4c-b1ac-7894dac55a1d',0,0,'2025-08-13 15:56:24.000000','2025-08-13 15:56:24.000000','admin','admin'),('7e00ca71-4d19-43b4-81fc-08282c156e5b','ede3d41b-e4c6-43c7-82f0-5423292b1fdc','eaee9afc-0b50-4d7c-b849-be6f90f65aeb','96535fff-4bc5-4a49-9df3-064fb885fad3',NULL,NULL,'a52c4775-308c-4d4c-b1ac-7894dac55a1d',0,0,'2025-08-13 15:52:38.000000','2025-08-13 15:52:38.000000','admin','admin'),('7e1dc355-b1f8-4133-92b1-6f63ceaa91a8','eebc0ad6-3c6e-4add-87c5-45b0c4229121','7ecf669f-963a-450a-99fb-482281656c50','af798f30-ae38-4332-8bd8-995c8c7fcc57',NULL,NULL,'a52c4775-308c-4d4c-b1ac-7894dac55a1d',0,0,'2025-08-10 16:54:25.000000','2025-08-10 16:54:25.000000','admin','admin'),('7e56dbe3-f6ac-4b31-bc8f-b442dd9496b0','8cc35be4-3624-4114-9dbc-b3411b6ee26d','8a9cb4e7-e1fa-4ede-90e4-04e6aa7ac27e','6de73f23-2ceb-4afe-8006-c5938da11452',NULL,NULL,'a52c4775-308c-4d4c-b1ac-7894dac55a1d',0,0,'2025-08-11 13:12:52.000000','2025-08-11 13:12:52.000000','admin','admin'),('7e7fcc19-3f2c-4213-adc7-e40b9f24d5da','16207e60-f981-415a-a683-908229be87b2','388c33f1-2f28-4b3c-af02-9ecfcd6b043e','111bcb3c-aa2d-493f-aca6-760a816d4772',NULL,NULL,'a52c4775-308c-4d4c-b1ac-7894dac55a1d',0,0,'2025-08-13 14:43:30.000000','2025-08-13 14:43:30.000000','admin','admin'),('7ecaaeec-ee14-4c53-825f-284ecffc5792','16207e60-f981-415a-a683-908229be87b2','730307a4-7deb-4765-8a41-1cdaf8ca4049','9bd430cf-54b7-4dd4-9c58-34d753395e1e',NULL,NULL,'a52c4775-308c-4d4c-b1ac-7894dac55a1d',0,0,'2025-08-13 14:42:57.000000','2025-08-13 14:42:57.000000','admin','admin'),('7ffadc9d-5647-4406-8b21-bc5f7e2490b5','68a56585-1403-4f57-ba8b-a1f83b68eb71','9432a35f-4d1c-424c-b311-22df0efa7c18','4e26e76f-5384-4a06-94f4-2cfe91846239',NULL,NULL,'a52c4775-308c-4d4c-b1ac-7894dac55a1d',0,0,'2025-08-12 14:59:34.000000','2025-08-12 14:59:34.000000','admin','admin'),('80524e1b-e823-40c4-a8ba-70f7312bf99b','e93e00f2-7bf3-4086-9f21-136407c13ef1','15c2e9cb-606e-444a-868b-33320c24a504','5c9eb628-a8e9-4588-bbf0-2eadebd1a16b',NULL,NULL,'a52c4775-308c-4d4c-b1ac-7894dac55a1d',0,0,'2025-08-06 13:20:17.000000','2025-08-06 13:20:17.000000','admin','admin'),('80a3d92d-1dcb-4af9-8eb7-7ac29f0ffe05','76c17f9f-7f00-452c-bf64-3e5fba3435fa','809b6fdd-32c6-4bcc-a5d6-0956e880207d','356dd25e-1aef-4eae-aa6f-49d0cd6d3b4c',NULL,NULL,'a52c4775-308c-4d4c-b1ac-7894dac55a1d',0,0,'2025-08-13 15:18:33.000000','2025-08-13 15:18:33.000000','admin','admin'),('80e0b9be-8506-4871-89e8-35162e570de6','eebc0ad6-3c6e-4add-87c5-45b0c4229121','b5552c30-15be-4349-92bc-1b0fbff37f13','b49572a7-916c-4787-af67-1424547f5b45',NULL,NULL,'a52c4775-308c-4d4c-b1ac-7894dac55a1d',1,0,'2025-08-10 16:02:37.000000','2025-08-10 16:02:37.000000','admin','admin'),('81068103-3a3c-4448-991a-1f6e05397992','c4b264c7-73db-4189-85ee-6f72d8fab8fc','829441f9-4ea0-4edb-b658-769789ea80b8','9652b724-1e5e-4a42-9455-021d07d2b32f',NULL,NULL,'a52c4775-308c-4d4c-b1ac-7894dac55a1d',0,0,'2025-08-12 12:02:33.000000','2025-08-12 12:02:33.000000','admin','admin'),('8109a9ac-ab26-494a-88e3-9b1fd2fd53b7','edee2a02-298d-4da1-a0ce-6c28711b3f91','9e359dca-7358-4fb2-936f-470fb84f6391','6594a8f4-afc5-4790-9caa-1eeaea7b1e1b',NULL,NULL,'a52c4775-308c-4d4c-b1ac-7894dac55a1d',0,0,'2025-08-12 17:00:12.000000','2025-08-12 17:00:12.000000','admin','admin'),('811dd7d7-a0d6-41f6-9f64-eb8a1600b674','ede3d41b-e4c6-43c7-82f0-5423292b1fdc','e852127d-33ac-4754-ba22-719dda87cc73','abdf2a8b-d08c-4d76-a1e3-2d0ac6768276',NULL,NULL,'a52c4775-308c-4d4c-b1ac-7894dac55a1d',0,0,'2025-08-13 15:55:22.000000','2025-08-13 15:55:22.000000','admin','admin'),('81e37890-5e84-422f-aaf1-cd428524beea','76c17f9f-7f00-452c-bf64-3e5fba3435fa','f3ed342d-233f-4cd6-91dc-1d6a927122b3','b07cc119-2f98-4ad9-a9b6-3894fb94a619',NULL,NULL,'a52c4775-308c-4d4c-b1ac-7894dac55a1d',0,0,'2025-08-13 15:20:40.000000','2025-08-13 15:20:40.000000','admin','admin'),('823f16d3-f00c-47da-9ffc-ce5060e915cc','191bdb96-2f59-4dd2-ae9a-5e8aa2075fb6','910ebfba-7837-4608-b6f2-4052735cdb47','3d62861b-6751-4834-b397-dd50d5133d05',NULL,NULL,'a52c4775-308c-4d4c-b1ac-7894dac55a1d',0,0,'2025-08-12 13:01:37.000000','2025-08-12 13:01:37.000000','admin','admin'),('826e32f5-019c-4d34-ac64-7e22f0d5f833','ffc8051e-bd1f-4120-a303-0edd80b59253','7c799223-3c86-48da-80d6-6c685bbfdd55','c0a467ac-26c6-4f2e-9053-611cafd0c768',NULL,NULL,'a52c4775-308c-4d4c-b1ac-7894dac55a1d',0,0,'2025-08-12 15:51:09.000000','2025-08-12 15:51:09.000000','admin','admin'),('841ea673-bb42-48a0-8167-18f74239d7bc','485e64be-11ec-45ea-81cf-fafc515838ff','5870c7d6-c721-466b-9405-ff4b4be9c9a6','ae4eaee3-44e8-4ab2-b745-4f1a9adc7264',NULL,NULL,'a52c4775-308c-4d4c-b1ac-7894dac55a1d',0,0,'2025-08-12 17:16:37.000000','2025-08-12 17:16:37.000000','admin','admin'),('8495bb3b-6d97-4183-bab6-d52ea4d8629c','eebc0ad6-3c6e-4add-87c5-45b0c4229121','ab311828-95d9-4ef7-8952-a6acaa8b3a84','34e2438d-d6ad-4e49-894f-3df06942b9b6',NULL,NULL,'a52c4775-308c-4d4c-b1ac-7894dac55a1d',0,0,'2025-08-10 16:09:34.000000','2025-08-10 16:09:34.000000','admin','admin'),('84b26bba-8430-46e8-aca0-2f032f8c5fac','8cc35be4-3624-4114-9dbc-b3411b6ee26d','8a9cb4e7-e1fa-4ede-90e4-04e6aa7ac27e','fbb7675f-2cff-4ba4-b750-7dbd48092e3f',NULL,NULL,'a52c4775-308c-4d4c-b1ac-7894dac55a1d',0,0,'2025-08-11 13:12:49.000000','2025-08-11 13:12:49.000000','admin','admin'),('84b2f9f6-f4ea-441d-908c-d1bef4987815','867559ad-0653-4165-aa8a-ca4363d71913','8d873bcb-6440-473a-8bc0-99d02ef2e1bf','66ccf8e7-57fc-44b0-b378-51c02ecba761',NULL,NULL,'a52c4775-308c-4d4c-b1ac-7894dac55a1d',0,0,'2025-08-12 15:17:08.000000','2025-08-12 15:17:08.000000','admin','admin'),('86569592-72c5-4418-bfce-beefe4924e7d','eebc0ad6-3c6e-4add-87c5-45b0c4229121','9ddb4cf8-fcb6-43e6-a312-b0ed03495ee0','cf0cd839-dc79-4173-9ba7-b0fdf9d30086',NULL,NULL,'a52c4775-308c-4d4c-b1ac-7894dac55a1d',0,0,'2025-08-11 13:20:59.000000','2025-08-11 13:20:59.000000','admin','admin'),('87295714-c91f-4e4e-bc8c-313bb091d409','996f270f-5858-4553-9470-3dddadedc890','a6e8a917-4d27-4f0b-8268-c477b768845b','7ee946a8-0e76-4230-8f37-4993eecd8f9e',NULL,NULL,'a52c4775-308c-4d4c-b1ac-7894dac55a1d',0,0,'2025-07-30 18:09:17.000000','2025-07-30 18:09:17.000000','admin','admin'),('8816f233-3a80-4ce7-885a-e59f225fe7bc','8cc35be4-3624-4114-9dbc-b3411b6ee26d','8a9cb4e7-e1fa-4ede-90e4-04e6aa7ac27e','5e35f772-33de-4145-81a5-0fff504c443e',NULL,NULL,'a52c4775-308c-4d4c-b1ac-7894dac55a1d',0,0,'2025-08-11 13:12:39.000000','2025-08-11 13:12:39.000000','admin','admin'),('88578f4b-62f1-45c1-a9f1-22aae0d00a7a','b7ec9557-0506-4ba5-9e7c-a7740b2aa877','a689af82-a6b0-4364-b9ed-a4f879cd7274','e7b5cbf5-eedb-44e2-bcd3-b864be006374',NULL,NULL,'a52c4775-308c-4d4c-b1ac-7894dac55a1d',0,0,'2025-08-13 18:22:08.000000','2025-08-13 18:22:08.000000','admin','admin'),('88b8d88a-22fe-4b8a-90b5-f8f0cf306744','5cb5187b-a92e-4540-930d-3be3ca46668a','1c6b38f5-28ff-4f6f-a5ce-d63343ec3631','b102c571-86b9-4019-bb52-dad16d5b5bd7','0','','a52c4775-308c-4d4c-b1ac-7894dac55a1d',0,0,'2025-08-06 14:15:00.000000','2025-08-06 15:48:22.000000','admin','admin'),('88bd87ba-67d9-4469-afcd-0961f9e8d0dc','8cc35be4-3624-4114-9dbc-b3411b6ee26d','8a9cb4e7-e1fa-4ede-90e4-04e6aa7ac27e','a59df0a9-1ba6-4cbd-a044-5a719188e622',NULL,NULL,'a52c4775-308c-4d4c-b1ac-7894dac55a1d',0,0,'2025-08-11 13:12:46.000000','2025-08-11 13:12:46.000000','admin','admin'),('898fca17-c5e4-48a7-89dd-8e2517544648','edee2a02-298d-4da1-a0ce-6c28711b3f91','9e359dca-7358-4fb2-936f-470fb84f6391','d219dcb9-a82b-4ccb-8f4b-14b831aeb640',NULL,NULL,'a52c4775-308c-4d4c-b1ac-7894dac55a1d',0,0,'2025-08-12 17:00:08.000000','2025-08-12 17:00:08.000000','admin','admin'),('8aeb6176-226f-4a09-beb0-9eb5ede29a59','16207e60-f981-415a-a683-908229be87b2','914b3863-4100-460f-be30-f1a0a2472a69','e2262982-9e31-4fcd-8fab-31f81e89a054',NULL,NULL,'a52c4775-308c-4d4c-b1ac-7894dac55a1d',0,0,'2025-08-13 14:42:14.000000','2025-08-13 14:42:14.000000','admin','admin'),('8b436696-7c85-4733-b493-00c84daac680','a323c849-587c-4939-986e-ac274ee2aaef','e20f4590-cd34-435c-a3f7-3cbf2211302d','bb1f0a82-ce2f-4403-9d76-f3d19ed98dbb','0','','a52c4775-308c-4d4c-b1ac-7894dac55a1d',0,0,'2025-08-06 13:48:26.000000','2025-08-06 13:49:39.000000','admin','admin'),('8b5abb48-5391-4597-9524-9ac299c65fcb','7b5259f5-7ae8-4846-bc6d-ded8eb60504d','567c672c-9890-490f-aba3-8e6728f80981','57df23d0-f2c5-404e-ad8a-2279707c225b',NULL,NULL,'a52c4775-308c-4d4c-b1ac-7894dac55a1d',0,0,'2025-08-13 16:50:30.000000','2025-08-13 16:50:30.000000','admin','admin'),('8c1569d0-b6b5-4087-8890-c909d0032dd3','b7ec9557-0506-4ba5-9e7c-a7740b2aa877','a689af82-a6b0-4364-b9ed-a4f879cd7274','6d9bcd10-459b-47c6-84aa-a2278883befd',NULL,NULL,'a52c4775-308c-4d4c-b1ac-7894dac55a1d',0,0,'2025-08-13 18:21:54.000000','2025-08-13 18:21:54.000000','admin','admin'),('8cbfa26c-2202-457e-9231-9fc702318a22','eebc0ad6-3c6e-4add-87c5-45b0c4229121','b5552c30-15be-4349-92bc-1b0fbff37f13','b1a1b435-ccd3-4101-b070-b25a4e4ce66e',NULL,NULL,'a52c4775-308c-4d4c-b1ac-7894dac55a1d',1,0,'2025-08-10 16:02:22.000000','2025-08-10 16:02:22.000000','admin','admin'),('8d267a5c-929d-4d09-85a0-485eafb77338','ff7b4a10-5ca1-41ec-be36-90289dd8df32','69d1e1dc-a832-47b8-a8a9-4d9a489cd462','b0ba57f7-cb1b-4fe5-a5c2-7d6af2f7e8b4',NULL,NULL,'a52c4775-308c-4d4c-b1ac-7894dac55a1d',0,0,'2025-08-13 17:08:36.000000','2025-08-13 17:08:36.000000','admin','admin'),('8d602eb7-2723-458a-8b9e-cfdab5222d2f','eebc0ad6-3c6e-4add-87c5-45b0c4229121','7ecf669f-963a-450a-99fb-482281656c50','b49572a7-916c-4787-af67-1424547f5b45',NULL,NULL,'a52c4775-308c-4d4c-b1ac-7894dac55a1d',1,0,'2025-08-10 16:56:40.000000','2025-08-10 16:56:40.000000','admin','admin'),('8d6ee92f-3c92-4b96-8ca2-374d6aa96d0f','c4b264c7-73db-4189-85ee-6f72d8fab8fc','940a3da2-f259-4a7e-820b-44c1a586fecf','d836f46e-3700-477f-bee6-c76cd01c6243',NULL,NULL,'a52c4775-308c-4d4c-b1ac-7894dac55a1d',0,0,'2025-08-12 12:04:14.000000','2025-08-12 12:04:14.000000','admin','admin'),('8d933860-7c34-42ef-be40-41d4996052f7','191bdb96-2f59-4dd2-ae9a-5e8aa2075fb6','910ebfba-7837-4608-b6f2-4052735cdb47','88348f2a-4d44-4d0f-8693-e44f87df202e',NULL,NULL,'a52c4775-308c-4d4c-b1ac-7894dac55a1d',0,0,'2025-08-12 13:01:14.000000','2025-08-12 13:01:14.000000','admin','admin'),('8e3552ce-75a1-440b-9d26-de9015909303','485e64be-11ec-45ea-81cf-fafc515838ff','5870c7d6-c721-466b-9405-ff4b4be9c9a6','bafd5347-e8fa-4b1f-ba5d-800183ade59d',NULL,NULL,'a52c4775-308c-4d4c-b1ac-7894dac55a1d',0,0,'2025-08-12 17:16:25.000000','2025-08-12 17:16:25.000000','admin','admin'),('8e40d6d0-6fce-46d9-8741-a4bfd9b23231','867559ad-0653-4165-aa8a-ca4363d71913','91d1ce6d-e3d6-4bf3-963b-616b296a8252','0bd0d190-fef6-47dd-b5f4-24940cb7a96a',NULL,NULL,'a52c4775-308c-4d4c-b1ac-7894dac55a1d',0,0,'2025-08-12 15:15:32.000000','2025-08-12 15:15:32.000000','admin','admin'),('8e48e542-6ad3-4596-8bc4-c261f3391018','1912e526-4d84-4e94-a397-4a617e3c4bed','d88adf9b-d127-4a68-8dfe-5af63d41308e','d793ff7d-71a7-448e-84f9-50d7bcd90c33',NULL,NULL,'a52c4775-308c-4d4c-b1ac-7894dac55a1d',0,0,'2025-08-11 13:15:32.000000','2025-08-11 13:15:32.000000','admin','admin'),('8e89b919-6d94-48ed-bfb0-664ecc24cf96','61ddbc58-8b74-4b7a-8d55-06b9b629250c','b4c3f6ef-fecb-40e5-be4e-b38725bd44d8','e91a5bc2-1f86-4f0a-b700-29eb00c8339d',NULL,NULL,'a52c4775-308c-4d4c-b1ac-7894dac55a1d',0,0,'2025-08-06 15:52:47.000000','2025-08-06 15:52:47.000000','admin','admin'),('8ec4ea5f-9140-4694-8d7a-46d9b11ae088','996f270f-5858-4553-9470-3dddadedc890','f93ecd0e-914f-404d-b26b-f310a52843ef','b9f9aa91-6ab5-4f27-a6da-7554763f164b','0','','a52c4775-308c-4d4c-b1ac-7894dac55a1d',0,0,'2025-07-31 19:24:21.000000','2025-07-31 19:38:46.000000','admin','admin'),('908d1269-06e8-4e61-b0f6-05efa4a1df0a','ff7b4a10-5ca1-41ec-be36-90289dd8df32','e844060a-f20d-4248-9f12-23c88854661a','19d9bf80-027f-40b3-9087-299645dae9bb',NULL,NULL,'a52c4775-308c-4d4c-b1ac-7894dac55a1d',0,0,'2025-08-13 17:08:52.000000','2025-08-13 17:08:52.000000','admin','admin'),('914be31b-350e-41ed-a197-73bf6d5c614b','ede3d41b-e4c6-43c7-82f0-5423292b1fdc','95cb5bd6-e4ba-4199-b2ea-708fa91bce44','a1f9a9f3-fe19-4136-80ac-577cbcb44b53',NULL,NULL,'a52c4775-308c-4d4c-b1ac-7894dac55a1d',0,0,'2025-08-13 15:54:40.000000','2025-08-13 15:54:40.000000','admin','admin'),('924336e3-7c9b-4893-8c54-4d34376ddf0f','61ddbc58-8b74-4b7a-8d55-06b9b629250c','b4c3f6ef-fecb-40e5-be4e-b38725bd44d8','51bac85a-59e8-41b2-94c0-04d3ed270242',NULL,NULL,'a52c4775-308c-4d4c-b1ac-7894dac55a1d',0,0,'2025-08-06 15:52:52.000000','2025-08-06 15:52:52.000000','admin','admin'),('93ba4005-adec-4124-8bf0-b5d4db10e55c','eebc0ad6-3c6e-4add-87c5-45b0c4229121','f8c724a1-c23d-4e7c-a673-439527b09152','15fdc68e-c0a1-44ec-9ccd-35b7e23d10e9',NULL,NULL,'a52c4775-308c-4d4c-b1ac-7894dac55a1d',0,0,'2025-08-10 17:03:48.000000','2025-08-10 17:03:48.000000','admin','admin'),('9430fcb0-946f-41de-8c58-5e4f7c765382','ede3d41b-e4c6-43c7-82f0-5423292b1fdc','95cb5bd6-e4ba-4199-b2ea-708fa91bce44','141fe652-2979-4609-b741-2cc70c1ac77e',NULL,NULL,'a52c4775-308c-4d4c-b1ac-7894dac55a1d',0,0,'2025-08-13 15:54:52.000000','2025-08-13 15:54:52.000000','admin','admin'),('95049bae-74a6-49a3-9ff0-0f26fee020c8','c4b264c7-73db-4189-85ee-6f72d8fab8fc','b3e2805a-dbc1-4c0c-91ce-5de7a578fc1b','b1d8a9f6-5792-4cd0-a1d3-24322163a888',NULL,NULL,'a52c4775-308c-4d4c-b1ac-7894dac55a1d',0,0,'2025-08-12 12:01:07.000000','2025-08-12 12:01:07.000000','admin','admin'),('95e6f4ff-03a4-4e00-8106-40c005fbf438','191bdb96-2f59-4dd2-ae9a-5e8aa2075fb6','c94a1c3d-48a3-44db-9f62-6235e4375043','6637843b-c809-4134-bf1f-c37af77c21c7',NULL,NULL,'a52c4775-308c-4d4c-b1ac-7894dac55a1d',0,0,'2025-08-12 13:06:04.000000','2025-08-12 13:06:04.000000','admin','admin'),('963d97ef-7a21-4893-8897-fa818234db05','eebc0ad6-3c6e-4add-87c5-45b0c4229121','7ecf669f-963a-450a-99fb-482281656c50','ef43a60f-0c61-4ce3-bc06-2fd527eee2a8',NULL,NULL,'a52c4775-308c-4d4c-b1ac-7894dac55a1d',1,0,'2025-08-10 16:56:08.000000','2025-08-10 16:56:08.000000','admin','admin'),('97aa5316-a13a-4e7b-a572-202150b37517','d6991222-bac4-4a49-95cb-4b58dcb0d759','e43a2b6f-aaa2-4c54-a3e9-55d84d3d53c2','d0ae5865-1c61-45ce-8cc1-365fa975365a',NULL,NULL,'a52c4775-308c-4d4c-b1ac-7894dac55a1d',0,0,'2025-08-12 17:29:15.000000','2025-08-12 17:29:15.000000','admin','admin'),('97e10479-e2d4-47ed-8690-ed2bfde2d51a','d580b963-ca71-4b62-bfb1-73d8e7f7baa0','edb016de-1c70-489e-a420-288f17a76b70','ebe4d97d-33b6-4922-bf77-c5e17ea81d16',NULL,NULL,'a52c4775-308c-4d4c-b1ac-7894dac55a1d',0,0,'2025-08-12 16:43:36.000000','2025-08-12 16:43:36.000000','admin','admin'),('9863945d-3398-4a7f-8dd3-80fe2999f2a7','68a56585-1403-4f57-ba8b-a1f83b68eb71','9432a35f-4d1c-424c-b311-22df0efa7c18','d930b0a8-759b-4b0e-8052-d79b0189a1ce',NULL,NULL,'a52c4775-308c-4d4c-b1ac-7894dac55a1d',0,0,'2025-08-12 14:59:37.000000','2025-08-12 14:59:37.000000','admin','admin'),('98a8eced-9a49-4c71-8b83-4445e1608621','996f270f-5858-4553-9470-3dddadedc890','a6e8a917-4d27-4f0b-8268-c477b768845b','f898c4de-df5e-4e9d-8004-b4781e3d2887','0','','a52c4775-308c-4d4c-b1ac-7894dac55a1d',0,0,'2025-07-30 18:09:06.000000','2025-07-30 20:01:43.000000','admin','admin'),('99b80b2e-2096-471b-a906-5d888873187f','ff7b4a10-5ca1-41ec-be36-90289dd8df32','e844060a-f20d-4248-9f12-23c88854661a','94506f4a-31db-4bc0-aef5-42b610b79dce',NULL,NULL,'a52c4775-308c-4d4c-b1ac-7894dac55a1d',0,0,'2025-08-13 17:09:29.000000','2025-08-13 17:09:29.000000','admin','admin'),('9a5f2118-cd0a-40fe-849a-327b3ff661ba','996f270f-5858-4553-9470-3dddadedc890','62dedd8f-dd4d-4901-b6f5-735fda7fc229','b9f9aa91-6ab5-4f27-a6da-7554763f164b','0','','a52c4775-308c-4d4c-b1ac-7894dac55a1d',0,0,'2025-07-31 19:24:33.000000','2025-08-03 15:37:41.000000','admin','admin'),('9b837975-4599-4a07-98db-ee524960fee9','ede3d41b-e4c6-43c7-82f0-5423292b1fdc','eaee9afc-0b50-4d7c-b849-be6f90f65aeb','65f5356a-65ec-4f7f-89b3-c872bedb899e',NULL,NULL,'a52c4775-308c-4d4c-b1ac-7894dac55a1d',0,0,'2025-08-13 15:53:41.000000','2025-08-13 15:53:41.000000','admin','admin'),('9d0eaadf-e5e1-4660-bcbf-79d541f0853c','191bdb96-2f59-4dd2-ae9a-5e8aa2075fb6','c94a1c3d-48a3-44db-9f62-6235e4375043','6590adcc-3cd9-45e8-9ff0-5ab9369d171f',NULL,NULL,'a52c4775-308c-4d4c-b1ac-7894dac55a1d',0,0,'2025-08-12 13:02:32.000000','2025-08-12 13:02:32.000000','admin','admin'),('9dbc77dc-209f-44ff-80a6-8b8a4b144770','ffc8051e-bd1f-4120-a303-0edd80b59253','7c799223-3c86-48da-80d6-6c685bbfdd55','1f481f36-7398-4d49-8665-3e5a98f6fe47',NULL,NULL,'a52c4775-308c-4d4c-b1ac-7894dac55a1d',0,0,'2025-08-12 15:51:05.000000','2025-08-12 15:51:05.000000','admin','admin'),('9f30143f-4d5b-4057-9e13-e1fe12218460','c4b264c7-73db-4189-85ee-6f72d8fab8fc','d1a41f64-fd39-4270-b5ac-b5bac26ca63a','37b1f606-02f5-4a12-973b-f82b26e442b2',NULL,NULL,'a52c4775-308c-4d4c-b1ac-7894dac55a1d',0,0,'2025-08-12 12:03:45.000000','2025-08-12 12:03:45.000000','admin','admin'),('9f9ebd86-1387-408e-aea6-03364e9ac1b0','996f270f-5858-4553-9470-3dddadedc890','f93ecd0e-914f-404d-b26b-f310a52843ef','f89165ef-dc03-4c6a-872a-8eb257e8aae1',NULL,NULL,'a52c4775-308c-4d4c-b1ac-7894dac55a1d',0,0,'2025-07-31 19:38:54.000000','2025-07-31 19:38:54.000000','admin','admin'),('9fa10748-215a-4dcb-9d53-5ec241e317fb','867559ad-0653-4165-aa8a-ca4363d71913','91d1ce6d-e3d6-4bf3-963b-616b296a8252','41492580-577f-40b4-bfda-209a7cb5adb0',NULL,NULL,'a52c4775-308c-4d4c-b1ac-7894dac55a1d',0,0,'2025-08-12 15:15:49.000000','2025-08-12 15:15:49.000000','admin','admin'),('9fe61270-133c-436e-a11b-c7d8bf969459','ede3d41b-e4c6-43c7-82f0-5423292b1fdc','e852127d-33ac-4754-ba22-719dda87cc73','9f964bde-8be1-48b5-8c33-412206f6fb60',NULL,NULL,'a52c4775-308c-4d4c-b1ac-7894dac55a1d',0,0,'2025-08-13 15:55:38.000000','2025-08-13 15:55:38.000000','admin','admin'),('a037b3e1-a52c-4c4c-899c-c8669bc9201d','ff7b4a10-5ca1-41ec-be36-90289dd8df32','e844060a-f20d-4248-9f12-23c88854661a','28f120cd-a80a-46f2-9fb5-95eee9adb8ff',NULL,NULL,'a52c4775-308c-4d4c-b1ac-7894dac55a1d',0,0,'2025-08-13 17:09:17.000000','2025-08-13 17:09:17.000000','admin','admin'),('a046a2db-4dd8-42c4-9141-d6d435c1c24f','a989196f-6a7b-4ac3-8144-a6e196087271','ecb60e8c-d97d-4374-903d-1947c6f4ab00','fd36f6a5-ed19-4a12-9ee8-c63444b48a08',NULL,NULL,'a52c4775-308c-4d4c-b1ac-7894dac55a1d',0,0,'2025-08-13 14:49:17.000000','2025-08-13 14:49:17.000000','admin','admin'),('a0562bce-f7fd-457e-8ae4-79ab9379b2ac','a989196f-6a7b-4ac3-8144-a6e196087271','ecb60e8c-d97d-4374-903d-1947c6f4ab00','ecbbb234-2ffa-4752-8fd3-eb719de5f876',NULL,NULL,'a52c4775-308c-4d4c-b1ac-7894dac55a1d',0,0,'2025-08-13 14:49:23.000000','2025-08-13 14:49:23.000000','admin','admin'),('a09487ff-1749-40ca-add0-26c92b58dbc7','191bdb96-2f59-4dd2-ae9a-5e8aa2075fb6','ece5cd7e-6056-4803-87bb-d5b6d5f9cdc4','12fcf15c-eec7-47ef-b5f1-1c7c75ce7470',NULL,NULL,'a52c4775-308c-4d4c-b1ac-7894dac55a1d',0,0,'2025-08-12 13:03:09.000000','2025-08-12 13:03:09.000000','admin','admin'),('a241a229-b5bc-4b3e-88fd-0a054ac9147d','eebc0ad6-3c6e-4add-87c5-45b0c4229121','ab311828-95d9-4ef7-8952-a6acaa8b3a84','5cc3fb71-b0e2-4de6-8e52-da0e65908de5',NULL,NULL,'a52c4775-308c-4d4c-b1ac-7894dac55a1d',0,0,'2025-08-10 16:09:24.000000','2025-08-10 16:09:24.000000','admin','admin'),('a2bc30b4-ee09-4548-92d0-ef8f41b3e022','c4b264c7-73db-4189-85ee-6f72d8fab8fc','829441f9-4ea0-4edb-b658-769789ea80b8','50940d2d-28f8-48bc-a051-bfbeb11102ff',NULL,NULL,'a52c4775-308c-4d4c-b1ac-7894dac55a1d',0,0,'2025-08-12 12:02:46.000000','2025-08-12 12:02:46.000000','admin','admin'),('a4cdd78e-d6da-4e54-9ddf-140ffa5af94c','16207e60-f981-415a-a683-908229be87b2','388c33f1-2f28-4b3c-af02-9ecfcd6b043e','be1ddbb1-4c08-4d91-884b-5074004e4532',NULL,NULL,'a52c4775-308c-4d4c-b1ac-7894dac55a1d',0,0,'2025-08-13 14:43:25.000000','2025-08-13 14:43:25.000000','admin','admin'),('a6c48b91-cd9d-4b16-9feb-65db98acc90b','eebc0ad6-3c6e-4add-87c5-45b0c4229121','ab311828-95d9-4ef7-8952-a6acaa8b3a84','b1a1b435-ccd3-4101-b070-b25a4e4ce66e','0','','a52c4775-308c-4d4c-b1ac-7894dac55a1d',1,0,'2025-08-10 16:24:44.000000','2025-08-10 16:57:07.000000','admin','admin'),('a6eb9b2d-f43b-4be9-b90d-47815ee4e439','d580b963-ca71-4b62-bfb1-73d8e7f7baa0','edb016de-1c70-489e-a420-288f17a76b70','bcc91129-4686-43be-9369-c71245b15b0b',NULL,NULL,'a52c4775-308c-4d4c-b1ac-7894dac55a1d',0,0,'2025-08-12 16:43:50.000000','2025-08-12 16:43:50.000000','admin','admin'),('a7fbd52d-016c-4704-b8c2-c86cf1a0634d','d6991222-bac4-4a49-95cb-4b58dcb0d759','e43a2b6f-aaa2-4c54-a3e9-55d84d3d53c2','6a3ffc89-a1d2-4fad-88b1-600d0ad4df6d',NULL,NULL,'a52c4775-308c-4d4c-b1ac-7894dac55a1d',0,0,'2025-08-12 17:29:08.000000','2025-08-12 17:29:08.000000','admin','admin'),('a8b8cc53-f205-4868-bce9-c8c002e97af4','c9fafd10-c441-43f3-96fa-15b7995f4c56','9534e690-b810-4f01-b3a2-99283ad99a6e','de4f5efb-ff4f-4006-8bf6-8b7935a6ba36',NULL,NULL,'a52c4775-308c-4d4c-b1ac-7894dac55a1d',0,0,'2025-08-11 13:05:50.000000','2025-08-11 13:05:50.000000','admin','admin'),('a916ed3d-7185-4ee3-aff4-83e2c19e3128','996f270f-5858-4553-9470-3dddadedc890','62dedd8f-dd4d-4901-b6f5-735fda7fc229','f89165ef-dc03-4c6a-872a-8eb257e8aae1','0','','a52c4775-308c-4d4c-b1ac-7894dac55a1d',0,0,'2025-07-31 19:24:39.000000','2025-07-31 19:39:38.000000','admin','admin'),('aac1fa8e-3863-455b-a86e-716f65dacb51','68a56585-1403-4f57-ba8b-a1f83b68eb71','9432a35f-4d1c-424c-b311-22df0efa7c18','495a4b69-1fb3-42de-b075-80434dee1e7c',NULL,NULL,'a52c4775-308c-4d4c-b1ac-7894dac55a1d',0,0,'2025-08-12 14:59:49.000000','2025-08-12 14:59:49.000000','admin','admin'),('ab64f0ca-6bea-46c0-b89b-3c0996690889','eebc0ad6-3c6e-4add-87c5-45b0c4229121','b5552c30-15be-4349-92bc-1b0fbff37f13','4b9b48b9-edf0-4feb-9644-46a929c0f5da',NULL,NULL,'a52c4775-308c-4d4c-b1ac-7894dac55a1d',0,0,'2025-08-10 16:00:54.000000','2025-08-10 16:00:54.000000','admin','admin'),('abecb8a3-e349-44a5-898f-f854551b5d83','16207e60-f981-415a-a683-908229be87b2','914b3863-4100-460f-be30-f1a0a2472a69','aae05156-5042-41af-a756-972d17f0affa',NULL,NULL,'a52c4775-308c-4d4c-b1ac-7894dac55a1d',0,0,'2025-08-13 14:41:53.000000','2025-08-13 14:41:53.000000','admin','admin'),('ac159c9b-8567-49e7-8e01-91c03fa6c05c','867559ad-0653-4165-aa8a-ca4363d71913','8d873bcb-6440-473a-8bc0-99d02ef2e1bf','f2b8ce96-b274-4b35-b0ad-aca39d9006e3',NULL,NULL,'a52c4775-308c-4d4c-b1ac-7894dac55a1d',0,0,'2025-08-12 15:17:21.000000','2025-08-12 15:17:21.000000','admin','admin'),('acc18eb8-6fbf-4cbc-98ea-4f863aa2ebbf','5b4d27ea-bcc5-4e60-bf6d-d09abc86ff00','ca11b6ca-e628-4f57-8bb2-8582772a7a90','7979e5c1-93f2-4543-9692-1cf289f2b037',NULL,NULL,'a52c4775-308c-4d4c-b1ac-7894dac55a1d',0,0,'2025-08-03 15:41:01.000000','2025-08-03 15:41:01.000000','admin','admin'),('adf8b51e-d885-48dd-ad94-9f1f32094e00','996f270f-5858-4553-9470-3dddadedc890','a5dd2be0-9d2c-4ae7-bee3-b9d799b80958','e6d866bf-3709-434f-b641-ceba3cbac2fd','0','','a52c4775-308c-4d4c-b1ac-7894dac55a1d',0,0,'2025-07-31 19:23:03.000000','2025-08-03 15:33:54.000000','admin','admin'),('ae0db6ee-e8b0-403c-b1ed-96a077cddf43','edee2a02-298d-4da1-a0ce-6c28711b3f91','9cc9c503-ea43-4502-ae80-2fbdf958e474','9884892c-f593-45c9-b657-18ef318648db',NULL,NULL,'a52c4775-308c-4d4c-b1ac-7894dac55a1d',0,0,'2025-08-12 16:59:17.000000','2025-08-12 16:59:17.000000','admin','admin'),('ae4dfc05-2b57-4934-a1a6-626f8f68d65f','eebc0ad6-3c6e-4add-87c5-45b0c4229121','ab311828-95d9-4ef7-8952-a6acaa8b3a84','ef43a60f-0c61-4ce3-bc06-2fd527eee2a8','0','','a52c4775-308c-4d4c-b1ac-7894dac55a1d',1,0,'2025-08-10 16:09:57.000000','2025-08-10 16:10:26.000000','admin','admin'),('ae9ab45d-433c-415c-847e-802ceb17ef69','76c17f9f-7f00-452c-bf64-3e5fba3435fa','81ed98b5-5d40-45bd-bcf2-e713c505198a','ff91533e-1328-4b07-bf2b-5fde14a709d4',NULL,NULL,'a52c4775-308c-4d4c-b1ac-7894dac55a1d',0,0,'2025-08-13 15:17:29.000000','2025-08-13 15:17:29.000000','admin','admin'),('af33a954-4677-4fa7-9279-d4a002006e57','191bdb96-2f59-4dd2-ae9a-5e8aa2075fb6','c94a1c3d-48a3-44db-9f62-6235e4375043','31e386b8-2b92-44c5-8d60-c9a76c2a496a',NULL,NULL,'a52c4775-308c-4d4c-b1ac-7894dac55a1d',0,0,'2025-08-12 13:02:57.000000','2025-08-12 13:02:57.000000','admin','admin'),('af3c231e-882c-40a4-a199-bf589ccea6fd','c4b264c7-73db-4189-85ee-6f72d8fab8fc','b3e2805a-dbc1-4c0c-91ce-5de7a578fc1b','5ba176fc-d39e-4dae-8b09-e719226a408f',NULL,NULL,'a52c4775-308c-4d4c-b1ac-7894dac55a1d',0,0,'2025-08-12 12:01:11.000000','2025-08-12 12:01:11.000000','admin','admin'),('af5671bc-6e17-4389-b52e-3a6d96fe47df','16207e60-f981-415a-a683-908229be87b2','71822767-23ab-4f44-9282-0e118aa04dc1','7e03cf80-8a4f-40c1-a549-17f7f595d125',NULL,NULL,'a52c4775-308c-4d4c-b1ac-7894dac55a1d',0,0,'2025-08-13 14:40:34.000000','2025-08-13 14:40:34.000000','admin','admin'),('afe53c63-79aa-4564-b30b-9aaa0ff23112','68a56585-1403-4f57-ba8b-a1f83b68eb71','9432a35f-4d1c-424c-b311-22df0efa7c18','709625ce-8567-4e4c-9073-20f4412d0258',NULL,NULL,'a52c4775-308c-4d4c-b1ac-7894dac55a1d',0,0,'2025-08-12 14:59:47.000000','2025-08-12 14:59:47.000000','admin','admin'),('b03407d5-df6c-468c-8dda-7f3df927e274','eebc0ad6-3c6e-4add-87c5-45b0c4229121','31bb91be-c5af-476c-8566-762f5a77e044','0fc483cf-c504-4afc-84f0-e095f5ff51fa',NULL,NULL,'a52c4775-308c-4d4c-b1ac-7894dac55a1d',0,0,'2025-08-10 16:04:56.000000','2025-08-10 16:04:56.000000','admin','admin'),('b0886b4f-f5e9-4edb-a96d-85da845be7a5','7b5259f5-7ae8-4846-bc6d-ded8eb60504d','567c672c-9890-490f-aba3-8e6728f80981','a24c7091-f53e-4572-9146-c3be1fb72864',NULL,NULL,'a52c4775-308c-4d4c-b1ac-7894dac55a1d',0,0,'2025-08-13 16:50:07.000000','2025-08-13 16:50:07.000000','admin','admin'),('b1309510-d0af-4ad0-a9c8-75dce296401d','c4b264c7-73db-4189-85ee-6f72d8fab8fc','829441f9-4ea0-4edb-b658-769789ea80b8','ef619106-f030-4815-8913-f750826b3e0b',NULL,NULL,'a52c4775-308c-4d4c-b1ac-7894dac55a1d',0,0,'2025-08-12 12:02:56.000000','2025-08-12 12:02:56.000000','admin','admin'),('b168e286-f259-41dd-a2a6-e109efb14fc2','996f270f-5858-4553-9470-3dddadedc890','e2e05f1f-bd3e-462b-85b1-d0cc99413a4d','86bb3f3f-1020-46e4-8d1e-0252c614f75c',NULL,NULL,'a52c4775-308c-4d4c-b1ac-7894dac55a1d',0,0,'2025-08-06 12:36:52.000000','2025-08-06 12:36:52.000000','admin','admin'),('b213baff-f555-4522-9bed-4c0a19db7300','76c17f9f-7f00-452c-bf64-3e5fba3435fa','f3ed342d-233f-4cd6-91dc-1d6a927122b3','fa66a24d-8aa0-4b26-9ddf-bd17d04de987',NULL,NULL,'a52c4775-308c-4d4c-b1ac-7894dac55a1d',0,0,'2025-08-13 15:20:35.000000','2025-08-13 15:20:35.000000','admin','admin'),('b2599921-7974-4e0a-8c61-eb3c8e70a882','996f270f-5858-4553-9470-3dddadedc890','3f4195f0-d2b5-43ee-8f44-1fc6ddee460b','86bb3f3f-1020-46e4-8d1e-0252c614f75c','0','','a52c4775-308c-4d4c-b1ac-7894dac55a1d',0,0,'2025-07-31 19:22:50.000000','2025-08-03 17:59:00.000000','admin','admin'),('b3551c85-57bb-456f-875d-f0594f08edb3','a323c849-587c-4939-986e-ac274ee2aaef','0c86d624-4246-4c7e-bf5d-bd1b99446a3c','57557edb-93d9-45d5-955b-cd99468fee5d',NULL,NULL,'a52c4775-308c-4d4c-b1ac-7894dac55a1d',0,0,'2025-08-06 13:51:25.000000','2025-08-06 13:51:25.000000','admin','admin'),('b3696569-f282-403f-9c5e-59e5c2ed1ad4','16207e60-f981-415a-a683-908229be87b2','388c33f1-2f28-4b3c-af02-9ecfcd6b043e','4f95a9cd-bdf4-471a-85ae-5be7a51a2237',NULL,NULL,'a52c4775-308c-4d4c-b1ac-7894dac55a1d',0,0,'2025-08-13 14:43:16.000000','2025-08-13 14:43:16.000000','admin','admin'),('b3f37d82-0f3c-4499-85ce-4b4345df0e87','1c02efec-cc33-4a24-a76f-07ac6b21e208','477b0364-a97f-4b57-bacd-65670f478536','70867438-d8f5-4cc6-bb55-5d7a244539d6',NULL,NULL,'a52c4775-308c-4d4c-b1ac-7894dac55a1d',0,0,'2025-08-13 17:30:32.000000','2025-08-13 17:30:32.000000','admin','admin'),('b44bd9cc-c254-4235-9627-15f91d4a2a27','867559ad-0653-4165-aa8a-ca4363d71913','3f6cc201-a4e2-4b38-9712-edce6f25d150','f772edd0-22df-48f8-9951-3ac8e9c74bc6',NULL,NULL,'a52c4775-308c-4d4c-b1ac-7894dac55a1d',0,0,'2025-08-12 15:15:10.000000','2025-08-12 15:15:10.000000','admin','admin'),('b5a938ca-1933-4b1b-90bb-6137e7f35182','61ddbc58-8b74-4b7a-8d55-06b9b629250c','b4c3f6ef-fecb-40e5-be4e-b38725bd44d8','45a80c8a-01e5-443c-914c-1870bddcf8fe',NULL,NULL,'a52c4775-308c-4d4c-b1ac-7894dac55a1d',1,0,'2025-08-06 15:53:10.000000','2025-08-06 15:53:10.000000','admin','admin'),('b6177540-1b69-4874-a11d-e1080d975ea9','a323c849-587c-4939-986e-ac274ee2aaef','04b1c2eb-a3cf-426b-8151-ebbbfac4c588','bb1f0a82-ce2f-4403-9d76-f3d19ed98dbb',NULL,NULL,'a52c4775-308c-4d4c-b1ac-7894dac55a1d',0,0,'2025-08-06 13:46:50.000000','2025-08-06 13:46:50.000000','admin','admin'),('b6a0ff42-4676-433b-93e3-f4af2c09172a','eebc0ad6-3c6e-4add-87c5-45b0c4229121','b5552c30-15be-4349-92bc-1b0fbff37f13','f99c0b73-e6cf-4f89-90c9-0e0b11c2d349',NULL,NULL,'a52c4775-308c-4d4c-b1ac-7894dac55a1d',0,0,'2025-08-10 16:01:06.000000','2025-08-10 16:01:06.000000','admin','admin'),('b6d4520c-7f2b-482b-8aa4-d2b28b6f0c76','c4b264c7-73db-4189-85ee-6f72d8fab8fc','829441f9-4ea0-4edb-b658-769789ea80b8','32235e4f-946d-4cac-bf2f-2f275fe03d29',NULL,NULL,'a52c4775-308c-4d4c-b1ac-7894dac55a1d',0,0,'2025-08-12 12:03:16.000000','2025-08-12 12:03:16.000000','admin','admin'),('b7357613-3b2c-4ef3-9c66-cb98fe5ccc8c','c4b264c7-73db-4189-85ee-6f72d8fab8fc','77559a6c-9118-4215-bbc2-d10e45819e3b','5c2f1e43-a86d-402f-a4cf-c9336e5a934c',NULL,NULL,'a52c4775-308c-4d4c-b1ac-7894dac55a1d',0,0,'2025-08-12 14:07:11.000000','2025-08-12 14:07:11.000000','admin','admin'),('b766677f-fbbc-45ce-8283-b6418296eb62','996f270f-5858-4553-9470-3dddadedc890','0a48e05f-4550-4882-81aa-c6e0df62dc48','22172170-8250-4d93-bb0f-12b35f4114b4',NULL,NULL,'a52c4775-308c-4d4c-b1ac-7894dac55a1d',0,0,'2025-08-03 15:36:15.000000','2025-08-03 15:36:15.000000','admin','admin'),('b8ab6f93-e685-49b8-b7bc-125b67c022d6','eebc0ad6-3c6e-4add-87c5-45b0c4229121','7ecf669f-963a-450a-99fb-482281656c50','181285bb-e3d0-4204-98f6-332d6919c043',NULL,NULL,'a52c4775-308c-4d4c-b1ac-7894dac55a1d',0,0,'2025-08-11 13:17:35.000000','2025-08-11 13:17:35.000000','admin','admin'),('b8c11954-fbf7-43d4-af55-1fbf477422ed','d580b963-ca71-4b62-bfb1-73d8e7f7baa0','edb016de-1c70-489e-a420-288f17a76b70','0b637663-f113-408e-b96c-b56172eb9951',NULL,NULL,'a52c4775-308c-4d4c-b1ac-7894dac55a1d',0,0,'2025-08-12 16:43:54.000000','2025-08-12 16:43:54.000000','admin','admin'),('b9082f1f-7390-43d3-8a96-ca16ebc12205','edee2a02-298d-4da1-a0ce-6c28711b3f91','bfe5ab42-fb6a-4368-beb7-b8e74a227f36','dacdb3b8-a60f-4ded-87b4-61ba6dc3f324',NULL,NULL,'a52c4775-308c-4d4c-b1ac-7894dac55a1d',0,0,'2025-08-12 17:00:22.000000','2025-08-12 17:00:22.000000','admin','admin'),('b94980f1-c159-4815-9886-3b201472d224','76c17f9f-7f00-452c-bf64-3e5fba3435fa','809b6fdd-32c6-4bcc-a5d6-0956e880207d','affdc719-e964-4225-9c9a-870158d47e5d',NULL,NULL,'a52c4775-308c-4d4c-b1ac-7894dac55a1d',0,0,'2025-08-13 15:18:42.000000','2025-08-13 15:18:42.000000','admin','admin'),('b94de208-4b33-4c12-8f10-4bbc33feb79c','c4b264c7-73db-4189-85ee-6f72d8fab8fc','b46aadeb-1b3a-4c39-b75d-07ca201785e0','2e025894-756f-496b-842d-5953f62c5eb5',NULL,NULL,'a52c4775-308c-4d4c-b1ac-7894dac55a1d',0,0,'2025-08-12 12:04:19.000000','2025-08-12 12:04:19.000000','admin','admin'),('b9564e26-a9d1-4c1c-ab97-c93bbc6cd7ee','996f270f-5858-4553-9470-3dddadedc890','3f4195f0-d2b5-43ee-8f44-1fc6ddee460b','85084775-29a9-4f92-b431-df234ac40235','0','','a52c4775-308c-4d4c-b1ac-7894dac55a1d',1,0,'2025-07-31 19:29:04.000000','2025-07-31 19:58:58.000000','admin','admin'),('b9bd6583-3e8a-4dca-b5f7-8e7e220e4a1c','16207e60-f981-415a-a683-908229be87b2','730307a4-7deb-4765-8a41-1cdaf8ca4049','bce346c8-7c86-494b-b3bc-e4dc46346894',NULL,NULL,'a52c4775-308c-4d4c-b1ac-7894dac55a1d',0,0,'2025-08-13 14:43:02.000000','2025-08-13 14:43:02.000000','admin','admin'),('ba677861-0c06-486a-a515-78781a366ad2','16207e60-f981-415a-a683-908229be87b2','71822767-23ab-4f44-9282-0e118aa04dc1','935c99ac-4347-4d77-a5cd-4fa4d6798d35',NULL,NULL,'a52c4775-308c-4d4c-b1ac-7894dac55a1d',0,0,'2025-08-13 14:40:49.000000','2025-08-13 14:40:49.000000','admin','admin'),('bb11e10d-27bb-4cfa-b112-47dc6dca2cac','d580b963-ca71-4b62-bfb1-73d8e7f7baa0','edb016de-1c70-489e-a420-288f17a76b70','e35380c0-c72e-4b6e-849f-87836c93347b',NULL,NULL,'a52c4775-308c-4d4c-b1ac-7894dac55a1d',0,0,'2025-08-12 16:43:58.000000','2025-08-12 16:43:58.000000','admin','admin'),('bbadc642-3d6b-465b-baf2-4d6bc8350a3e','c4b264c7-73db-4189-85ee-6f72d8fab8fc','77559a6c-9118-4215-bbc2-d10e45819e3b','fcab1c35-cdfa-4e66-a40b-84339eab9420',NULL,NULL,'a52c4775-308c-4d4c-b1ac-7894dac55a1d',0,0,'2025-08-12 12:02:07.000000','2025-08-12 12:02:07.000000','admin','admin'),('bbb9506c-f8ed-4798-9b29-a30bdbd16791','191bdb96-2f59-4dd2-ae9a-5e8aa2075fb6','3b688270-f127-44ab-9813-0193b329a5d3','5d440448-78f2-4e58-980c-fc0293caca72',NULL,NULL,'a52c4775-308c-4d4c-b1ac-7894dac55a1d',0,0,'2025-08-12 13:00:11.000000','2025-08-12 13:00:11.000000','admin','admin'),('bbce5b9f-387a-40af-a171-876eff30623a','ede3d41b-e4c6-43c7-82f0-5423292b1fdc','e852127d-33ac-4754-ba22-719dda87cc73','f2e3f81b-b8df-42bd-80f6-99ac5551ba25',NULL,NULL,'a52c4775-308c-4d4c-b1ac-7894dac55a1d',0,0,'2025-08-13 15:55:15.000000','2025-08-13 15:55:15.000000','admin','admin'),('bc14749e-f17b-44da-a248-139039b59256','1c02efec-cc33-4a24-a76f-07ac6b21e208','477b0364-a97f-4b57-bacd-65670f478536','eeae5e1c-61ac-4a7b-97d2-9096cb09ff05',NULL,NULL,'a52c4775-308c-4d4c-b1ac-7894dac55a1d',0,0,'2025-08-13 17:30:48.000000','2025-08-13 17:30:48.000000','admin','admin'),('bc5c19c0-04c9-4990-b1ca-cf4daf84ec70','16207e60-f981-415a-a683-908229be87b2','914b3863-4100-460f-be30-f1a0a2472a69','0b132d95-6fc5-458e-98cf-a73f22826855',NULL,NULL,'a52c4775-308c-4d4c-b1ac-7894dac55a1d',0,0,'2025-08-13 14:41:44.000000','2025-08-13 14:41:44.000000','admin','admin'),('bd904df1-e34b-4dd3-8126-3fc51a73a079','7f662fcb-a07f-4c56-892a-78c749557130','14bd2c76-39c6-404e-8dad-72b4e6f0ac47','09588870-1ef0-442e-be95-e1e852f89b8e',NULL,NULL,'a52c4775-308c-4d4c-b1ac-7894dac55a1d',0,0,'2025-08-12 12:11:13.000000','2025-08-12 12:11:13.000000','admin','admin'),('bd917094-00ce-435a-8b47-151ad1da0f71','ff7b4a10-5ca1-41ec-be36-90289dd8df32','e844060a-f20d-4248-9f12-23c88854661a','75f23062-dc83-437f-ad4c-f2dfc58945b1',NULL,NULL,'a52c4775-308c-4d4c-b1ac-7894dac55a1d',0,0,'2025-08-13 17:09:08.000000','2025-08-13 17:09:08.000000','admin','admin'),('bf293c13-39aa-4f60-892d-674de481833f','a323c849-587c-4939-986e-ac274ee2aaef','bcc13e3b-600d-4c60-967e-b91a8d6a8fe3','dc979882-d399-4c2d-9a46-af69825fc38f',NULL,NULL,'a52c4775-308c-4d4c-b1ac-7894dac55a1d',0,0,'2025-08-06 13:44:00.000000','2025-08-06 13:44:00.000000','admin','admin'),('c1de7d6f-a093-4332-9c31-6508ad7306f4','76c17f9f-7f00-452c-bf64-3e5fba3435fa','83e65d1e-a6b4-48db-85ce-e74cebafa769','83e02d4f-d552-4e8c-8be3-e293cc4a91aa',NULL,NULL,'a52c4775-308c-4d4c-b1ac-7894dac55a1d',0,0,'2025-08-13 15:20:21.000000','2025-08-13 15:20:21.000000','admin','admin'),('c3d1aa6f-45ca-4daa-9b37-99dca284a141','8cc35be4-3624-4114-9dbc-b3411b6ee26d','8a9cb4e7-e1fa-4ede-90e4-04e6aa7ac27e','9e6379e0-a134-4c92-adc1-ec2140e2a9c9',NULL,NULL,'a52c4775-308c-4d4c-b1ac-7894dac55a1d',0,0,'2025-08-11 13:12:43.000000','2025-08-11 13:12:43.000000','admin','admin'),('c3d95c77-aea4-44eb-bd0f-0cbb2df84665','1c02efec-cc33-4a24-a76f-07ac6b21e208','477b0364-a97f-4b57-bacd-65670f478536','f4f13f06-cc17-4983-9e73-475ba70d49fa',NULL,NULL,'a52c4775-308c-4d4c-b1ac-7894dac55a1d',0,0,'2025-08-13 17:30:38.000000','2025-08-13 17:30:38.000000','admin','admin'),('c5a3e793-43ca-4002-a31d-8ce11e7dd5f0','ff7b4a10-5ca1-41ec-be36-90289dd8df32','69d1e1dc-a832-47b8-a8a9-4d9a489cd462','5d0df1f6-d14c-4b4f-a88c-69028429b670',NULL,NULL,'a52c4775-308c-4d4c-b1ac-7894dac55a1d',0,0,'2025-08-13 17:08:46.000000','2025-08-13 17:08:46.000000','admin','admin'),('c5e307a6-f0c3-4d9f-aa09-866dea82d85e','76c17f9f-7f00-452c-bf64-3e5fba3435fa','809b6fdd-32c6-4bcc-a5d6-0956e880207d','b99a9158-75bc-4fb7-9742-cafa4fc60496',NULL,NULL,'a52c4775-308c-4d4c-b1ac-7894dac55a1d',0,0,'2025-08-13 15:18:53.000000','2025-08-13 15:18:53.000000','admin','admin'),('c5e93908-5708-4404-99a9-e49f76ab78df','a323c849-587c-4939-986e-ac274ee2aaef','04b1c2eb-a3cf-426b-8151-ebbbfac4c588','226f4ba9-0440-48f7-be4d-d1752370a176','0','','a52c4775-308c-4d4c-b1ac-7894dac55a1d',0,0,'2025-08-06 13:44:20.000000','2025-08-06 13:47:52.000000','admin','admin'),('c610b1ea-7b30-4a51-82f5-e8d6ae8c88d5','191bdb96-2f59-4dd2-ae9a-5e8aa2075fb6','910ebfba-7837-4608-b6f2-4052735cdb47','6e231cd7-acc1-43d0-80b3-30db5a4ac7eb',NULL,NULL,'a52c4775-308c-4d4c-b1ac-7894dac55a1d',0,0,'2025-08-12 13:01:33.000000','2025-08-12 13:01:33.000000','admin','admin'),('c70034d0-29b7-4415-875f-8c2eed4f7f38','ffc8051e-bd1f-4120-a303-0edd80b59253','7c799223-3c86-48da-80d6-6c685bbfdd55','8a621d9f-deed-49ef-9b8c-475fb383face',NULL,NULL,'a52c4775-308c-4d4c-b1ac-7894dac55a1d',0,0,'2025-08-12 15:50:56.000000','2025-08-12 15:50:56.000000','admin','admin'),('c77303c1-168d-4a1e-9ab9-e0ffa74d2194','68a56585-1403-4f57-ba8b-a1f83b68eb71','9432a35f-4d1c-424c-b311-22df0efa7c18','e948684d-265a-4436-a750-7339311c7f48',NULL,NULL,'a52c4775-308c-4d4c-b1ac-7894dac55a1d',0,0,'2025-08-12 14:59:31.000000','2025-08-12 14:59:31.000000','admin','admin'),('c7bd6e55-1840-41b2-9320-c7db9143da39','eebc0ad6-3c6e-4add-87c5-45b0c4229121','ab311828-95d9-4ef7-8952-a6acaa8b3a84','5246d84c-c6b2-4486-84d7-4866afc2b923',NULL,NULL,'a52c4775-308c-4d4c-b1ac-7894dac55a1d',1,0,'2025-08-10 16:09:52.000000','2025-08-10 16:09:52.000000','admin','admin'),('c7fbc9c2-26a3-48e2-b256-a09ff55fbc5b','eebc0ad6-3c6e-4add-87c5-45b0c4229121','78bcb9d4-b45a-46b9-b374-8c2f59bc7e94','b9250e93-6737-4969-9934-a62177e25065',NULL,NULL,'a52c4775-308c-4d4c-b1ac-7894dac55a1d',0,0,'2025-08-10 16:03:31.000000','2025-08-10 16:03:31.000000','admin','admin'),('c8c9b979-bde4-4ef9-b44c-dfe0b0ca6b34','ede3d41b-e4c6-43c7-82f0-5423292b1fdc','95cb5bd6-e4ba-4199-b2ea-708fa91bce44','b55250fb-3efb-4ed6-a23c-16196334dcdf',NULL,NULL,'a52c4775-308c-4d4c-b1ac-7894dac55a1d',0,0,'2025-08-13 15:54:17.000000','2025-08-13 15:54:17.000000','admin','admin'),('c941652d-bd75-414c-bcfb-a857a4d15caa','16207e60-f981-415a-a683-908229be87b2','914b3863-4100-460f-be30-f1a0a2472a69','b7768135-00d1-4ff2-baa2-8e53e13bc065',NULL,NULL,'a52c4775-308c-4d4c-b1ac-7894dac55a1d',0,0,'2025-08-13 14:42:28.000000','2025-08-13 14:42:28.000000','admin','admin'),('c992397d-8e0d-41ca-b830-28c295e7e51b','996f270f-5858-4553-9470-3dddadedc890','0a48e05f-4550-4882-81aa-c6e0df62dc48','b9f9aa91-6ab5-4f27-a6da-7554763f164b',NULL,NULL,'a52c4775-308c-4d4c-b1ac-7894dac55a1d',0,0,'2025-08-03 15:33:20.000000','2025-08-03 15:33:20.000000','admin','admin'),('c9ac796d-563c-4dcf-ae26-8c3d4e8fbe0b','edee2a02-298d-4da1-a0ce-6c28711b3f91','9cc9c503-ea43-4502-ae80-2fbdf958e474','79634e7a-aa62-47ff-bb54-7d90b23a32ea',NULL,NULL,'a52c4775-308c-4d4c-b1ac-7894dac55a1d',0,0,'2025-08-13 17:01:27.000000','2025-08-13 17:01:27.000000','admin','admin'),('c9b2ab18-a5af-4b0c-b584-64fa466d995f','eebc0ad6-3c6e-4add-87c5-45b0c4229121','7ecf669f-963a-450a-99fb-482281656c50','b1a1b435-ccd3-4101-b070-b25a4e4ce66e',NULL,NULL,'a52c4775-308c-4d4c-b1ac-7894dac55a1d',1,0,'2025-08-10 16:56:31.000000','2025-08-10 16:56:31.000000','admin','admin'),('ca23f3c0-f5c7-4b6e-b5e1-af5c15c0403b','16207e60-f981-415a-a683-908229be87b2','71822767-23ab-4f44-9282-0e118aa04dc1','111194cc-12ce-4d9e-8998-661d29855dfd',NULL,NULL,'a52c4775-308c-4d4c-b1ac-7894dac55a1d',0,0,'2025-08-13 14:40:42.000000','2025-08-13 14:40:42.000000','admin','admin'),('caef6ffa-f1ae-4815-ade3-ba688994b3ff','5cb5187b-a92e-4540-930d-3be3ca46668a','1c6b38f5-28ff-4f6f-a5ce-d63343ec3631','d3028ea2-2e01-4929-abc8-b3be7945e7d1','0','','a52c4775-308c-4d4c-b1ac-7894dac55a1d',1,0,'2025-08-06 14:14:39.000000','2025-08-06 14:14:45.000000','admin','admin'),('cb8c80b2-c025-4b72-9388-e3a8942a94a2','16207e60-f981-415a-a683-908229be87b2','914b3863-4100-460f-be30-f1a0a2472a69','d8a9fbea-2257-4427-b8af-7fca4e8d111e',NULL,NULL,'a52c4775-308c-4d4c-b1ac-7894dac55a1d',0,0,'2025-08-13 14:42:33.000000','2025-08-13 14:42:33.000000','admin','admin'),('cc885821-ea35-49a8-8105-604d46405ea7','edee2a02-298d-4da1-a0ce-6c28711b3f91','9e359dca-7358-4fb2-936f-470fb84f6391','71da7879-ff6a-4e7b-9e23-3e16de1a4967',NULL,NULL,'a52c4775-308c-4d4c-b1ac-7894dac55a1d',0,0,'2025-08-12 16:59:52.000000','2025-08-12 16:59:52.000000','admin','admin'),('ccbde2c0-d38b-4251-8f4a-a9442f453d10','5cb5187b-a92e-4540-930d-3be3ca46668a','1c6b38f5-28ff-4f6f-a5ce-d63343ec3631','714f0e75-b257-4ad6-9ea9-b60bd3392985',NULL,NULL,'a52c4775-308c-4d4c-b1ac-7894dac55a1d',0,0,'2025-08-06 14:14:24.000000','2025-08-06 14:14:24.000000','admin','admin'),('cd0c6ee7-6cd0-4aa0-b9dc-7d33181b6437','c9fafd10-c441-43f3-96fa-15b7995f4c56','9534e690-b810-4f01-b3a2-99283ad99a6e','ca670a5b-6fd9-49bf-817d-e17b6b6870ed',NULL,NULL,'a52c4775-308c-4d4c-b1ac-7894dac55a1d',0,0,'2025-08-11 13:05:45.000000','2025-08-11 13:05:45.000000','admin','admin'),('cd77dc11-4029-47ff-a060-49dacd659565','ff7b4a10-5ca1-41ec-be36-90289dd8df32','69d1e1dc-a832-47b8-a8a9-4d9a489cd462','426179f8-9c4d-48ce-a9fd-e2ddbbeb52e8',NULL,NULL,'a52c4775-308c-4d4c-b1ac-7894dac55a1d',0,0,'2025-08-13 17:08:42.000000','2025-08-13 17:08:42.000000','admin','admin'),('cdf3c563-b648-478b-9a32-02cc9c88fea4','cfc0e06e-c8f8-4da7-bfb0-4301d1f1f195','d4f48991-b9eb-4ae3-9cef-7284f771d514','ea4cba55-1fb5-4a81-b34f-dd1f961ae70f',NULL,NULL,'a52c4775-308c-4d4c-b1ac-7894dac55a1d',0,0,'2025-08-13 15:32:36.000000','2025-08-13 15:32:36.000000','admin','admin'),('ce8fae10-8a91-4546-bfbb-2e6bc34e193d','c4b264c7-73db-4189-85ee-6f72d8fab8fc','829441f9-4ea0-4edb-b658-769789ea80b8','9e7610b7-5b57-4f1a-912f-ac76651926a3',NULL,NULL,'a52c4775-308c-4d4c-b1ac-7894dac55a1d',0,0,'2025-08-12 12:03:07.000000','2025-08-12 12:03:07.000000','admin','admin'),('ced7b345-6c95-43cb-9b0d-9716ffc5628b','eebc0ad6-3c6e-4add-87c5-45b0c4229121','ab311828-95d9-4ef7-8952-a6acaa8b3a84','a572b527-f6ba-4baa-88da-d04e6e39ecfc','0','','a52c4775-308c-4d4c-b1ac-7894dac55a1d',1,0,'2025-08-10 16:10:07.000000','2025-08-10 16:10:31.000000','admin','admin'),('ceee09fa-831c-4df5-8711-96f90e70b530','867559ad-0653-4165-aa8a-ca4363d71913','91d1ce6d-e3d6-4bf3-963b-616b296a8252','99124265-f066-435b-bd65-7478ceba2f3c',NULL,NULL,'a52c4775-308c-4d4c-b1ac-7894dac55a1d',0,0,'2025-08-12 15:16:20.000000','2025-08-12 15:16:20.000000','admin','admin'),('cf6f05ac-1ef5-4ed0-9aca-ed07c878bd30','a323c849-587c-4939-986e-ac274ee2aaef','e20f4590-cd34-435c-a3f7-3cbf2211302d','57557edb-93d9-45d5-955b-cd99468fee5d',NULL,NULL,'a52c4775-308c-4d4c-b1ac-7894dac55a1d',0,0,'2025-08-06 13:50:52.000000','2025-08-06 13:50:52.000000','admin','admin'),('cfeb36b7-b37e-4cbd-af2e-78ffbb5e0077','eebc0ad6-3c6e-4add-87c5-45b0c4229121','b5552c30-15be-4349-92bc-1b0fbff37f13','ef43a60f-0c61-4ce3-bc06-2fd527eee2a8',NULL,NULL,'a52c4775-308c-4d4c-b1ac-7894dac55a1d',1,0,'2025-08-10 16:02:06.000000','2025-08-10 16:02:06.000000','admin','admin'),('d0264075-6c66-4088-9048-6bfdf68e0b81','edee2a02-298d-4da1-a0ce-6c28711b3f91','9cc9c503-ea43-4502-ae80-2fbdf958e474','3e04d502-2677-4ba1-be52-83ebfe7c19c7',NULL,NULL,'a52c4775-308c-4d4c-b1ac-7894dac55a1d',0,0,'2025-08-12 16:59:07.000000','2025-08-12 16:59:07.000000','admin','admin'),('d04a4533-dc3e-4bd3-8e52-1935b76a5082','d6991222-bac4-4a49-95cb-4b58dcb0d759','e43a2b6f-aaa2-4c54-a3e9-55d84d3d53c2','db2e4b63-c458-4c78-8639-99a6ad477afd',NULL,NULL,'a52c4775-308c-4d4c-b1ac-7894dac55a1d',0,0,'2025-08-12 17:29:24.000000','2025-08-12 17:29:24.000000','admin','admin'),('d0577261-d18e-4f16-ab41-bc63a975b16a','191bdb96-2f59-4dd2-ae9a-5e8aa2075fb6','910ebfba-7837-4608-b6f2-4052735cdb47','bd72fa70-d17e-4a27-84a1-afde01bd5af2',NULL,NULL,'a52c4775-308c-4d4c-b1ac-7894dac55a1d',0,0,'2025-08-12 13:01:29.000000','2025-08-12 13:01:29.000000','admin','admin'),('d0cf75b0-b187-4910-90d1-029a086948bb','16207e60-f981-415a-a683-908229be87b2','71822767-23ab-4f44-9282-0e118aa04dc1','45472e0d-6699-4e8b-9c36-ba60422f1664',NULL,NULL,'a52c4775-308c-4d4c-b1ac-7894dac55a1d',0,0,'2025-08-13 14:41:07.000000','2025-08-13 14:41:07.000000','admin','admin'),('d1b21e90-f8d6-4aaf-a74c-2482ac7a7576','14e384db-1135-4d49-abc7-6245958090a5','e79d3fd6-8fa5-4224-bb41-148cdb02b295','5e3ec5ef-8c25-49da-9cf2-e53080a79ece',NULL,NULL,'a52c4775-308c-4d4c-b1ac-7894dac55a1d',0,0,'2025-08-13 16:53:59.000000','2025-08-13 16:53:59.000000','admin','admin'),('d1cf7a57-0363-4281-8da0-d69660579e7a','eebc0ad6-3c6e-4add-87c5-45b0c4229121','e7de628b-f532-4131-9cf0-20c85118fa5e','bd708196-86a6-458d-b0df-a7556764ae5e',NULL,NULL,'a52c4775-308c-4d4c-b1ac-7894dac55a1d',0,0,'2025-08-10 13:55:38.000000','2025-08-10 13:55:38.000000','admin','admin'),('d24e3ef8-9256-42cc-943a-355141358479','867559ad-0653-4165-aa8a-ca4363d71913','8d873bcb-6440-473a-8bc0-99d02ef2e1bf','5309e30d-1490-4fd4-b9a6-c3c34c7d4299',NULL,NULL,'a52c4775-308c-4d4c-b1ac-7894dac55a1d',0,0,'2025-08-12 15:16:38.000000','2025-08-12 15:16:38.000000','admin','admin'),('d4073dd2-ab36-42dd-a043-a901bfd1cd99','a323c849-587c-4939-986e-ac274ee2aaef','bcc13e3b-600d-4c60-967e-b91a8d6a8fe3','b6dac4cb-373b-4055-a7ca-8da39bf7d26e',NULL,NULL,'a52c4775-308c-4d4c-b1ac-7894dac55a1d',0,0,'2025-08-06 13:43:54.000000','2025-08-06 13:43:54.000000','admin','admin'),('d4196e43-efed-4d5d-b090-dc8ad2540ecb','867559ad-0653-4165-aa8a-ca4363d71913','4281fa16-3835-485e-8305-d62caa24a03f','c8c3c37f-baf1-42d8-89b8-57a620c19b5d',NULL,NULL,'a52c4775-308c-4d4c-b1ac-7894dac55a1d',0,0,'2025-08-12 15:17:36.000000','2025-08-12 15:17:36.000000','admin','admin'),('d453b13f-803a-4d5b-993d-d8493ae1c948','867559ad-0653-4165-aa8a-ca4363d71913','8d873bcb-6440-473a-8bc0-99d02ef2e1bf','2d0d7298-2d04-4a36-9ce1-463b8239fa01',NULL,NULL,'a52c4775-308c-4d4c-b1ac-7894dac55a1d',0,0,'2025-08-12 15:17:14.000000','2025-08-12 15:17:14.000000','admin','admin'),('d47c998d-5bc8-4458-b41e-63ba76f44d08','16207e60-f981-415a-a683-908229be87b2','914b3863-4100-460f-be30-f1a0a2472a69','6448dd51-9ac1-4baf-89ac-1d0048828e88',NULL,NULL,'a52c4775-308c-4d4c-b1ac-7894dac55a1d',0,0,'2025-08-13 14:41:21.000000','2025-08-13 14:41:21.000000','admin','admin'),('d4cc7044-49f4-4184-816c-53702bb746e4','61ddbc58-8b74-4b7a-8d55-06b9b629250c','b4c3f6ef-fecb-40e5-be4e-b38725bd44d8','8eb7d7f4-fcbf-4d15-ac7d-8bbcc4717422','0','','a52c4775-308c-4d4c-b1ac-7894dac55a1d',0,0,'2025-08-06 15:53:15.000000','2025-08-06 15:53:20.000000','admin','admin'),('d705af20-09da-4b64-ae61-3bf23797eec2','7b5259f5-7ae8-4846-bc6d-ded8eb60504d','567c672c-9890-490f-aba3-8e6728f80981','4db6072a-9317-4176-9af4-43c2644303e2',NULL,NULL,'a52c4775-308c-4d4c-b1ac-7894dac55a1d',0,0,'2025-08-13 16:50:26.000000','2025-08-13 16:50:26.000000','admin','admin'),('d71ab53d-fe05-4d4a-a424-2ce2daed1262','c9fafd10-c441-43f3-96fa-15b7995f4c56','9534e690-b810-4f01-b3a2-99283ad99a6e','3e13e48e-a9d6-4fa3-938f-c772c085be63',NULL,NULL,'a52c4775-308c-4d4c-b1ac-7894dac55a1d',0,0,'2025-08-11 13:05:53.000000','2025-08-11 13:05:53.000000','admin','admin'),('d8147929-884d-4a7a-98a3-7dfaf20c24cd','c4b264c7-73db-4189-85ee-6f72d8fab8fc','77559a6c-9118-4215-bbc2-d10e45819e3b','c6cea032-657b-429d-a806-bd4038aae1a8',NULL,NULL,'a52c4775-308c-4d4c-b1ac-7894dac55a1d',0,0,'2025-08-12 12:02:11.000000','2025-08-12 12:02:11.000000','admin','admin'),('dc0c3569-e2f6-41e6-a4b8-5337dec3c29a','b7ec9557-0506-4ba5-9e7c-a7740b2aa877','a689af82-a6b0-4364-b9ed-a4f879cd7274','6e0d0eac-ba07-4b09-8150-e56b2422fe4b',NULL,NULL,'a52c4775-308c-4d4c-b1ac-7894dac55a1d',0,0,'2025-08-13 18:22:02.000000','2025-08-13 18:22:02.000000','admin','admin'),('dc0c41f8-12c6-4d27-85ca-61832f796fc5','eebc0ad6-3c6e-4add-87c5-45b0c4229121','78bcb9d4-b45a-46b9-b374-8c2f59bc7e94','dd63857a-3571-461c-9ffb-226827c99f44',NULL,NULL,'a52c4775-308c-4d4c-b1ac-7894dac55a1d',0,0,'2025-08-10 16:03:57.000000','2025-08-10 16:03:57.000000','admin','admin'),('dcd5f055-813a-4bf1-826c-7f7886dd17d5','ff7b4a10-5ca1-41ec-be36-90289dd8df32','69d1e1dc-a832-47b8-a8a9-4d9a489cd462','8c2d322f-dee4-4b29-a4bc-edfb51ae04d3',NULL,NULL,'a52c4775-308c-4d4c-b1ac-7894dac55a1d',0,0,'2025-08-13 17:08:32.000000','2025-08-13 17:08:32.000000','admin','admin'),('dd32b1ca-82c9-436b-a170-fccbb1a63e6d','ede3d41b-e4c6-43c7-82f0-5423292b1fdc','e852127d-33ac-4754-ba22-719dda87cc73','00f7a76d-4bb0-4748-8ca5-72bcb8ca4559',NULL,NULL,'a52c4775-308c-4d4c-b1ac-7894dac55a1d',0,0,'2025-08-13 15:56:15.000000','2025-08-13 15:56:15.000000','admin','admin'),('dd37f623-cb3e-4f1c-b628-88430558cc0a','7f662fcb-a07f-4c56-892a-78c749557130','14bd2c76-39c6-404e-8dad-72b4e6f0ac47','2cdbd8d3-1be0-4e23-8a6a-3cde6e2c6370',NULL,NULL,'a52c4775-308c-4d4c-b1ac-7894dac55a1d',0,0,'2025-08-12 12:11:42.000000','2025-08-12 12:11:42.000000','admin','admin'),('de597544-6d76-47c5-930b-70ab65211fa2','7b5259f5-7ae8-4846-bc6d-ded8eb60504d','567c672c-9890-490f-aba3-8e6728f80981','1c092d72-b492-4dda-8c46-d41f00c42557',NULL,NULL,'a52c4775-308c-4d4c-b1ac-7894dac55a1d',0,0,'2025-08-13 16:50:16.000000','2025-08-13 16:50:16.000000','admin','admin'),('de667ec0-ed24-4dcd-a63f-bfa3688d3b70','1c02efec-cc33-4a24-a76f-07ac6b21e208','477b0364-a97f-4b57-bacd-65670f478536','2c54ea22-5244-481f-afcb-0b52ab939b50',NULL,NULL,'a52c4775-308c-4d4c-b1ac-7894dac55a1d',0,0,'2025-08-13 17:30:35.000000','2025-08-13 17:30:35.000000','admin','admin'),('dedaa495-1fee-4d6f-8b60-840f33634539','867559ad-0653-4165-aa8a-ca4363d71913','91d1ce6d-e3d6-4bf3-963b-616b296a8252','c49c76ab-b584-4c2d-adb7-af78571696c2',NULL,NULL,'a52c4775-308c-4d4c-b1ac-7894dac55a1d',0,0,'2025-08-12 15:15:37.000000','2025-08-12 15:15:37.000000','admin','admin'),('dee3f0b0-6bca-456c-9921-e6fdfacf890e','5cb5187b-a92e-4540-930d-3be3ca46668a','1c6b38f5-28ff-4f6f-a5ce-d63343ec3631','850df8d5-6aa2-4111-be88-9305393abd19',NULL,NULL,'a52c4775-308c-4d4c-b1ac-7894dac55a1d',0,0,'2025-08-06 14:14:52.000000','2025-08-06 14:14:52.000000','admin','admin'),('df03ceda-a44a-4256-93df-30a2012d5f34','ff7b4a10-5ca1-41ec-be36-90289dd8df32','04cb31b5-9aed-4265-abc9-91c7ed7dd141','6d4423c1-5da1-430d-9fc7-36e721a808af',NULL,NULL,'a52c4775-308c-4d4c-b1ac-7894dac55a1d',0,0,'2025-08-13 17:09:37.000000','2025-08-13 17:09:37.000000','admin','admin'),('df23bbd4-c6d4-4314-a6ca-6db8e05ab045','76c17f9f-7f00-452c-bf64-3e5fba3435fa','83e65d1e-a6b4-48db-85ce-e74cebafa769','8f133b8d-d470-44d9-84b6-3959ad05ee3b',NULL,NULL,'a52c4775-308c-4d4c-b1ac-7894dac55a1d',0,0,'2025-08-13 15:20:25.000000','2025-08-13 15:20:25.000000','admin','admin'),('df36f2ae-7a88-4cda-9f72-88d633afa6a1','eebc0ad6-3c6e-4add-87c5-45b0c4229121','b5552c30-15be-4349-92bc-1b0fbff37f13','7de9281a-87af-4912-a8c1-8ad6da590917',NULL,NULL,'a52c4775-308c-4d4c-b1ac-7894dac55a1d',0,0,'2025-08-10 16:01:11.000000','2025-08-10 16:01:11.000000','admin','admin'),('dfaf9d77-0a98-4179-b33f-c6f273ba75b9','61ddbc58-8b74-4b7a-8d55-06b9b629250c','b4c3f6ef-fecb-40e5-be4e-b38725bd44d8','cade020e-d637-4926-a1e9-dfda89ee9795',NULL,NULL,'a52c4775-308c-4d4c-b1ac-7894dac55a1d',0,0,'2025-08-06 15:52:33.000000','2025-08-06 15:52:33.000000','admin','admin'),('dfb4b8fc-53df-44ab-a06b-752550e206bd','ede3d41b-e4c6-43c7-82f0-5423292b1fdc','95cb5bd6-e4ba-4199-b2ea-708fa91bce44','01e70f20-4aa9-4469-9bb6-bd46a8c0abf5',NULL,NULL,'a52c4775-308c-4d4c-b1ac-7894dac55a1d',0,0,'2025-08-13 15:54:21.000000','2025-08-13 15:54:21.000000','admin','admin'),('e03f2fed-2e28-4350-b463-2823bd7eea68','d6991222-bac4-4a49-95cb-4b58dcb0d759','e43a2b6f-aaa2-4c54-a3e9-55d84d3d53c2','367b76e1-459a-4805-9e90-2461c9e48a9a',NULL,NULL,'a52c4775-308c-4d4c-b1ac-7894dac55a1d',0,0,'2025-08-12 17:29:18.000000','2025-08-12 17:29:18.000000','admin','admin'),('e1032240-71d9-453e-9cba-3b5a5f89f3e1','a323c849-587c-4939-986e-ac274ee2aaef','0c86d624-4246-4c7e-bf5d-bd1b99446a3c','bb1f0a82-ce2f-4403-9d76-f3d19ed98dbb',NULL,NULL,'a52c4775-308c-4d4c-b1ac-7894dac55a1d',0,0,'2025-08-06 13:50:45.000000','2025-08-06 13:50:45.000000','admin','admin'),('e21b2b82-94e9-402d-bc74-f2cf5c95b72e','191bdb96-2f59-4dd2-ae9a-5e8aa2075fb6','c94a1c3d-48a3-44db-9f62-6235e4375043','5eb3e459-2097-403e-8411-ca2505117526',NULL,NULL,'a52c4775-308c-4d4c-b1ac-7894dac55a1d',0,0,'2025-08-12 13:01:53.000000','2025-08-12 13:01:53.000000','admin','admin'),('e2e3c2d4-20ff-4986-80c1-bc71793d2c4e','5cb5187b-a92e-4540-930d-3be3ca46668a','1c6b38f5-28ff-4f6f-a5ce-d63343ec3631','c1930e46-c3c0-409d-ab3c-af34e5d9cd5e','0','','a52c4775-308c-4d4c-b1ac-7894dac55a1d',1,0,'2025-08-06 14:14:32.000000','2025-08-06 15:48:06.000000','admin','admin'),('e2fa07b4-170a-486b-982d-005b47007f9e','edee2a02-298d-4da1-a0ce-6c28711b3f91','9cc9c503-ea43-4502-ae80-2fbdf958e474','9764d9c2-546c-4923-b680-5bb7f023ff93',NULL,NULL,'a52c4775-308c-4d4c-b1ac-7894dac55a1d',0,0,'2025-08-12 16:59:13.000000','2025-08-12 16:59:13.000000','admin','admin'),('e483199f-66a2-4e69-b519-78d66bbb5a78','76c17f9f-7f00-452c-bf64-3e5fba3435fa','83e65d1e-a6b4-48db-85ce-e74cebafa769','128edc9b-ef5f-4528-bc4d-078aa8d21c5c','0','','a52c4775-308c-4d4c-b1ac-7894dac55a1d',0,0,'2025-08-13 15:19:56.000000','2025-08-13 15:20:08.000000','admin','admin'),('e4cb050d-a21a-4d5f-b5e4-51d2df0e7f25','ede3d41b-e4c6-43c7-82f0-5423292b1fdc','95cb5bd6-e4ba-4199-b2ea-708fa91bce44','8903b862-896e-44c8-ae08-49fcb73e883f',NULL,NULL,'a52c4775-308c-4d4c-b1ac-7894dac55a1d',0,0,'2025-08-13 15:54:26.000000','2025-08-13 15:54:26.000000','admin','admin'),('e5058397-f885-4186-af6c-1b716db3149d','191bdb96-2f59-4dd2-ae9a-5e8aa2075fb6','ece5cd7e-6056-4803-87bb-d5b6d5f9cdc4','4921c6a5-897f-4985-8c52-0d1f10c9cfd5',NULL,NULL,'a52c4775-308c-4d4c-b1ac-7894dac55a1d',0,0,'2025-08-12 13:03:14.000000','2025-08-12 13:03:14.000000','admin','admin'),('e531e40a-27d3-459b-be6f-bb286d49d5b0','edee2a02-298d-4da1-a0ce-6c28711b3f91','9e359dca-7358-4fb2-936f-470fb84f6391','4ec16a84-2391-4c51-b032-8422e7d1769e',NULL,NULL,'a52c4775-308c-4d4c-b1ac-7894dac55a1d',0,0,'2025-08-12 17:00:17.000000','2025-08-12 17:00:17.000000','admin','admin'),('e55d9700-5475-4980-a2eb-bc76ed265984','1c02efec-cc33-4a24-a76f-07ac6b21e208','477b0364-a97f-4b57-bacd-65670f478536','51565503-5bcf-4a7e-9868-3e125ee98f76',NULL,NULL,'a52c4775-308c-4d4c-b1ac-7894dac55a1d',0,0,'2025-08-13 17:30:41.000000','2025-08-13 17:30:41.000000','admin','admin'),('e5983a38-9670-44c6-aad6-be66662e2b57','867559ad-0653-4165-aa8a-ca4363d71913','3f6cc201-a4e2-4b38-9712-edce6f25d150','0c455f54-6ad6-4e3d-88b3-44f8c7b24513',NULL,NULL,'a52c4775-308c-4d4c-b1ac-7894dac55a1d',0,0,'2025-08-12 15:31:27.000000','2025-08-12 15:31:27.000000','admin','admin'),('e7497abf-7e14-49df-8b0e-76c4a5203fc8','c4b264c7-73db-4189-85ee-6f72d8fab8fc','829441f9-4ea0-4edb-b658-769789ea80b8','ac6b5d6d-4cfc-4f54-a6d9-534b8b9aa283',NULL,NULL,'a52c4775-308c-4d4c-b1ac-7894dac55a1d',0,0,'2025-08-12 12:02:39.000000','2025-08-12 12:02:39.000000','admin','admin'),('e7c623d5-bfe6-4ec7-a24f-07b24aad5ff0','5b4d27ea-bcc5-4e60-bf6d-d09abc86ff00','0ff1096c-c3dd-4302-88b2-bc76eb814247','43258ea3-78b2-4ff2-8594-a334262027d1',NULL,NULL,'a52c4775-308c-4d4c-b1ac-7894dac55a1d',0,0,'2025-08-03 15:41:10.000000','2025-08-03 15:41:10.000000','admin','admin'),('e853f9c1-7d2c-4a84-a9e1-c698de2e716e','76c17f9f-7f00-452c-bf64-3e5fba3435fa','83e65d1e-a6b4-48db-85ce-e74cebafa769','d2c701ae-b73d-40b2-b8af-9a0179d4578e',NULL,NULL,'a52c4775-308c-4d4c-b1ac-7894dac55a1d',0,0,'2025-08-13 15:19:23.000000','2025-08-13 15:19:23.000000','admin','admin'),('e8a32ed6-1ed8-46b5-8609-ca3a7ca3691a','c4b264c7-73db-4189-85ee-6f72d8fab8fc','b3e2805a-dbc1-4c0c-91ce-5de7a578fc1b','042bcafa-d373-4eb4-843d-5cb955493108',NULL,NULL,'a52c4775-308c-4d4c-b1ac-7894dac55a1d',0,0,'2025-08-12 12:01:38.000000','2025-08-12 12:01:38.000000','admin','admin'),('e9395007-41c3-463f-8165-2f9617b8d952','61ddbc58-8b74-4b7a-8d55-06b9b629250c','b4c3f6ef-fecb-40e5-be4e-b38725bd44d8','47502e41-eb51-41e4-a569-bc3bec12e214',NULL,NULL,'a52c4775-308c-4d4c-b1ac-7894dac55a1d',0,0,'2025-08-06 15:52:40.000000','2025-08-06 15:52:40.000000','admin','admin'),('eba64033-d6b4-4878-a5c4-fe3d623b3bf9','68a56585-1403-4f57-ba8b-a1f83b68eb71','9432a35f-4d1c-424c-b311-22df0efa7c18','dc989ab1-d85b-48ee-a083-50471c2f3c7c',NULL,NULL,'a52c4775-308c-4d4c-b1ac-7894dac55a1d',0,0,'2025-08-12 14:59:41.000000','2025-08-12 14:59:41.000000','admin','admin'),('ed18cbda-a240-4790-bbf3-6231aff56d86','16207e60-f981-415a-a683-908229be87b2','730307a4-7deb-4765-8a41-1cdaf8ca4049','e96d0352-0288-4552-b5ba-35dd15288307',NULL,NULL,'a52c4775-308c-4d4c-b1ac-7894dac55a1d',0,0,'2025-08-13 14:43:07.000000','2025-08-13 14:43:07.000000','admin','admin'),('ee04dc5e-8492-49fe-ae23-7e703710bbf5','d580b963-ca71-4b62-bfb1-73d8e7f7baa0','edb016de-1c70-489e-a420-288f17a76b70','b21656e9-a3b2-4c7c-9032-e959b9425e02',NULL,NULL,'a52c4775-308c-4d4c-b1ac-7894dac55a1d',0,0,'2025-08-12 16:43:40.000000','2025-08-12 16:43:40.000000','admin','admin'),('efec7efa-9ced-4fbf-9e4c-0a7cd4aee57b','7f662fcb-a07f-4c56-892a-78c749557130','14bd2c76-39c6-404e-8dad-72b4e6f0ac47','8b9ee6ae-0f3e-4225-a23b-b0463ce4e926',NULL,NULL,'a52c4775-308c-4d4c-b1ac-7894dac55a1d',0,0,'2025-08-12 12:11:04.000000','2025-08-12 12:11:04.000000','admin','admin'),('f029a193-9319-4496-833f-71de98904781','c4b264c7-73db-4189-85ee-6f72d8fab8fc','829441f9-4ea0-4edb-b658-769789ea80b8','72e18359-557a-4b38-9b27-3296193e7dea',NULL,NULL,'a52c4775-308c-4d4c-b1ac-7894dac55a1d',0,0,'2025-08-12 12:03:02.000000','2025-08-12 12:03:02.000000','admin','admin'),('f0cc9e84-7024-4bc3-9441-2f1629184629','ede3d41b-e4c6-43c7-82f0-5423292b1fdc','e852127d-33ac-4754-ba22-719dda87cc73','78eabd2a-893d-41b7-9e21-b516d27e8453',NULL,NULL,'a52c4775-308c-4d4c-b1ac-7894dac55a1d',0,0,'2025-08-13 15:55:46.000000','2025-08-13 15:55:46.000000','admin','admin'),('f1aef48f-92c4-49af-b27d-22407ade4847','c4b264c7-73db-4189-85ee-6f72d8fab8fc','b3e2805a-dbc1-4c0c-91ce-5de7a578fc1b','a5161020-2c0f-46ef-bf09-930555f77c3e',NULL,NULL,'a52c4775-308c-4d4c-b1ac-7894dac55a1d',0,0,'2025-08-12 12:01:15.000000','2025-08-12 12:01:15.000000','admin','admin'),('f1c32db5-a984-4a8a-99b2-54f942e3ac24','ede3d41b-e4c6-43c7-82f0-5423292b1fdc','95cb5bd6-e4ba-4199-b2ea-708fa91bce44','459fb205-443d-4376-9d94-5d465a581131',NULL,NULL,'a52c4775-308c-4d4c-b1ac-7894dac55a1d',0,0,'2025-08-13 15:54:48.000000','2025-08-13 15:54:48.000000','admin','admin'),('f37f6ae9-b423-4710-9e6e-de931d6fe6af','867559ad-0653-4165-aa8a-ca4363d71913','91d1ce6d-e3d6-4bf3-963b-616b296a8252','88581952-2678-4574-8550-e05701375dba',NULL,NULL,'a52c4775-308c-4d4c-b1ac-7894dac55a1d',0,0,'2025-08-12 15:16:24.000000','2025-08-12 15:16:24.000000','admin','admin'),('f3cb230a-35a2-41fc-b2ab-0294bf403cd5','ffc8051e-bd1f-4120-a303-0edd80b59253','7c799223-3c86-48da-80d6-6c685bbfdd55','fd1c8419-1dfa-4346-a01a-5a169bc39beb',NULL,NULL,'a52c4775-308c-4d4c-b1ac-7894dac55a1d',0,0,'2025-08-12 15:50:53.000000','2025-08-12 15:50:53.000000','admin','admin'),('f4185dbc-c980-4942-a763-42ad76507380','c9fafd10-c441-43f3-96fa-15b7995f4c56','9534e690-b810-4f01-b3a2-99283ad99a6e','44a1de7a-c98d-4248-8aa5-6790f99d6573',NULL,NULL,'a52c4775-308c-4d4c-b1ac-7894dac55a1d',0,0,'2025-08-11 13:06:03.000000','2025-08-11 13:06:03.000000','admin','admin'),('f4a7d054-de41-4be4-b7c9-509801d859ed','c4b264c7-73db-4189-85ee-6f72d8fab8fc','7cc9148b-0e6b-4bd0-b652-2a65374e016e','04aab047-65c9-4d49-b9c9-5e0d5edd847c',NULL,NULL,'a52c4775-308c-4d4c-b1ac-7894dac55a1d',0,0,'2025-08-12 12:04:08.000000','2025-08-12 12:04:08.000000','admin','admin'),('f59f5341-b515-4fb9-bbe7-62730503a114','cfc0e06e-c8f8-4da7-bfb0-4301d1f1f195','d4f48991-b9eb-4ae3-9cef-7284f771d514','fe8d9903-12e4-41a9-8c19-cf5d15137662',NULL,NULL,'a52c4775-308c-4d4c-b1ac-7894dac55a1d',0,0,'2025-08-13 15:32:11.000000','2025-08-13 15:32:11.000000','admin','admin'),('f62c16f3-59e8-4239-8ce4-96e0405c26b5','191bdb96-2f59-4dd2-ae9a-5e8aa2075fb6','c94a1c3d-48a3-44db-9f62-6235e4375043','513519b6-fdd7-4dce-8cd5-1cd2840877a4',NULL,NULL,'a52c4775-308c-4d4c-b1ac-7894dac55a1d',0,0,'2025-08-12 13:02:49.000000','2025-08-12 13:02:49.000000','admin','admin'),('f6affbe7-c654-4a86-aac6-5ad7b5fe6892','edee2a02-298d-4da1-a0ce-6c28711b3f91','9e359dca-7358-4fb2-936f-470fb84f6391','a719e2c8-7ffc-4cd4-807b-93ea39575fc8',NULL,NULL,'a52c4775-308c-4d4c-b1ac-7894dac55a1d',0,0,'2025-08-12 17:00:03.000000','2025-08-12 17:00:03.000000','admin','admin'),('f6d6e0d0-01bd-4aa4-9e7b-d6f32793eb69','a323c849-587c-4939-986e-ac274ee2aaef','af7656ca-37e7-4607-8a06-64644576378c','6c10bbb3-65cf-4a57-8047-3852ebbfc08a',NULL,NULL,'a52c4775-308c-4d4c-b1ac-7894dac55a1d',0,0,'2025-08-06 13:40:53.000000','2025-08-06 13:40:53.000000','admin','admin'),('f992b4c2-1289-45d1-8d6b-6e331be4d2a7','e93e00f2-7bf3-4086-9f21-136407c13ef1','15c2e9cb-606e-444a-868b-33320c24a504','3393f709-0103-41d7-954e-1f7228b0e439',NULL,NULL,'a52c4775-308c-4d4c-b1ac-7894dac55a1d',0,0,'2025-08-06 13:20:10.000000','2025-08-06 13:20:10.000000','admin','admin'),('f9d6e7c1-b9bd-43a7-bf58-bd098e58bb81','76c17f9f-7f00-452c-bf64-3e5fba3435fa','809b6fdd-32c6-4bcc-a5d6-0956e880207d','cf0a0010-20c1-42f4-a44e-dd0716237656',NULL,NULL,'a52c4775-308c-4d4c-b1ac-7894dac55a1d',0,0,'2025-08-13 15:17:41.000000','2025-08-13 15:17:41.000000','admin','admin'),('fb1a5f89-0bc5-4054-b7f4-72136938c784','14e384db-1135-4d49-abc7-6245958090a5','e79d3fd6-8fa5-4224-bb41-148cdb02b295','da24afd5-746f-4a81-bbdd-3b278dec6639',NULL,NULL,'a52c4775-308c-4d4c-b1ac-7894dac55a1d',0,0,'2025-08-13 16:54:02.000000','2025-08-13 16:54:02.000000','admin','admin'),('fb1ed53d-c0c0-462d-954a-0c96d254ebd6','eebc0ad6-3c6e-4add-87c5-45b0c4229121','ab311828-95d9-4ef7-8952-a6acaa8b3a84','da6b1db2-5c9a-4e0e-8d11-964a7943c331',NULL,NULL,'a52c4775-308c-4d4c-b1ac-7894dac55a1d',0,0,'2025-08-10 16:09:10.000000','2025-08-10 16:09:10.000000','admin','admin'),('fc45a5d0-8dbb-4083-99d4-36b04437c78d','16207e60-f981-415a-a683-908229be87b2','71822767-23ab-4f44-9282-0e118aa04dc1','dfc26320-b365-4741-95fa-ccd557dd7139',NULL,NULL,'a52c4775-308c-4d4c-b1ac-7894dac55a1d',0,0,'2025-08-13 14:40:56.000000','2025-08-13 14:40:56.000000','admin','admin'),('fdf0e2c7-23db-4d4e-9061-a63d3d1aff12','edee2a02-298d-4da1-a0ce-6c28711b3f91','9e359dca-7358-4fb2-936f-470fb84f6391','ee2d2c27-d9ed-4690-aa24-dd17dfc459c9',NULL,NULL,'a52c4775-308c-4d4c-b1ac-7894dac55a1d',0,0,'2025-08-12 16:59:43.000000','2025-08-12 16:59:43.000000','admin','admin');
/*!40000 ALTER TABLE `datapointmap` ENABLE KEYS */;
UNLOCK TABLES;

--
-- Table structure for table `designdefinitions`
--

DROP TABLE IF EXISTS `designdefinitions`;
/*!40101 SET @saved_cs_client     = @@character_set_client */;
/*!50503 SET character_set_client = utf8mb4 */;
CREATE TABLE `designdefinitions` (
  `id` varchar(36) NOT NULL,
  `contentTypeId` varchar(255) NOT NULL,
  `contentTypeName` varchar(255) NOT NULL,
  `fileType` varchar(255) NOT NULL,
  `type` enum('CLASS','ACTION','ACTIVITY_DIAGRAM','CLASS_DIAGRAM') NOT NULL,
  `title` varchar(255) DEFAULT NULL,
  `content` longtext CHARACTER SET utf8mb4 COLLATE utf8mb4_bin DEFAULT NULL CHECK (json_valid(`content`)),
  `imageUrl` varchar(255) DEFAULT NULL,
  `notes` varchar(255) DEFAULT NULL,
  `userId` varchar(255) NOT NULL,
  `createdAt` datetime(6) NOT NULL DEFAULT current_timestamp(6),
  `updatedAt` datetime(6) NOT NULL DEFAULT current_timestamp(6) ON UPDATE current_timestamp(6),
  `createdBy` varchar(255) DEFAULT NULL,
  `updatedBy` varchar(255) DEFAULT NULL,
  PRIMARY KEY (`id`)
) ENGINE=InnoDB DEFAULT CHARSET=utf8mb4 COLLATE=utf8mb4_general_ci;
/*!40101 SET character_set_client = @saved_cs_client */;

--
-- Dumping data for table `designdefinitions`
--

LOCK TABLES `designdefinitions` WRITE;
/*!40000 ALTER TABLE `designdefinitions` DISABLE KEYS */;
/*!40000 ALTER TABLE `designdefinitions` ENABLE KEYS */;
UNLOCK TABLES;

--
-- Table structure for table `dpgroupmap`
--

DROP TABLE IF EXISTS `dpgroupmap`;
/*!40101 SET @saved_cs_client     = @@character_set_client */;
/*!50503 SET character_set_client = utf8mb4 */;
CREATE TABLE `dpgroupmap` (
  `id` varchar(36) NOT NULL,
  `itemId` varchar(255) NOT NULL,
  `subItemId` varchar(255) DEFAULT NULL,
  `subSubItemId` varchar(255) DEFAULT NULL,
  `subSubSubItemId` varchar(255) DEFAULT NULL,
  `dpGroupId` varchar(255) NOT NULL,
  `serialNumber` varchar(255) DEFAULT NULL,
  `displayType` varchar(255) DEFAULT NULL,
  `userId` varchar(255) NOT NULL,
  `createdAt` datetime(6) DEFAULT current_timestamp(6),
  `updatedAt` datetime(6) DEFAULT current_timestamp(6) ON UPDATE current_timestamp(6),
  `createdBy` varchar(255) DEFAULT NULL,
  `updatedBy` varchar(255) DEFAULT NULL,
  `itier` varchar(45) DEFAULT NULL,
  PRIMARY KEY (`id`)
) ENGINE=InnoDB DEFAULT CHARSET=utf8mb4 COLLATE=utf8mb4_general_ci;
/*!40101 SET character_set_client = @saved_cs_client */;

--
-- Dumping data for table `dpgroupmap`
--

LOCK TABLES `dpgroupmap` WRITE;
/*!40000 ALTER TABLE `dpgroupmap` DISABLE KEYS */;
INSERT INTO `dpgroupmap` VALUES ('01ad73b0-9ffe-43a6-bfdd-b9e857472d3e','68a56585-1403-4f57-ba8b-a1f83b68eb71',NULL,NULL,NULL,'9432a35f-4d1c-424c-b311-22df0efa7c18',NULL,'','a52c4775-308c-4d4c-b1ac-7894dac55a1d','2025-08-12 15:00:07.000000','2025-08-12 15:00:07.000000','admin','admin',NULL),('05f6dbfb-cfe7-4f98-b6a1-e0f9cd234934','eebc0ad6-3c6e-4add-87c5-45b0c4229121','ea6168e3-98e6-4f01-b4cd-b8fb0f54da15',NULL,NULL,'f8c724a1-c23d-4e7c-a673-439527b09152',NULL,'','a52c4775-308c-4d4c-b1ac-7894dac55a1d','2025-08-10 16:07:01.000000','2025-08-10 16:07:01.000000','admin','admin',NULL),('0b3e8677-cc12-4030-bb82-d21ae75293f5','76c17f9f-7f00-452c-bf64-3e5fba3435fa','a2b84135-7fac-4124-ab83-8ed7772b911c',NULL,NULL,'81ed98b5-5d40-45bd-bcf2-e713c505198a',NULL,'','a52c4775-308c-4d4c-b1ac-7894dac55a1d','2025-08-13 15:20:59.000000','2025-08-13 15:20:59.000000','admin','admin',NULL),('0c73088d-c91c-4b45-a6b6-7ab1100a8e8e','eebc0ad6-3c6e-4add-87c5-45b0c4229121','fa53a855-c733-4645-9cb8-eb52a3ad898e',NULL,NULL,'31bb91be-c5af-476c-8566-762f5a77e044',NULL,'','a52c4775-308c-4d4c-b1ac-7894dac55a1d','2025-08-10 16:06:05.000000','2025-08-10 16:06:05.000000','admin','admin',NULL),('0d3f467f-10c9-4037-90ec-0a47f90199d3','edee2a02-298d-4da1-a0ce-6c28711b3f91','d1acba50-2121-49b7-a3bb-fae1c7ed1605',NULL,NULL,'9e359dca-7358-4fb2-936f-470fb84f6391',NULL,'','a52c4775-308c-4d4c-b1ac-7894dac55a1d','2025-08-12 17:00:46.000000','2025-08-12 17:00:46.000000','admin','admin',NULL),('16c3a8fa-49cc-48df-9bdb-4390ed5486e2','76c17f9f-7f00-452c-bf64-3e5fba3435fa','ead682b1-649f-46bd-85d6-8647bab03165',NULL,NULL,'809b6fdd-32c6-4bcc-a5d6-0956e880207d',NULL,'','a52c4775-308c-4d4c-b1ac-7894dac55a1d','2025-08-13 15:21:02.000000','2025-08-13 15:21:02.000000','admin','admin',NULL),('1781ccb0-9e83-435d-a1b3-c9e48633c699','eebc0ad6-3c6e-4add-87c5-45b0c4229121','ea6168e3-98e6-4f01-b4cd-b8fb0f54da15',NULL,NULL,'9ddb4cf8-fcb6-43e6-a312-b0ed03495ee0',NULL,'','a52c4775-308c-4d4c-b1ac-7894dac55a1d','2025-08-11 13:21:26.000000','2025-08-11 13:21:26.000000','admin','admin',NULL),('180ac430-b7ff-4539-b106-f7acce88394f','485e64be-11ec-45ea-81cf-fafc515838ff',NULL,NULL,NULL,'5870c7d6-c721-466b-9405-ff4b4be9c9a6',NULL,'','a52c4775-308c-4d4c-b1ac-7894dac55a1d','2025-08-12 17:17:08.000000','2025-08-12 17:17:08.000000','admin','admin',NULL),('18761ccb-3c81-4929-a8fa-a60ac2eb74c9','16207e60-f981-415a-a683-908229be87b2','a1c4491f-4257-4de8-a06c-8934629a1181',NULL,NULL,'730307a4-7deb-4765-8a41-1cdaf8ca4049',NULL,'','a52c4775-308c-4d4c-b1ac-7894dac55a1d','2025-08-13 14:45:01.000000','2025-08-13 14:45:01.000000','admin','admin',NULL),('19e447cc-b7bf-463c-ba71-919bdd9ed0b6','eebc0ad6-3c6e-4add-87c5-45b0c4229121','fa53a855-c733-4645-9cb8-eb52a3ad898e',NULL,NULL,'78bcb9d4-b45a-46b9-b374-8c2f59bc7e94',NULL,'','a52c4775-308c-4d4c-b1ac-7894dac55a1d','2025-08-10 16:06:01.000000','2025-08-10 16:06:01.000000','admin','admin',NULL),('206cf522-ac61-4a6a-b39c-5196fa8f69df','ede3d41b-e4c6-43c7-82f0-5423292b1fdc','940d66dd-93f5-4f3a-a222-af37a2a42032',NULL,NULL,'95cb5bd6-e4ba-4199-b2ea-708fa91bce44',NULL,'','a52c4775-308c-4d4c-b1ac-7894dac55a1d','2025-08-13 15:57:26.000000','2025-08-13 15:57:26.000000','admin','admin',NULL),('279e9688-185f-44c7-85f7-663fb051ebbd','191bdb96-2f59-4dd2-ae9a-5e8aa2075fb6','f7351fb3-6f1b-40aa-b908-5e4cd4f67a4f',NULL,NULL,'910ebfba-7837-4608-b6f2-4052735cdb47',NULL,'','a52c4775-308c-4d4c-b1ac-7894dac55a1d','2025-08-12 13:03:51.000000','2025-08-12 13:03:51.000000','admin','admin',NULL),('2953cfa5-860f-42d9-af22-2c79459048b9','eebc0ad6-3c6e-4add-87c5-45b0c4229121','9d9a10c0-6e8a-402d-b554-a0401f8240cc',NULL,NULL,'e7de628b-f532-4131-9cf0-20c85118fa5e',NULL,'','a52c4775-308c-4d4c-b1ac-7894dac55a1d','2025-08-10 16:06:34.000000','2025-08-10 16:06:34.000000','admin','admin',NULL),('296f2dee-a17e-4046-a78e-50e1f87321d6','16207e60-f981-415a-a683-908229be87b2','1ce277e8-e51f-471d-a82a-20fb3b8abf49',NULL,NULL,'914b3863-4100-460f-be30-f1a0a2472a69',NULL,'','a52c4775-308c-4d4c-b1ac-7894dac55a1d','2025-08-13 14:44:57.000000','2025-08-13 14:44:57.000000','admin','admin',NULL),('2c8ca928-3130-409e-88b2-437148d3627a','eebc0ad6-3c6e-4add-87c5-45b0c4229121','ea6168e3-98e6-4f01-b4cd-b8fb0f54da15',NULL,NULL,'d765057c-3a2b-4333-8cb5-2eaaa3b78bbf',NULL,'','a52c4775-308c-4d4c-b1ac-7894dac55a1d','2025-08-10 16:06:58.000000','2025-08-10 16:06:58.000000','admin','admin',NULL),('2c9b85e6-0c9d-40d0-b729-32d549b069f6','edee2a02-298d-4da1-a0ce-6c28711b3f91','d5fb6786-394e-47d8-a432-c5a248bab471',NULL,NULL,'9cc9c503-ea43-4502-ae80-2fbdf958e474',NULL,'','a52c4775-308c-4d4c-b1ac-7894dac55a1d','2025-08-12 17:00:43.000000','2025-08-12 17:00:43.000000','admin','admin',NULL),('2d5105c4-1ddb-4665-b377-059967f45937','16207e60-f981-415a-a683-908229be87b2','57800517-0cf3-47c2-88b4-1d9377c24b3e',NULL,NULL,'71822767-23ab-4f44-9282-0e118aa04dc1',NULL,'','a52c4775-308c-4d4c-b1ac-7894dac55a1d','2025-08-13 14:44:08.000000','2025-08-13 14:44:08.000000','admin','admin',NULL),('2fd08e79-a69a-4f31-b562-52e55c334bad','c9fafd10-c441-43f3-96fa-15b7995f4c56',NULL,NULL,NULL,'9534e690-b810-4f01-b3a2-99283ad99a6e',NULL,'','a52c4775-308c-4d4c-b1ac-7894dac55a1d','2025-08-11 13:07:16.000000','2025-08-11 13:07:16.000000','admin','admin',NULL),('320e59b5-f692-429d-b624-3cf8304a474c','16207e60-f981-415a-a683-908229be87b2','dd7fac19-a7bd-4a27-b6e0-0cea5526e193',NULL,NULL,'57fbe2e9-d643-479e-b907-caf8856372d8',NULL,'','a52c4775-308c-4d4c-b1ac-7894dac55a1d','2025-08-13 14:45:15.000000','2025-08-13 14:45:15.000000','admin','admin',NULL),('34fde63c-4dcc-4ccc-a90a-a9a835700e2f','76c17f9f-7f00-452c-bf64-3e5fba3435fa','4ad68452-78b8-4905-b9ec-a4aa7f990bb5',NULL,NULL,'83e65d1e-a6b4-48db-85ce-e74cebafa769',NULL,'','a52c4775-308c-4d4c-b1ac-7894dac55a1d','2025-08-13 15:21:07.000000','2025-08-13 15:21:07.000000','admin','admin',NULL),('377f56f3-ccb6-4c05-ac5c-2978d105e8fa','996f270f-5858-4553-9470-3dddadedc890','d1b6d2a6-9046-4f6e-afd1-207baa7ae478','0566c117-fd04-45b9-8b65-b629116e6467',NULL,'62dedd8f-dd4d-4901-b6f5-735fda7fc229',NULL,'','a52c4775-308c-4d4c-b1ac-7894dac55a1d','2025-08-03 18:33:53.000000','2025-08-07 19:20:59.000000','admin','admin',NULL),('38385754-0e88-4d38-9bb6-05b0aa901997','c4b264c7-73db-4189-85ee-6f72d8fab8fc','a5c7cad4-1427-467e-8777-ca7d5e8a9167',NULL,NULL,'77559a6c-9118-4215-bbc2-d10e45819e3b',NULL,'','a52c4775-308c-4d4c-b1ac-7894dac55a1d','2025-08-12 12:05:13.000000','2025-08-12 12:05:13.000000','admin','admin',NULL),('3dfef5a8-b702-4cd6-bd33-20b9fe0b1b21','5cb5187b-a92e-4540-930d-3be3ca46668a',NULL,NULL,NULL,'1c6b38f5-28ff-4f6f-a5ce-d63343ec3631',NULL,'','a52c4775-308c-4d4c-b1ac-7894dac55a1d','2025-08-07 12:58:23.000000','2025-08-07 12:58:23.000000','admin','admin',NULL),('3e3baa60-00cc-4495-99ed-f2a38761c146','eebc0ad6-3c6e-4add-87c5-45b0c4229121','fa53a855-c733-4645-9cb8-eb52a3ad898e',NULL,NULL,'b5552c30-15be-4349-92bc-1b0fbff37f13',NULL,'','a52c4775-308c-4d4c-b1ac-7894dac55a1d','2025-08-10 16:05:59.000000','2025-08-10 16:05:59.000000','admin','admin',NULL),('3f457bab-f9dd-4a71-b360-b3e27e20968f','867559ad-0653-4165-aa8a-ca4363d71913','0bdd47a0-eeb0-4f0e-9435-663e12f83bc0',NULL,NULL,'3f6cc201-a4e2-4b38-9712-edce6f25d150',NULL,'','a52c4775-308c-4d4c-b1ac-7894dac55a1d','2025-08-12 15:17:59.000000','2025-08-12 15:17:59.000000','admin','admin',NULL),('4274d19d-b5c5-450b-a599-f35ceb2846b2','eebc0ad6-3c6e-4add-87c5-45b0c4229121','7c30cde5-d27c-4243-9033-e518a8760652',NULL,NULL,'ab311828-95d9-4ef7-8952-a6acaa8b3a84',NULL,'','a52c4775-308c-4d4c-b1ac-7894dac55a1d','2025-08-10 16:06:22.000000','2025-08-10 16:06:22.000000','admin','admin',NULL),('4733f550-d859-4a13-a9eb-c8da4c66fd98','8cc35be4-3624-4114-9dbc-b3411b6ee26d',NULL,NULL,NULL,'8a9cb4e7-e1fa-4ede-90e4-04e6aa7ac27e',NULL,'','a52c4775-308c-4d4c-b1ac-7894dac55a1d','2025-08-11 13:13:02.000000','2025-08-11 13:13:02.000000','admin','admin',NULL),('4ad1d47c-802a-4796-8f1b-69ccff6b559d','eebc0ad6-3c6e-4add-87c5-45b0c4229121','7c30cde5-d27c-4243-9033-e518a8760652',NULL,NULL,'e7de628b-f532-4131-9cf0-20c85118fa5e',NULL,'','a52c4775-308c-4d4c-b1ac-7894dac55a1d','2025-08-10 16:06:19.000000','2025-08-10 16:06:19.000000','admin','admin',NULL),('5170790a-bb0c-4ba8-b1e2-42c3b0e1e240','c4b264c7-73db-4189-85ee-6f72d8fab8fc','9b146eff-2aec-4664-b44d-8616e8a8ca4c',NULL,NULL,'b46aadeb-1b3a-4c39-b75d-07ca201785e0',NULL,'','a52c4775-308c-4d4c-b1ac-7894dac55a1d','2025-08-12 12:05:36.000000','2025-08-12 12:05:36.000000','admin','admin',NULL),('53019077-d4ad-40f6-839b-a2b1e558cc3d','ede3d41b-e4c6-43c7-82f0-5423292b1fdc','c1c319c2-6691-412d-a618-a7a7b9b745c5',NULL,NULL,'eaee9afc-0b50-4d7c-b849-be6f90f65aeb',NULL,'','a52c4775-308c-4d4c-b1ac-7894dac55a1d','2025-08-13 15:57:23.000000','2025-08-13 15:57:23.000000','admin','admin',NULL),('5b2500a3-7831-4dd1-9a24-e164cbce21fd','a989196f-6a7b-4ac3-8144-a6e196087271',NULL,NULL,NULL,'ecb60e8c-d97d-4374-903d-1947c6f4ab00',NULL,'','a52c4775-308c-4d4c-b1ac-7894dac55a1d','2025-08-13 14:49:39.000000','2025-08-13 14:49:39.000000','admin','admin',NULL),('5b8c3070-1d24-411f-ae97-51b629bdbb06','ff7b4a10-5ca1-41ec-be36-90289dd8df32','abbd4e9b-11a8-411a-ba46-8bd102c34314',NULL,NULL,'04cb31b5-9aed-4265-abc9-91c7ed7dd141',NULL,'','a52c4775-308c-4d4c-b1ac-7894dac55a1d','2025-08-13 17:10:15.000000','2025-08-13 17:10:15.000000','admin','admin',NULL),('5ec06d9e-08b0-4af4-ba69-1b1ddd6f166f','16207e60-f981-415a-a683-908229be87b2','863c35e8-cf63-4945-9069-114ee8611970',NULL,NULL,'388c33f1-2f28-4b3c-af02-9ecfcd6b043e',NULL,'','a52c4775-308c-4d4c-b1ac-7894dac55a1d','2025-08-13 14:45:06.000000','2025-08-13 14:45:06.000000','admin','admin',NULL),('66ea8023-804c-4f9c-ad94-99e7e06b8d49','867559ad-0653-4165-aa8a-ca4363d71913','ddc832e2-49e7-4249-8085-229c5faa4cf0',NULL,NULL,'91d1ce6d-e3d6-4bf3-963b-616b296a8252',NULL,'','a52c4775-308c-4d4c-b1ac-7894dac55a1d','2025-08-12 15:18:03.000000','2025-08-12 15:18:03.000000','admin','admin',NULL),('6a5d8011-6aed-4216-8b35-78aee0d818b2','eebc0ad6-3c6e-4add-87c5-45b0c4229121','ea6168e3-98e6-4f01-b4cd-b8fb0f54da15',NULL,NULL,'e7de628b-f532-4131-9cf0-20c85118fa5e',NULL,'','a52c4775-308c-4d4c-b1ac-7894dac55a1d','2025-08-10 16:06:56.000000','2025-08-10 16:06:56.000000','admin','admin',NULL),('6ca21b27-d703-45c2-b36f-7727ac1be6d3','c4b264c7-73db-4189-85ee-6f72d8fab8fc','5f792cdb-040d-4924-aff0-3bdb008b3585',NULL,NULL,'7cc9148b-0e6b-4bd0-b652-2a65374e016e',NULL,'','a52c4775-308c-4d4c-b1ac-7894dac55a1d','2025-08-12 12:05:27.000000','2025-08-12 12:05:27.000000','admin','admin',NULL),('6da5e4c9-8686-4d93-8350-880e51e79413','ff7b4a10-5ca1-41ec-be36-90289dd8df32','5063cc04-31f1-4be9-bb21-470b3a78d41c',NULL,NULL,'69d1e1dc-a832-47b8-a8a9-4d9a489cd462',NULL,'','a52c4775-308c-4d4c-b1ac-7894dac55a1d','2025-08-13 17:10:08.000000','2025-08-13 17:10:08.000000','admin','admin',NULL),('71b96a17-adf8-4fc7-9688-66c4823d84b6','1912e526-4d84-4e94-a397-4a617e3c4bed',NULL,NULL,NULL,'d88adf9b-d127-4a68-8dfe-5af63d41308e',NULL,'','a52c4775-308c-4d4c-b1ac-7894dac55a1d','2025-08-11 13:15:44.000000','2025-08-11 13:15:44.000000','admin','admin',NULL),('7571c0bd-6f9c-4b48-a260-1feac2e31aba','191bdb96-2f59-4dd2-ae9a-5e8aa2075fb6','1ba34c07-de15-4151-b29f-853592961519',NULL,NULL,'ece5cd7e-6056-4803-87bb-d5b6d5f9cdc4',NULL,'','a52c4775-308c-4d4c-b1ac-7894dac55a1d','2025-08-12 13:04:04.000000','2025-08-12 13:04:04.000000','admin','admin',NULL),('76346d32-2168-42bb-be2b-5e58e177cf4e','cfc0e06e-c8f8-4da7-bfb0-4301d1f1f195',NULL,NULL,NULL,'d4f48991-b9eb-4ae3-9cef-7284f771d514',NULL,'','a52c4775-308c-4d4c-b1ac-7894dac55a1d','2025-08-13 15:32:48.000000','2025-08-13 15:32:48.000000','admin','admin',NULL),('7b174cac-147a-47e4-8954-f337214ff942','ff7b4a10-5ca1-41ec-be36-90289dd8df32','0fed4934-de2b-4b12-950f-7ca730a0f423',NULL,NULL,'e844060a-f20d-4248-9f12-23c88854661a',NULL,'','a52c4775-308c-4d4c-b1ac-7894dac55a1d','2025-08-13 17:10:11.000000','2025-08-13 17:10:11.000000','admin','admin',NULL),('83e2055f-e781-4866-80ef-cbf69213e279','eebc0ad6-3c6e-4add-87c5-45b0c4229121','fa53a855-c733-4645-9cb8-eb52a3ad898e',NULL,NULL,'9ddb4cf8-fcb6-43e6-a312-b0ed03495ee0',NULL,'','a52c4775-308c-4d4c-b1ac-7894dac55a1d','2025-08-14 17:13:31.000000','2025-08-14 17:13:31.000000','admin','admin',NULL),('898e7a9c-57c7-4d12-b5ad-6ab441e91e9c','ffc8051e-bd1f-4120-a303-0edd80b59253',NULL,NULL,NULL,'7c799223-3c86-48da-80d6-6c685bbfdd55',NULL,'','a52c4775-308c-4d4c-b1ac-7894dac55a1d','2025-08-12 15:51:19.000000','2025-08-12 15:51:19.000000','admin','admin',NULL),('89997f77-aaf0-4194-a811-97d6dd80e2fc','14e384db-1135-4d49-abc7-6245958090a5',NULL,NULL,NULL,'e79d3fd6-8fa5-4224-bb41-148cdb02b295',NULL,'','a52c4775-308c-4d4c-b1ac-7894dac55a1d','2025-08-13 16:54:33.000000','2025-08-13 16:54:33.000000','admin','admin',NULL),('96139301-acde-4918-9823-a699ee3d55c5','eebc0ad6-3c6e-4add-87c5-45b0c4229121','9d9a10c0-6e8a-402d-b554-a0401f8240cc',NULL,NULL,'c18c0ed9-3a8e-4cae-8708-64b2e7270831',NULL,'','a52c4775-308c-4d4c-b1ac-7894dac55a1d','2025-08-10 16:06:39.000000','2025-08-10 16:06:39.000000','admin','admin',NULL),('96db0dba-ca34-42a6-847d-606713448012','5b4d27ea-bcc5-4e60-bf6d-d09abc86ff00','5ccfe169-e7a8-41b3-9a36-3db6bdbe9475','e23e7fea-877b-4a0b-83a5-758857dc569c','983d4cbc-dde3-4493-8897-9383ffc6efd1','0ff1096c-c3dd-4302-88b2-bc76eb814247',NULL,'','a52c4775-308c-4d4c-b1ac-7894dac55a1d','2025-08-14 17:24:48.000000','2025-08-14 17:24:48.000000','admin','admin','C'),('9858fd2f-60d7-4a2e-8fc0-401c091141c0','996f270f-5858-4553-9470-3dddadedc890','d1b6d2a6-9046-4f6e-afd1-207baa7ae478','d6bfa883-6314-4ae2-8a77-3257887b9dec',NULL,'a5dd2be0-9d2c-4ae7-bee3-b9d799b80958',NULL,'','a52c4775-308c-4d4c-b1ac-7894dac55a1d','2025-08-03 18:33:35.000000','2025-08-07 19:18:06.000000','admin','admin',NULL),('a18c4db5-0b7c-474a-9a86-b6679c2e5e31','61ddbc58-8b74-4b7a-8d55-06b9b629250c',NULL,NULL,NULL,'b4c3f6ef-fecb-40e5-be4e-b38725bd44d8',NULL,'','a52c4775-308c-4d4c-b1ac-7894dac55a1d','2025-08-11 13:08:40.000000','2025-08-11 13:08:40.000000','admin','admin',NULL),('a3c19090-0781-4000-a967-2240f3b4c2ab','eebc0ad6-3c6e-4add-87c5-45b0c4229121','7c30cde5-d27c-4243-9033-e518a8760652',NULL,NULL,'67754ac5-2bda-4f3b-a9b8-84856626d2d6',NULL,'','a52c4775-308c-4d4c-b1ac-7894dac55a1d','2025-08-10 16:06:24.000000','2025-08-10 16:06:24.000000','admin','admin',NULL),('a417ae68-e4d9-4248-b99a-a082c69c0abd','eebc0ad6-3c6e-4add-87c5-45b0c4229121','7c30cde5-d27c-4243-9033-e518a8760652',NULL,NULL,'31bb91be-c5af-476c-8566-762f5a77e044',NULL,'','a52c4775-308c-4d4c-b1ac-7894dac55a1d','2025-08-10 16:06:27.000000','2025-08-10 16:06:27.000000','admin','admin',NULL),('a62466e3-10be-4887-a1b5-e1eca0ddd57d','c4b264c7-73db-4189-85ee-6f72d8fab8fc','601196e6-a452-4ec6-acc5-0582739a74de',NULL,NULL,'940a3da2-f259-4a7e-820b-44c1a586fecf',NULL,'','a52c4775-308c-4d4c-b1ac-7894dac55a1d','2025-08-12 12:05:31.000000','2025-08-12 12:05:31.000000','admin','admin',NULL),('aa583075-8340-4d0a-8d09-28246a4a7073','5b4d27ea-bcc5-4e60-bf6d-d09abc86ff00','5ccfe169-e7a8-41b3-9a36-3db6bdbe9475','e23e7fea-877b-4a0b-83a5-758857dc569c','983d4cbc-dde3-4493-8897-9383ffc6efd1','ca11b6ca-e628-4f57-8bb2-8582772a7a90',NULL,'','a52c4775-308c-4d4c-b1ac-7894dac55a1d','2025-07-24 18:32:49.000000','2025-08-14 17:27:10.000000','admin','admin','C'),('ad165b11-858f-40ea-8249-969503437459','ede3d41b-e4c6-43c7-82f0-5423292b1fdc','6330c9b1-7f90-4e86-bd23-c5c194c47fae',NULL,NULL,'4cb7ef22-7c91-4fbe-bfa3-049abeef027c',NULL,'','a52c4775-308c-4d4c-b1ac-7894dac55a1d','2025-08-13 15:57:52.000000','2025-08-13 15:57:52.000000','admin','admin',NULL),('b25e5345-39dc-458a-9f2a-63a36a1a34c0','c4b264c7-73db-4189-85ee-6f72d8fab8fc','6300bd2a-c0cb-4328-bcfb-699f0db25df5',NULL,NULL,'d1a41f64-fd39-4270-b5ac-b5bac26ca63a',NULL,'','a52c4775-308c-4d4c-b1ac-7894dac55a1d','2025-08-12 12:05:21.000000','2025-08-12 12:05:21.000000','admin','admin',NULL),('b54ea08d-81a8-4012-9c1c-4a4cffc33a6b','eebc0ad6-3c6e-4add-87c5-45b0c4229121','ea6168e3-98e6-4f01-b4cd-b8fb0f54da15',NULL,NULL,'31bb91be-c5af-476c-8566-762f5a77e044',NULL,'','a52c4775-308c-4d4c-b1ac-7894dac55a1d','2025-08-10 16:07:06.000000','2025-08-10 16:07:06.000000','admin','admin',NULL),('b5bcd70a-e0fd-43d0-86e7-80f2ccdbbdf1','996f270f-5858-4553-9470-3dddadedc890','d1b6d2a6-9046-4f6e-afd1-207baa7ae478','9ead731f-c832-44a4-8da2-c73d1ab32a55',NULL,'a6e8a917-4d27-4f0b-8268-c477b768845b',NULL,'','a52c4775-308c-4d4c-b1ac-7894dac55a1d','2025-08-03 18:33:12.000000','2025-08-03 18:33:12.000000','admin','admin',NULL),('b6969291-ad59-436c-9e61-95a8c759b254','d580b963-ca71-4b62-bfb1-73d8e7f7baa0',NULL,NULL,NULL,'edb016de-1c70-489e-a420-288f17a76b70',NULL,'','a52c4775-308c-4d4c-b1ac-7894dac55a1d','2025-08-12 16:44:13.000000','2025-08-12 16:44:13.000000','admin','admin',NULL),('b9dd99bc-2db2-4524-8646-13e9de5806ad','e93e00f2-7bf3-4086-9f21-136407c13ef1',NULL,NULL,NULL,'15c2e9cb-606e-444a-868b-33320c24a504',NULL,'','a52c4775-308c-4d4c-b1ac-7894dac55a1d','2025-08-06 13:25:35.000000','2025-08-06 13:25:35.000000','admin','admin',NULL),('ba7e15b7-7bce-4d9f-9b3b-6abdb4fc495e','c4b264c7-73db-4189-85ee-6f72d8fab8fc','dbb5f5af-2c43-4ee3-919c-29d29986ddb5',NULL,NULL,'b3e2805a-dbc1-4c0c-91ce-5de7a578fc1b',NULL,'','a52c4775-308c-4d4c-b1ac-7894dac55a1d','2025-08-12 12:05:08.000000','2025-08-12 12:05:08.000000','admin','admin',NULL),('c3b6fa57-4815-4632-afc2-ce5005a2b445','191bdb96-2f59-4dd2-ae9a-5e8aa2075fb6','83052c79-c91a-451b-b81a-12368d6ff1e1',NULL,NULL,'c94a1c3d-48a3-44db-9f62-6235e4375043',NULL,'','a52c4775-308c-4d4c-b1ac-7894dac55a1d','2025-08-12 13:04:00.000000','2025-08-12 13:04:00.000000','admin','admin',NULL),('c6033697-e74b-4f09-bb8b-bb137675aaa2','1c02efec-cc33-4a24-a76f-07ac6b21e208',NULL,NULL,NULL,'477b0364-a97f-4b57-bacd-65670f478536',NULL,'','a52c4775-308c-4d4c-b1ac-7894dac55a1d','2025-08-13 17:31:02.000000','2025-08-13 17:31:02.000000','admin','admin',NULL),('c85c7e1f-4b17-436f-905e-b6fb6e2c30b9','7f662fcb-a07f-4c56-892a-78c749557130',NULL,NULL,NULL,'14bd2c76-39c6-404e-8dad-72b4e6f0ac47',NULL,'','a52c4775-308c-4d4c-b1ac-7894dac55a1d','2025-08-12 12:12:07.000000','2025-08-12 12:12:07.000000','admin','admin',NULL),('ca9d3baf-b2d1-4b07-900b-c20e8d79fcae','5b4d27ea-bcc5-4e60-bf6d-d09abc86ff00',NULL,NULL,NULL,'Item-test/',NULL,'','a52c4775-308c-4d4c-b1ac-7894dac55a1d','2025-07-30 17:47:10.000000','2025-07-30 17:47:10.000000','admin','admin',NULL),('caa0da47-4d87-48e2-829d-a73c669fdf7d','996f270f-5858-4553-9470-3dddadedc890','d1b6d2a6-9046-4f6e-afd1-207baa7ae478','72b31fa5-7ee3-4e94-97a8-687a4289052d',NULL,'f93ecd0e-914f-404d-b26b-f310a52843ef',NULL,'','a52c4775-308c-4d4c-b1ac-7894dac55a1d','2025-08-03 18:33:48.000000','2025-08-07 19:20:52.000000','admin','admin',NULL),('cde04149-94ce-4344-84a9-f71a417def8e','996f270f-5858-4553-9470-3dddadedc890','d1b6d2a6-9046-4f6e-afd1-207baa7ae478','9ead731f-c832-44a4-8da2-c73d1ab32a55',NULL,'3f4195f0-d2b5-43ee-8f44-1fc6ddee460b',NULL,'','a52c4775-308c-4d4c-b1ac-7894dac55a1d','2025-07-24 18:04:06.000000','2025-08-07 19:17:57.000000','admin','admin',NULL),('cebc17dc-067c-41e4-bc8a-cb55394ab42c','c4b264c7-73db-4189-85ee-6f72d8fab8fc','dd71bbb8-0f91-44f6-ad79-97dc3364d2d0',NULL,NULL,'829441f9-4ea0-4edb-b658-769789ea80b8',NULL,'','a52c4775-308c-4d4c-b1ac-7894dac55a1d','2025-08-12 12:05:17.000000','2025-08-12 12:05:17.000000','admin','admin',NULL),('cfc05c95-e627-4105-aa93-f7e3b23763a6','16207e60-f981-415a-a683-908229be87b2','bb315402-7f6a-4f29-9f3f-e921a0f5aa2f',NULL,NULL,'aa6da9ea-bc23-4263-aa26-ae4b08f9c0c5',NULL,'','a52c4775-308c-4d4c-b1ac-7894dac55a1d','2025-08-13 14:45:09.000000','2025-08-13 14:45:09.000000','admin','admin',NULL),('d04abc95-4507-463d-8d38-b3ea254944dd','76c17f9f-7f00-452c-bf64-3e5fba3435fa','804b13fb-c63d-4029-b78b-c3ad3bff648a',NULL,NULL,'f3ed342d-233f-4cd6-91dc-1d6a927122b3',NULL,'','a52c4775-308c-4d4c-b1ac-7894dac55a1d','2025-08-13 15:21:11.000000','2025-08-13 15:21:11.000000','admin','admin',NULL),('d1626d65-fd0c-4c37-ae58-d619d1cd9c44','996f270f-5858-4553-9470-3dddadedc890','d1b6d2a6-9046-4f6e-afd1-207baa7ae478','19e52c96-a06a-4f07-afa7-b227d4dd5fa8',NULL,'0a48e05f-4550-4882-81aa-c6e0df62dc48',NULL,'','a52c4775-308c-4d4c-b1ac-7894dac55a1d','2025-08-03 18:33:43.000000','2025-08-07 19:20:43.000000','admin','admin',NULL),('d5cd549f-8290-4b1d-b568-346928ec2cb3','eebc0ad6-3c6e-4add-87c5-45b0c4229121','9d9a10c0-6e8a-402d-b554-a0401f8240cc',NULL,NULL,'7ecf669f-963a-450a-99fb-482281656c50',NULL,'','a52c4775-308c-4d4c-b1ac-7894dac55a1d','2025-08-10 16:06:37.000000','2025-08-10 16:06:37.000000','admin','admin',NULL),('d6d1d5b0-56de-4fd8-8e42-b9f82ceb5809','eebc0ad6-3c6e-4add-87c5-45b0c4229121','9d9a10c0-6e8a-402d-b554-a0401f8240cc',NULL,NULL,'31bb91be-c5af-476c-8566-762f5a77e044',NULL,'','a52c4775-308c-4d4c-b1ac-7894dac55a1d','2025-08-10 16:06:41.000000','2025-08-10 16:06:41.000000','admin','admin',NULL),('d968cf78-e76e-4fbf-84ce-9b58dc0a3aca','ede3d41b-e4c6-43c7-82f0-5423292b1fdc','fe6ff73a-b5b7-4d35-a7fa-0edafd99da70',NULL,NULL,'e852127d-33ac-4754-ba22-719dda87cc73',NULL,'','a52c4775-308c-4d4c-b1ac-7894dac55a1d','2025-08-13 15:57:30.000000','2025-08-13 15:57:30.000000','admin','admin',NULL),('df424f87-b377-4ba2-878f-6ad2f2d67d6f','9994f272-6709-4608-9fa2-b1f61f4049c4','ae6938fe-ade0-4740-b820-82da31d1305e',NULL,NULL,'f4e27717-b93c-4e83-8f2d-c83cc862b1e9',NULL,'','a52c4775-308c-4d4c-b1ac-7894dac55a1d','2025-08-06 13:24:48.000000','2025-08-06 13:24:48.000000','admin','admin',NULL),('e1e7473d-f0a4-4aad-b1e5-3e92f6c8b4c4','867559ad-0653-4165-aa8a-ca4363d71913','72a8002f-11ae-46bd-b22a-ff2e46be5b00',NULL,NULL,'4281fa16-3835-485e-8305-d62caa24a03f',NULL,'','a52c4775-308c-4d4c-b1ac-7894dac55a1d','2025-08-12 15:18:16.000000','2025-08-12 15:18:16.000000','admin','admin',NULL),('e2b6d6fd-1b71-49c4-9977-05bc7cee4a57','7b5259f5-7ae8-4846-bc6d-ded8eb60504d',NULL,NULL,NULL,'567c672c-9890-490f-aba3-8e6728f80981',NULL,'','a52c4775-308c-4d4c-b1ac-7894dac55a1d','2025-08-13 16:50:43.000000','2025-08-13 16:50:43.000000','admin','admin',NULL),('e9884185-dffa-48b6-874e-6d90c030b242','867559ad-0653-4165-aa8a-ca4363d71913','31090ade-d4b6-4a23-b4e2-3776c5efda91',NULL,NULL,'8d873bcb-6440-473a-8bc0-99d02ef2e1bf',NULL,'','a52c4775-308c-4d4c-b1ac-7894dac55a1d','2025-08-12 15:18:10.000000','2025-08-12 15:18:10.000000','admin','admin',NULL),('f0bd72d3-6e28-4574-883d-ddef7b306eba','d6991222-bac4-4a49-95cb-4b58dcb0d759',NULL,NULL,NULL,'e43a2b6f-aaa2-4c54-a3e9-55d84d3d53c2',NULL,'','a52c4775-308c-4d4c-b1ac-7894dac55a1d','2025-08-12 17:29:49.000000','2025-08-12 17:29:49.000000','admin','admin',NULL),('f0d31d89-e34f-4cab-bb2e-41a7d001028b','eebc0ad6-3c6e-4add-87c5-45b0c4229121','fa53a855-c733-4645-9cb8-eb52a3ad898e',NULL,NULL,'e7de628b-f532-4131-9cf0-20c85118fa5e',NULL,'','a52c4775-308c-4d4c-b1ac-7894dac55a1d','2025-08-10 16:05:55.000000','2025-08-10 16:05:55.000000','admin','admin',NULL),('f389cfd7-8f8a-4492-a7ba-6f8ea640bf58','191bdb96-2f59-4dd2-ae9a-5e8aa2075fb6','ea036931-3706-4fdf-afbb-7a2824ad1ff0',NULL,NULL,'3b688270-f127-44ab-9813-0193b329a5d3',NULL,'','a52c4775-308c-4d4c-b1ac-7894dac55a1d','2025-08-12 13:03:47.000000','2025-08-12 13:03:47.000000','admin','admin',NULL),('fd2d5e53-e98c-4a82-a104-79fe8c2c6a35','edee2a02-298d-4da1-a0ce-6c28711b3f91','b91950bd-7306-493a-9a85-63b29463d81a',NULL,NULL,'bfe5ab42-fb6a-4368-beb7-b8e74a227f36',NULL,'','a52c4775-308c-4d4c-b1ac-7894dac55a1d','2025-08-12 17:00:50.000000','2025-08-12 17:00:50.000000','admin','admin',NULL);
/*!40000 ALTER TABLE `dpgroupmap` ENABLE KEYS */;
UNLOCK TABLES;

--
-- Table structure for table `feature`
--

DROP TABLE IF EXISTS `feature`;
/*!40101 SET @saved_cs_client     = @@character_set_client */;
/*!50503 SET character_set_client = utf8mb4 */;
CREATE TABLE `feature` (
  `id` int(11) NOT NULL AUTO_INCREMENT,
  `name` varchar(255) NOT NULL,
  `remarks` varchar(255) NOT NULL,
  PRIMARY KEY (`id`)
) ENGINE=InnoDB DEFAULT CHARSET=utf8mb4 COLLATE=utf8mb4_general_ci;
/*!40101 SET character_set_client = @saved_cs_client */;

--
-- Dumping data for table `feature`
--

LOCK TABLES `feature` WRITE;
/*!40000 ALTER TABLE `feature` DISABLE KEYS */;
/*!40000 ALTER TABLE `feature` ENABLE KEYS */;
UNLOCK TABLES;

--
-- Table structure for table `field`
--

DROP TABLE IF EXISTS `field`;
/*!40101 SET @saved_cs_client     = @@character_set_client */;
/*!50503 SET character_set_client = utf8mb4 */;
CREATE TABLE `field` (
  `id` varchar(36) NOT NULL,
  `serialNumber` varchar(255) NOT NULL,
  `description` varchar(255) DEFAULT NULL,
  `fieldGroupCode` varchar(255) NOT NULL,
  `tier` varchar(255) NOT NULL,
  `name` varchar(255) DEFAULT NULL,
  `subItemId` varchar(255) DEFAULT NULL,
  `subSubItemId` varchar(255) DEFAULT NULL,
  `subSubSubItemId` varchar(255) DEFAULT NULL,
  `userId` varchar(255) NOT NULL,
  `createdAt` datetime(6) NOT NULL DEFAULT current_timestamp(6),
  `updatedAt` datetime(6) NOT NULL DEFAULT current_timestamp(6) ON UPDATE current_timestamp(6),
  `createdBy` varchar(255) DEFAULT NULL,
  `updatedBy` varchar(255) DEFAULT NULL,
  `displayType` varchar(255) NOT NULL,
  `dataType` varchar(255) DEFAULT NULL,
  `isRequired` tinyint(4) DEFAULT NULL,
  `remarks` varchar(255) DEFAULT NULL,
  `itemId` varchar(2555) NOT NULL,
  PRIMARY KEY (`id`),
  KEY `FK_6ef898729970148a88342f1d29f` (`subSubSubItemId`),
  CONSTRAINT `FK_6ef898729970148a88342f1d29f` FOREIGN KEY (`subSubSubItemId`) REFERENCES `sub_sub_sub_item` (`id`) ON DELETE NO ACTION ON UPDATE NO ACTION
) ENGINE=InnoDB DEFAULT CHARSET=utf8mb4 COLLATE=utf8mb4_general_ci;
/*!40101 SET character_set_client = @saved_cs_client */;

--
-- Dumping data for table `field`
--

LOCK TABLES `field` WRITE;
/*!40000 ALTER TABLE `field` DISABLE KEYS */;
INSERT INTO `field` VALUES ('04b1c2eb-a3cf-426b-8151-ebbbfac4c588','3',NULL,'Add Company/Departments','C',NULL,NULL,NULL,NULL,'a52c4775-308c-4d4c-b1ac-7894dac55a1d','2025-08-06 13:31:51.773000','2025-08-06 13:32:01.208000','admin','admin','Table',NULL,NULL,'Department Info','a323c849-587c-4939-986e-ac274ee2aaef'),('04cb31b5-9aed-4265-abc9-91c7ed7dd141','3',NULL,'Add Vendor Credit/Other Details','C',NULL,NULL,NULL,NULL,'a52c4775-308c-4d4c-b1ac-7894dac55a1d','2025-08-13 17:08:15.747000','2025-08-13 17:08:15.747000','admin','admin','List',NULL,NULL,'	Other info','ff7b4a10-5ca1-41ec-be36-90289dd8df32'),('0a48e05f-4550-4882-81aa-c6e0df62dc48','4',NULL,'Department','C',NULL,NULL,NULL,NULL,'a52c4775-308c-4d4c-b1ac-7894dac55a1d','2025-07-31 19:19:23.249000','2025-07-31 19:57:55.769000','admin','admin','Table',NULL,NULL,'Department Setup','996f270f-5858-4553-9470-3dddadedc890'),('0c86d624-4246-4c7e-bf5d-bd1b99446a3c','5',NULL,'Add Company/Organogram','C',NULL,NULL,NULL,NULL,'a52c4775-308c-4d4c-b1ac-7894dac55a1d','2025-08-06 13:33:14.390000','2025-08-06 13:33:14.390000','admin','admin','Tree',NULL,NULL,'Reportng Organogram','a323c849-587c-4939-986e-ac274ee2aaef'),('0ff1096c-c3dd-4302-88b2-bc76eb814247','2','','Item-test-2','C','',NULL,NULL,NULL,'a52c4775-308c-4d4c-b1ac-7894dac55a1d','2025-07-26 17:49:32.327000','2025-07-27 18:26:47.422000','admin','admin','Tree','',0,'test','5b4d27ea-bcc5-4e60-bf6d-d09abc86ff00'),('14bd2c76-39c6-404e-8dad-72b4e6f0ac47','1',NULL,'Invoice/List of All Invoice','C',NULL,NULL,NULL,NULL,'a52c4775-308c-4d4c-b1ac-7894dac55a1d','2025-08-12 12:10:50.769000','2025-08-12 12:10:50.769000','admin','admin','Table',NULL,NULL,'Invoice List','7f662fcb-a07f-4c56-892a-78c749557130'),('15c2e9cb-606e-444a-868b-33320c24a504','1',NULL,'Add Currency/New Currency','C',NULL,NULL,NULL,NULL,'a52c4775-308c-4d4c-b1ac-7894dac55a1d','2025-08-06 13:19:31.805000','2025-08-06 13:19:31.805000','admin','admin','List',NULL,NULL,'New Currency','e93e00f2-7bf3-4086-9f21-136407c13ef1'),('1c6b38f5-28ff-4f6f-a5ce-d63343ec3631','1',NULL,'Chart of Accounts/List of All Accounts','C',NULL,NULL,NULL,NULL,'a52c4775-308c-4d4c-b1ac-7894dac55a1d','2025-08-06 14:10:09.141000','2025-08-06 14:10:59.164000','admin','admin','Table',NULL,NULL,'All Accounts','5cb5187b-a92e-4540-930d-3be3ca46668a'),('31bb91be-c5af-476c-8566-762f5a77e044','10',NULL,'Add Voucher/Others','C',NULL,NULL,NULL,NULL,'a52c4775-308c-4d4c-b1ac-7894dac55a1d','2025-08-07 14:27:58.457000','2025-08-11 13:19:39.478000','admin','admin','List',NULL,NULL,'Tag & Attachments','eebc0ad6-3c6e-4add-87c5-45b0c4229121'),('388c33f1-2f28-4b3c-af02-9ecfcd6b043e','4',NULL,'Add Bill/Terms & Condition','C',NULL,NULL,NULL,NULL,'a52c4775-308c-4d4c-b1ac-7894dac55a1d','2025-08-13 12:36:13.733000','2025-08-13 12:36:13.733000','admin','admin','List',NULL,NULL,'Other Info','16207e60-f981-415a-a683-908229be87b2'),('3b688270-f127-44ab-9813-0193b329a5d3','1',NULL,'Add Sales Receipt/Basic Information','C',NULL,NULL,NULL,NULL,'a52c4775-308c-4d4c-b1ac-7894dac55a1d','2025-08-12 12:58:27.446000','2025-08-12 12:58:38.322000','admin','admin','List',NULL,NULL,'General Info','191bdb96-2f59-4dd2-ae9a-5e8aa2075fb6'),('3f4195f0-d2b5-43ee-8f44-1fc6ddee460b','2',NULL,'Company Type','C',NULL,NULL,NULL,NULL,'a52c4775-308c-4d4c-b1ac-7894dac55a1d','2025-07-31 19:58:39.869000','2025-07-31 19:58:39.869000','admin','admin','Table',NULL,NULL,'Company Relation Setup','996f270f-5858-4553-9470-3dddadedc890'),('3f6cc201-a4e2-4b38-9712-edce6f25d150','1',NULL,'Add Payment Receipt/Basic Information','C',NULL,NULL,NULL,NULL,'a52c4775-308c-4d4c-b1ac-7894dac55a1d','2025-08-12 15:01:22.396000','2025-08-12 15:01:22.396000','admin','admin','List',NULL,NULL,'General Info','867559ad-0653-4165-aa8a-ca4363d71913'),('4281fa16-3835-485e-8305-d62caa24a03f','4',NULL,'Add Payment Receipt/Other Details','C',NULL,NULL,NULL,NULL,'a52c4775-308c-4d4c-b1ac-7894dac55a1d','2025-08-12 15:08:03.164000','2025-08-12 15:08:03.164000','admin','admin','List',NULL,NULL,'Other Info','867559ad-0653-4165-aa8a-ca4363d71913'),('477b0364-a97f-4b57-bacd-65670f478536','1',NULL,'Vendor Credit/List of Vendor Credits','C',NULL,NULL,NULL,NULL,'a52c4775-308c-4d4c-b1ac-7894dac55a1d','2025-08-13 17:27:40.596000','2025-08-13 17:27:40.596000','admin','admin','Table',NULL,NULL,'All Vendor Credits','1c02efec-cc33-4a24-a76f-07ac6b21e208'),('4cb7ef22-7c91-4fbe-bfa3-049abeef027c','4',NULL,'Add Expense//Other Details','C',NULL,NULL,NULL,NULL,'a52c4775-308c-4d4c-b1ac-7894dac55a1d','2025-08-13 15:52:22.080000','2025-08-13 15:52:22.080000','admin','admin','List',NULL,NULL,'Other info','ede3d41b-e4c6-43c7-82f0-5423292b1fdc'),('567c672c-9890-490f-aba3-8e6728f80981','1',NULL,'Expense/List of Expenses','C',NULL,NULL,NULL,NULL,'a52c4775-308c-4d4c-b1ac-7894dac55a1d','2025-08-13 16:47:10.743000','2025-08-13 16:47:10.743000','admin','admin','Table',NULL,NULL,'All Expenses','7b5259f5-7ae8-4846-bc6d-ded8eb60504d'),('57fbe2e9-d643-479e-b907-caf8856372d8','6',NULL,'Add Bill/Tags','C',NULL,NULL,NULL,NULL,'a52c4775-308c-4d4c-b1ac-7894dac55a1d','2025-08-13 12:37:07.750000','2025-08-13 12:37:07.750000','admin','admin','List',NULL,NULL,'Tag for Report','16207e60-f981-415a-a683-908229be87b2'),('5870c7d6-c721-466b-9405-ff4b4be9c9a6','1',NULL,'Credit Note/List of Credit Notes','C',NULL,NULL,NULL,NULL,'a52c4775-308c-4d4c-b1ac-7894dac55a1d','2025-08-12 17:13:10.031000','2025-08-12 17:13:10.031000','admin','admin','Table',NULL,NULL,'All Credit Notes','485e64be-11ec-45ea-81cf-fafc515838ff'),('62dedd8f-dd4d-4901-b6f5-735fda7fc229','6',NULL,'Organogram','C',NULL,NULL,NULL,NULL,'a52c4775-308c-4d4c-b1ac-7894dac55a1d','2025-07-31 19:20:55.213000','2025-08-03 14:33:41.807000','admin','admin','Tree',NULL,NULL,'Organogram / Reporting Setup','996f270f-5858-4553-9470-3dddadedc890'),('67754ac5-2bda-4f3b-a9b8-84856626d2d6','7',NULL,'Add Voucher/Details (Payment)','C',NULL,NULL,NULL,NULL,'a52c4775-308c-4d4c-b1ac-7894dac55a1d','2025-08-10 15:59:57.972000','2025-08-11 13:19:23.689000','admin','admin','Table',NULL,NULL,'Transaction Details (Payment)','eebc0ad6-3c6e-4add-87c5-45b0c4229121'),('69d1e1dc-a832-47b8-a8a9-4d9a489cd462','1',NULL,'Add Vendor Credit/Basic Information','C',NULL,NULL,NULL,NULL,'a52c4775-308c-4d4c-b1ac-7894dac55a1d','2025-08-13 17:07:46.116000','2025-08-13 17:07:46.116000','admin','admin','List',NULL,NULL,'General Info','ff7b4a10-5ca1-41ec-be36-90289dd8df32'),('71822767-23ab-4f44-9282-0e118aa04dc1','1',NULL,'Add Bill/Basic Information','C',NULL,NULL,NULL,NULL,'a52c4775-308c-4d4c-b1ac-7894dac55a1d','2025-08-13 12:34:36.669000','2025-08-13 12:34:36.669000','admin','admin','List',NULL,NULL,'General Info','16207e60-f981-415a-a683-908229be87b2'),('730307a4-7deb-4765-8a41-1cdaf8ca4049','3',NULL,'Add Bill/Vendor Contact','C',NULL,NULL,NULL,NULL,'a52c4775-308c-4d4c-b1ac-7894dac55a1d','2025-08-13 12:35:40.126000','2025-08-13 12:35:40.126000','admin','admin','List',NULL,NULL,'Contact Info','16207e60-f981-415a-a683-908229be87b2'),('77559a6c-9118-4215-bbc2-d10e45819e3b','3',NULL,'Add Invoice/Customer Contact','C',NULL,NULL,NULL,NULL,'a52c4775-308c-4d4c-b1ac-7894dac55a1d','2025-08-12 11:58:05.409000','2025-08-12 12:07:10.156000','admin','admin','List',NULL,NULL,'Contact info','c4b264c7-73db-4189-85ee-6f72d8fab8fc'),('78bcb9d4-b45a-46b9-b374-8c2f59bc7e94','6',NULL,'Add Voucher/Details (Receive)','C',NULL,NULL,NULL,NULL,'a52c4775-308c-4d4c-b1ac-7894dac55a1d','2025-08-07 13:48:10.261000','2025-08-11 13:19:19.086000','admin','admin','Table',NULL,NULL,'Transaction Details (Receive)','eebc0ad6-3c6e-4add-87c5-45b0c4229121'),('7c799223-3c86-48da-80d6-6c685bbfdd55','1',NULL,'Payment Receipt/List of Payment Receipts','C',NULL,NULL,NULL,NULL,'a52c4775-308c-4d4c-b1ac-7894dac55a1d','2025-08-12 15:40:45.946000','2025-08-12 15:40:45.946000','admin','admin','Table',NULL,NULL,'All Payment Receipts','ffc8051e-bd1f-4120-a303-0edd80b59253'),('7cc9148b-0e6b-4bd0-b652-2a65374e016e','5',NULL,'Add Invoice/Terms & Condition','C',NULL,NULL,NULL,NULL,'a52c4775-308c-4d4c-b1ac-7894dac55a1d','2025-08-12 11:59:40.225000','2025-08-12 11:59:40.225000','admin','admin','List',NULL,NULL,'Other info','c4b264c7-73db-4189-85ee-6f72d8fab8fc'),('7ecf669f-963a-450a-99fb-482281656c50','4',NULL,'Add Voucher/Mode (Contra)','C',NULL,NULL,NULL,NULL,'a52c4775-308c-4d4c-b1ac-7894dac55a1d','2025-08-10 15:58:57.410000','2025-08-10 15:58:57.410000','admin','admin','List',NULL,NULL,'For Contra','eebc0ad6-3c6e-4add-87c5-45b0c4229121'),('809b6fdd-32c6-4bcc-a5d6-0956e880207d','2',NULL,'Add Payment Made/Item Details','C',NULL,NULL,NULL,NULL,'a52c4775-308c-4d4c-b1ac-7894dac55a1d','2025-08-13 15:16:12.563000','2025-08-13 15:16:12.563000','admin','admin','Table',NULL,NULL,'Item & Price Info','76c17f9f-7f00-452c-bf64-3e5fba3435fa'),('81ed98b5-5d40-45bd-bcf2-e713c505198a','1',NULL,'Add Payment Made/Basic Information','C',NULL,NULL,NULL,NULL,'a52c4775-308c-4d4c-b1ac-7894dac55a1d','2025-08-13 15:00:49.796000','2025-08-13 15:00:49.796000','admin','admin','List',NULL,NULL,'General Info','76c17f9f-7f00-452c-bf64-3e5fba3435fa'),('829441f9-4ea0-4edb-b658-769789ea80b8','2',NULL,'Add Invoice/Invoice Details','C',NULL,NULL,NULL,NULL,'a52c4775-308c-4d4c-b1ac-7894dac55a1d','2025-08-12 11:58:36.630000','2025-08-12 12:07:06.921000','admin','admin','Table',NULL,NULL,'Item and price details','c4b264c7-73db-4189-85ee-6f72d8fab8fc'),('83e65d1e-a6b4-48db-85ce-e74cebafa769','3',NULL,'Add Payment Made/Payment Details','C',NULL,NULL,NULL,NULL,'a52c4775-308c-4d4c-b1ac-7894dac55a1d','2025-08-13 15:16:40.830000','2025-08-13 15:16:40.830000','admin','admin','List',NULL,NULL,'Mode info','76c17f9f-7f00-452c-bf64-3e5fba3435fa'),('8a9cb4e7-e1fa-4ede-90e4-04e6aa7ac27e','1',NULL,'Audit & Compliance/List of Auditors','C',NULL,NULL,NULL,NULL,'a52c4775-308c-4d4c-b1ac-7894dac55a1d','2025-08-11 13:12:25.113000','2025-08-11 13:12:25.113000','admin','admin','Table',NULL,NULL,'Auditors List','8cc35be4-3624-4114-9dbc-b3411b6ee26d'),('8d873bcb-6440-473a-8bc0-99d02ef2e1bf','3',NULL,'Add Payment Receipt/Receive Details','C',NULL,NULL,NULL,NULL,'a52c4775-308c-4d4c-b1ac-7894dac55a1d','2025-08-12 15:07:39.188000','2025-08-12 15:07:39.188000','admin','admin','List',NULL,NULL,'Mode Info','867559ad-0653-4165-aa8a-ca4363d71913'),('910ebfba-7837-4608-b6f2-4052735cdb47','2',NULL,'Add Sales Receipt/Item Details','C',NULL,NULL,NULL,NULL,'a52c4775-308c-4d4c-b1ac-7894dac55a1d','2025-08-12 12:58:59.301000','2025-08-12 12:58:59.301000','admin','admin','Table',NULL,NULL,'Item & Price info','191bdb96-2f59-4dd2-ae9a-5e8aa2075fb6'),('914b3863-4100-460f-be30-f1a0a2472a69','2',NULL,'Add Bill/Bill Details','C',NULL,NULL,NULL,NULL,'a52c4775-308c-4d4c-b1ac-7894dac55a1d','2025-08-13 12:35:15.491000','2025-08-13 12:35:15.491000','admin','admin','Table',NULL,NULL,'Item & Price Info','16207e60-f981-415a-a683-908229be87b2'),('91d1ce6d-e3d6-4bf3-963b-616b296a8252','2',NULL,'Add Payment Receipt/Item Details','C',NULL,NULL,NULL,NULL,'a52c4775-308c-4d4c-b1ac-7894dac55a1d','2025-08-12 15:02:01.729000','2025-08-12 15:09:17.633000','admin','admin','Table',NULL,NULL,'Item & Price info','867559ad-0653-4165-aa8a-ca4363d71913'),('940a3da2-f259-4a7e-820b-44c1a586fecf','6',NULL,'Add Invoice/Attachments','C',NULL,NULL,NULL,NULL,'a52c4775-308c-4d4c-b1ac-7894dac55a1d','2025-08-12 12:00:08.112000','2025-08-12 12:00:08.112000','admin','admin','List',NULL,NULL,'Attach here','c4b264c7-73db-4189-85ee-6f72d8fab8fc'),('9432a35f-4d1c-424c-b311-22df0efa7c18','1',NULL,'Sales Receipt/List of Sales Receipts','C',NULL,NULL,NULL,NULL,'a52c4775-308c-4d4c-b1ac-7894dac55a1d','2025-08-12 14:54:50.723000','2025-08-12 14:54:50.723000','admin','admin','Table',NULL,NULL,'All Sales Receipts','68a56585-1403-4f57-ba8b-a1f83b68eb71'),('9534e690-b810-4f01-b3a2-99283ad99a6e','1',NULL,'Journal / Voucher/List of All Vouchers','C',NULL,NULL,NULL,NULL,'a52c4775-308c-4d4c-b1ac-7894dac55a1d','2025-08-07 14:30:42.881000','2025-08-07 14:30:42.881000','admin','admin','Table',NULL,NULL,'All Vouchers','c9fafd10-c441-43f3-96fa-15b7995f4c56'),('95cb5bd6-e4ba-4199-b2ea-708fa91bce44','2',NULL,'Add Expense/Item Details','C',NULL,NULL,NULL,NULL,'a52c4775-308c-4d4c-b1ac-7894dac55a1d','2025-08-13 15:51:47.369000','2025-08-13 15:51:47.369000','admin','admin','Table',NULL,NULL,'Item & Price Info','ede3d41b-e4c6-43c7-82f0-5423292b1fdc'),('9cc9c503-ea43-4502-ae80-2fbdf958e474','1',NULL,'Add Credit Note/Basic Information','C',NULL,NULL,NULL,NULL,'a52c4775-308c-4d4c-b1ac-7894dac55a1d','2025-08-12 16:46:26.026000','2025-08-12 16:58:36.312000','admin','admin','List',NULL,NULL,'General Info','edee2a02-298d-4da1-a0ce-6c28711b3f91'),('9ddb4cf8-fcb6-43e6-a312-b0ed03495ee0','5',NULL,'Add Voucher/Mode (Journal)','C',NULL,NULL,NULL,NULL,'a52c4775-308c-4d4c-b1ac-7894dac55a1d','2025-08-11 13:20:39.506000','2025-08-11 13:20:39.506000','admin','admin','List',NULL,NULL,'For Journal','eebc0ad6-3c6e-4add-87c5-45b0c4229121'),('9e359dca-7358-4fb2-936f-470fb84f6391','2',NULL,'Add Credit Note/Item Details','C',NULL,NULL,NULL,NULL,'a52c4775-308c-4d4c-b1ac-7894dac55a1d','2025-08-12 16:46:50.757000','2025-08-12 16:58:32.599000','admin','admin','Table',NULL,NULL,'Item & Price info','edee2a02-298d-4da1-a0ce-6c28711b3f91'),('a5dd2be0-9d2c-4ae7-bee3-b9d799b80958','3',NULL,'Location','C',NULL,NULL,NULL,NULL,'a52c4775-308c-4d4c-b1ac-7894dac55a1d','2025-07-31 19:18:39.354000','2025-07-31 19:58:04.201000','admin','admin','List',NULL,NULL,'Location & Branch Setup','996f270f-5858-4553-9470-3dddadedc890'),('a689af82-a6b0-4364-b9ed-a4f879cd7274','1',NULL,'Add Account/New Account','C',NULL,NULL,NULL,NULL,'a52c4775-308c-4d4c-b1ac-7894dac55a1d','2025-08-13 17:58:10.777000','2025-08-13 17:58:10.777000','admin','admin','List',NULL,NULL,'Add Cash/ Bank / Wallet','b7ec9557-0506-4ba5-9e7c-a7740b2aa877'),('a6e8a917-4d27-4f0b-8268-c477b768845b','1',NULL,'Company Info','C',NULL,NULL,NULL,NULL,'a52c4775-308c-4d4c-b1ac-7894dac55a1d','2025-07-30 18:08:33.801000','2025-07-31 19:53:18.903000','admin','admin','List',NULL,NULL,'Company Info of Company','996f270f-5858-4553-9470-3dddadedc890'),('aa6da9ea-bc23-4263-aa26-ae4b08f9c0c5','5',NULL,'Add Bill/Attachments','C',NULL,NULL,NULL,NULL,'a52c4775-308c-4d4c-b1ac-7894dac55a1d','2025-08-13 12:36:36.631000','2025-08-13 12:36:36.631000','admin','admin','List',NULL,NULL,'Attach here','16207e60-f981-415a-a683-908229be87b2'),('ab311828-95d9-4ef7-8952-a6acaa8b3a84','3',NULL,'Add Voucher/Mode (Payment)','C',NULL,NULL,NULL,NULL,'a52c4775-308c-4d4c-b1ac-7894dac55a1d','2025-08-10 15:58:38.180000','2025-08-10 15:58:38.180000','admin','admin','List',NULL,NULL,'For Payment','eebc0ad6-3c6e-4add-87c5-45b0c4229121'),('af7656ca-37e7-4607-8a06-64644576378c','1',NULL,'Add Company/Company Info','C',NULL,NULL,NULL,NULL,'a52c4775-308c-4d4c-b1ac-7894dac55a1d','2025-08-06 13:28:24.676000','2025-08-06 13:28:24.676000','admin','admin','List',NULL,NULL,'Basic Info','a323c849-587c-4939-986e-ac274ee2aaef'),('b3e2805a-dbc1-4c0c-91ce-5de7a578fc1b','1',NULL,'Add Invoice/Basic Information','C',NULL,NULL,NULL,NULL,'a52c4775-308c-4d4c-b1ac-7894dac55a1d','2025-08-12 11:57:35.783000','2025-08-12 11:57:35.783000','admin','admin','List',NULL,NULL,'General info','c4b264c7-73db-4189-85ee-6f72d8fab8fc'),('b46aadeb-1b3a-4c39-b75d-07ca201785e0','7',NULL,'Add Invoice/Tags','C',NULL,NULL,NULL,NULL,'a52c4775-308c-4d4c-b1ac-7894dac55a1d','2025-08-12 12:00:31.718000','2025-08-12 12:00:31.717000','admin','admin','List',NULL,NULL,'Tags for Report','c4b264c7-73db-4189-85ee-6f72d8fab8fc'),('b4c3f6ef-fecb-40e5-be4e-b38725bd44d8','1',NULL,'Add Account/New Account','C',NULL,NULL,NULL,NULL,'a52c4775-308c-4d4c-b1ac-7894dac55a1d','2025-08-06 15:52:14.900000','2025-08-06 15:52:14.900000','admin','admin','Table',NULL,NULL,'Create New Account','61ddbc58-8b74-4b7a-8d55-06b9b629250c'),('b5552c30-15be-4349-92bc-1b0fbff37f13','2',NULL,'Add Voucher/Mode (Receive)','C',NULL,NULL,NULL,NULL,'a52c4775-308c-4d4c-b1ac-7894dac55a1d','2025-08-07 13:46:35.424000','2025-08-10 15:58:25.552000','admin','admin','List',NULL,NULL,'For Receive','eebc0ad6-3c6e-4add-87c5-45b0c4229121'),('bcc13e3b-600d-4c60-967e-b91a8d6a8fe3','2',NULL,'Add Company/Location & Branch','C',NULL,NULL,NULL,NULL,'a52c4775-308c-4d4c-b1ac-7894dac55a1d','2025-08-06 13:31:03.790000','2025-08-06 13:31:03.790000','admin','admin','Table',NULL,NULL,'Location Info','a323c849-587c-4939-986e-ac274ee2aaef'),('bfe5ab42-fb6a-4368-beb7-b8e74a227f36','3',NULL,'Add Credit Note/Other Details','C',NULL,NULL,NULL,NULL,'a52c4775-308c-4d4c-b1ac-7894dac55a1d','2025-08-12 16:47:07.355000','2025-08-12 16:58:43.282000','admin','admin','List',NULL,NULL,'Other Info','edee2a02-298d-4da1-a0ce-6c28711b3f91'),('c18c0ed9-3a8e-4cae-8708-64b2e7270831','8',NULL,'Add Voucher/Details (Contra)','C',NULL,NULL,NULL,NULL,'a52c4775-308c-4d4c-b1ac-7894dac55a1d','2025-08-10 16:00:13.813000','2025-08-11 13:19:29.536000','admin','admin','Table',NULL,NULL,'Transaction Details (Contra)','eebc0ad6-3c6e-4add-87c5-45b0c4229121'),('c94a1c3d-48a3-44db-9f62-6235e4375043','3',NULL,'Add Sales Receipt/Receive Details','C',NULL,NULL,NULL,NULL,'a52c4775-308c-4d4c-b1ac-7894dac55a1d','2025-08-12 12:59:23.788000','2025-08-12 12:59:23.788000','admin','admin','List',NULL,NULL,'Mode info','191bdb96-2f59-4dd2-ae9a-5e8aa2075fb6'),('ca11b6ca-e628-4f57-8bb2-8582772a7a90','1','','Item-test-1','C','',NULL,NULL,NULL,'a52c4775-308c-4d4c-b1ac-7894dac55a1d','2025-07-13 17:55:08.845000','2025-07-27 18:26:55.005000','admin','admin','tree','',0,'test','5b4d27ea-bcc5-4e60-bf6d-d09abc86ff00'),('d1a41f64-fd39-4270-b5ac-b5bac26ca63a','4',NULL,'Add Invoice/Shipping Information','C',NULL,NULL,NULL,NULL,'a52c4775-308c-4d4c-b1ac-7894dac55a1d','2025-08-12 11:59:06.738000','2025-08-12 11:59:06.738000','admin','admin','List',NULL,NULL,'Delivary info','c4b264c7-73db-4189-85ee-6f72d8fab8fc'),('d4f48991-b9eb-4ae3-9cef-7284f771d514','1',NULL,'Payment made/List of Payments','C',NULL,NULL,NULL,NULL,'a52c4775-308c-4d4c-b1ac-7894dac55a1d','2025-08-13 15:29:03.445000','2025-08-13 15:29:03.445000','admin','admin','Table',NULL,NULL,'All Payments','cfc0e06e-c8f8-4da7-bfb0-4301d1f1f195'),('d88adf9b-d127-4a68-8dfe-5af63d41308e','1',NULL,'Add Auditor/New Auditor','C',NULL,NULL,NULL,NULL,'a52c4775-308c-4d4c-b1ac-7894dac55a1d','2025-08-11 13:15:12.747000','2025-08-11 13:15:12.747000','admin','admin','List',NULL,NULL,'Detail of Auditor','1912e526-4d84-4e94-a397-4a617e3c4bed'),('e20f4590-cd34-435c-a3f7-3cbf2211302d','4',NULL,'Add Company/Designations','C',NULL,NULL,NULL,NULL,'a52c4775-308c-4d4c-b1ac-7894dac55a1d','2025-08-06 13:32:37.801000','2025-08-06 13:32:37.801000','admin','admin','Table',NULL,NULL,'Set Designation','a323c849-587c-4939-986e-ac274ee2aaef'),('e2e05f1f-bd3e-462b-85b1-d0cc99413a4d','7',NULL,'Organizational Setup/List of companies','C',NULL,NULL,NULL,NULL,'a52c4775-308c-4d4c-b1ac-7894dac55a1d','2025-08-06 12:35:36.568000','2025-08-06 12:35:36.568000','admin','admin','Table',NULL,NULL,'List of All Companies','996f270f-5858-4553-9470-3dddadedc890'),('e43a2b6f-aaa2-4c54-a3e9-55d84d3d53c2','1',NULL,'Revenue Recognition/Recognition Schedute','C',NULL,NULL,NULL,NULL,'a52c4775-308c-4d4c-b1ac-7894dac55a1d','2025-08-12 17:26:30.226000','2025-08-12 17:26:30.226000','admin','admin','Table',NULL,NULL,'All Schedules','d6991222-bac4-4a49-95cb-4b58dcb0d759'),('e79d3fd6-8fa5-4224-bb41-148cdb02b295','1',NULL,'Recurring Bill / Expense/List of Recurring Bills','C',NULL,NULL,NULL,NULL,'a52c4775-308c-4d4c-b1ac-7894dac55a1d','2025-08-13 16:53:49.882000','2025-08-13 16:53:49.882000','admin','admin','Table',NULL,NULL,'All Recurring Bills','14e384db-1135-4d49-abc7-6245958090a5'),('e7de628b-f532-4131-9cf0-20c85118fa5e','1',NULL,'Add Voucher/Basic Info','C',NULL,NULL,NULL,NULL,'a52c4775-308c-4d4c-b1ac-7894dac55a1d','2025-08-07 13:45:52.314000','2025-08-07 13:45:52.314000','admin','admin','List',NULL,NULL,'Basic Info','eebc0ad6-3c6e-4add-87c5-45b0c4229121'),('e844060a-f20d-4248-9f12-23c88854661a','2',NULL,'Add Vendor Credit/Item Details','C',NULL,NULL,NULL,NULL,'a52c4775-308c-4d4c-b1ac-7894dac55a1d','2025-08-13 17:08:01.258000','2025-08-13 17:08:01.258000','admin','admin','Table',NULL,NULL,'Item & Price Info','ff7b4a10-5ca1-41ec-be36-90289dd8df32'),('e852127d-33ac-4754-ba22-719dda87cc73','3',NULL,'Add Expense//Payment Details','C',NULL,NULL,NULL,NULL,'a52c4775-308c-4d4c-b1ac-7894dac55a1d','2025-08-13 15:52:07.289000','2025-08-13 15:52:07.289000','admin','admin','List',NULL,NULL,'Mode info','ede3d41b-e4c6-43c7-82f0-5423292b1fdc'),('eaee9afc-0b50-4d7c-b849-be6f90f65aeb','1',NULL,'Add Expense/Basic Information','C',NULL,NULL,NULL,NULL,'a52c4775-308c-4d4c-b1ac-7894dac55a1d','2025-08-13 15:51:29.521000','2025-08-13 15:51:29.521000','admin','admin','List',NULL,NULL,'General Info','ede3d41b-e4c6-43c7-82f0-5423292b1fdc'),('ecb60e8c-d97d-4374-903d-1947c6f4ab00','1',NULL,'Bill/List of Bills','C',NULL,NULL,NULL,NULL,'a52c4775-308c-4d4c-b1ac-7894dac55a1d','2025-08-13 14:47:15.826000','2025-08-13 14:47:15.826000','admin','admin','Table',NULL,NULL,'All Bills','a989196f-6a7b-4ac3-8144-a6e196087271'),('ece5cd7e-6056-4803-87bb-d5b6d5f9cdc4','4',NULL,'Add Sales Receipt/Other Details','C',NULL,NULL,NULL,NULL,'a52c4775-308c-4d4c-b1ac-7894dac55a1d','2025-08-12 12:59:43.369000','2025-08-12 12:59:43.369000','admin','admin','List',NULL,NULL,'Other Info','191bdb96-2f59-4dd2-ae9a-5e8aa2075fb6'),('edb016de-1c70-489e-a420-288f17a76b70','1',NULL,'Recurring Invoices / Subscription/List of Recurring Invoices','C',NULL,NULL,NULL,NULL,'a52c4775-308c-4d4c-b1ac-7894dac55a1d','2025-08-12 16:43:25.221000','2025-08-12 16:43:25.221000','admin','admin','Table',NULL,NULL,'All Recurring Invoices','d580b963-ca71-4b62-bfb1-73d8e7f7baa0'),('f3ed342d-233f-4cd6-91dc-1d6a927122b3','4',NULL,'Add Payment Made/Other Details','C',NULL,NULL,NULL,NULL,'a52c4775-308c-4d4c-b1ac-7894dac55a1d','2025-08-13 15:16:59.931000','2025-08-13 15:16:59.931000','admin','admin','List',NULL,NULL,'Other info','76c17f9f-7f00-452c-bf64-3e5fba3435fa'),('f4e27717-b93c-4e83-8f2d-c83cc862b1e9','1',NULL,'Currency Setup/All Currencies','C',NULL,NULL,NULL,NULL,'a52c4775-308c-4d4c-b1ac-7894dac55a1d','2025-08-06 13:09:08.746000','2025-08-06 13:09:08.746000','admin','admin','Table',NULL,NULL,'List of All Currencies','9994f272-6709-4608-9fa2-b1f61f4049c4'),('f8c724a1-c23d-4e7c-a673-439527b09152','9',NULL,'Add Voucher/Details (Journal)','C',NULL,NULL,NULL,NULL,'a52c4775-308c-4d4c-b1ac-7894dac55a1d','2025-08-10 16:00:27.526000','2025-08-11 13:19:34.655000','admin','admin','Table',NULL,NULL,'Transaction Details (Jpurnal;)','eebc0ad6-3c6e-4add-87c5-45b0c4229121'),('f93ecd0e-914f-404d-b26b-f310a52843ef','5',NULL,'Designation','C',NULL,NULL,NULL,NULL,'a52c4775-308c-4d4c-b1ac-7894dac55a1d','2025-07-31 19:20:18.675000','2025-07-31 19:57:50.971000','admin','admin','Table',NULL,NULL,'Designation Setup','996f270f-5858-4553-9470-3dddadedc890');
/*!40000 ALTER TABLE `field` ENABLE KEYS */;
UNLOCK TABLES;

--
-- Table structure for table `item`
--

DROP TABLE IF EXISTS `item`;
/*!40101 SET @saved_cs_client     = @@character_set_client */;
/*!50503 SET character_set_client = utf8mb4 */;
CREATE TABLE `item` (
  `id` varchar(36) NOT NULL,
  `name` varchar(255) NOT NULL,
  `menuId` varchar(255) NOT NULL,
  `serialNumber` varchar(255) NOT NULL,
  `buttonType` varchar(255) NOT NULL,
  `buttonLabel` varchar(255) NOT NULL,
  `navigationTo` varchar(255) NOT NULL,
  `description` varchar(255) NOT NULL,
  `userId` varchar(255) NOT NULL,
  `itemType` varchar(36) DEFAULT NULL,
  `createdAt` datetime(6) NOT NULL DEFAULT current_timestamp(6),
  `updatedAt` datetime(6) NOT NULL DEFAULT current_timestamp(6) ON UPDATE current_timestamp(6),
  `createdBy` varchar(255) DEFAULT NULL,
  `updatedBy` varchar(255) DEFAULT NULL,
  PRIMARY KEY (`id`),
  KEY `FK_c737f46f32e0a98e23bda86a8fc` (`menuId`),
  CONSTRAINT `FK_c737f46f32e0a98e23bda86a8fc` FOREIGN KEY (`menuId`) REFERENCES `menu` (`id`) ON DELETE NO ACTION ON UPDATE NO ACTION
) ENGINE=InnoDB DEFAULT CHARSET=utf8mb4 COLLATE=utf8mb4_general_ci;
/*!40101 SET character_set_client = @saved_cs_client */;

--
-- Dumping data for table `item`
--

LOCK TABLES `item` WRITE;
/*!40000 ALTER TABLE `item` DISABLE KEYS */;
INSERT INTO `item` VALUES ('083f14b0-7665-4b83-b6d3-aee50eb80792','Advance Request','ea425177-675a-4dc2-83e6-293dfcc3c108','1','N','View','','List of Advance Money Requests','a52c4775-308c-4d4c-b1ac-7894dac55a1d','GP','2025-07-13 20:18:20.518000','2025-07-31 15:52:12.649000','admin','admin'),('08419323-d4cf-466c-afd7-7a90dd0350ac','Add Purchase Return','d63cb0fe-1fe0-4cde-a554-fa132cddda9c','10','N','Entry','','New Purchase Return','a52c4775-308c-4d4c-b1ac-7894dac55a1d','GP','2025-07-10 15:13:35.491000','2025-07-31 15:48:09.324000','admin','admin'),('08a5c769-b71a-420b-8145-fd969559c338','Letter of Credit','809dace8-03d1-4ee9-917a-bf1ddabe359f','1','N','View','','List of All L/C','a52c4775-308c-4d4c-b1ac-7894dac55a1d','GP','2025-07-13 11:37:34.299000','2025-07-31 15:31:41.122000','admin','admin'),('0908fb1e-d06a-4833-b6df-92fcd5a5a886','Add New','cd3eccd2-48b5-4376-bd78-8d9473709a19','6','N','Entry','','New Invoice/List/Bill','a52c4775-308c-4d4c-b1ac-7894dac55a1d','GP','2025-07-21 15:10:13.797000','2025-07-31 15:35:14.946000','admin','admin'),('097cfdf2-f415-4a83-9d22-07a11740354e','Reconciliation','e9f43875-7e77-4ad1-98fc-6df5fb99e0c2','05','N','View','','List of Recon. Rules','a52c4775-308c-4d4c-b1ac-7894dac55a1d','GP','2025-07-10 11:39:34.648000','2025-07-31 15:11:36.011000','admin','admin'),('0b142982-10a4-4134-9f40-cc2ba56c1939','Expense Claim','ea425177-675a-4dc2-83e6-293dfcc3c108','2','N','View','','List of Claimed Expenses','a52c4775-308c-4d4c-b1ac-7894dac55a1d','GP','2025-07-13 20:18:57.550000','2025-07-31 15:52:18.284000','admin','admin'),('0c6c8355-bc79-4a73-83fa-38512e97c2a6','Add Cost Centre','64547663-9950-4e9e-882c-69992a57e7cb','03','N','Entry','','New Cost Centre','a52c4775-308c-4d4c-b1ac-7894dac55a1d','GP','2025-07-10 11:52:12.171000','2025-07-31 15:19:33.370000','admin','admin'),('0e32390d-cd3c-41fd-b986-c4b61be588e5','Disposal','e129b8dc-9600-49dd-8bef-ec50db77d9da','06','N','View','','Disposal Schedule','a52c4775-308c-4d4c-b1ac-7894dac55a1d','GP','2025-07-10 11:48:54.077000','2025-07-31 15:16:24.487000','admin','admin'),('12a57c4a-5a44-4668-89e6-960fbbe5525a','Add Project','96a5286c-1404-48a5-8108-1fd34c21ab73','02','N','Entry','','New Project','a52c4775-308c-4d4c-b1ac-7894dac55a1d','GP','2025-07-10 11:55:58.070000','2025-07-31 15:22:03.697000','admin','admin'),('14e384db-1135-4d49-abc7-6245958090a5','Recurring Bill / Expense','a984fb09-8a37-43fe-9076-bc11d451dbe5','04','N','View','','List of 	Recurring Bills','a52c4775-308c-4d4c-b1ac-7894dac55a1d','GP','2025-07-10 11:33:23.131000','2025-07-31 15:09:30.995000','admin','admin'),('153729ec-cff9-40b2-97a9-d510b173e5e7','Add Con. Account','05f960bc-2aef-4f1a-8a9b-a713c6143bf3','5','N','Entry','','New Consolidated Account','a52c4775-308c-4d4c-b1ac-7894dac55a1d','GP','2025-07-08 20:44:32.074000','2025-07-31 15:36:34.450000','admin','admin'),('16207e60-f981-415a-a683-908229be87b2','Add Bill','a984fb09-8a37-43fe-9076-bc11d451dbe5','06','N','Entry','','New Bill','a52c4775-308c-4d4c-b1ac-7894dac55a1d','GP','2025-07-10 11:35:46.555000','2025-07-31 15:09:52.804000','admin','admin'),('1912e526-4d84-4e94-a397-4a617e3c4bed','Add Auditor','cf3250ea-e67c-45a7-8020-efdef79fc3d6','06','N','Entry','','New Auditor','a52c4775-308c-4d4c-b1ac-7894dac55a1d','GP','2025-07-24 18:43:40.902000','2025-07-31 15:06:59.789000','admin','admin'),('191bdb96-2f59-4dd2-ae9a-5e8aa2075fb6','Add Sales Receipt','1405b8aa-4e49-4cc9-bd26-764f87dd055e','08','N','Entry','','New Sales Receipt','a52c4775-308c-4d4c-b1ac-7894dac55a1d','GP','2025-07-09 17:50:33.045000','2025-07-31 15:08:27.683000','admin','admin'),('1af33e5d-6423-4ec5-b271-28843ad83654','Add Asset','e129b8dc-9600-49dd-8bef-ec50db77d9da','07','N','Entry','','New Asset','a52c4775-308c-4d4c-b1ac-7894dac55a1d','GP','2025-07-10 11:49:16.512000','2025-07-31 15:16:35.220000','admin','admin'),('1bba20c3-3c01-4961-8018-71cf8cb6cc1a','Financial Modelling','e7346c4c-b50b-47c5-95a7-1cc3f3062fa2','04','N','View','','FM Schedules','a52c4775-308c-4d4c-b1ac-7894dac55a1d','GP','2025-07-10 12:00:30.799000','2025-07-31 15:26:25.894000','admin','admin'),('1c02efec-cc33-4a24-a76f-07ac6b21e208','Vendor Credit','a984fb09-8a37-43fe-9076-bc11d451dbe5','05','N','View','','List of Vendor Credits','a52c4775-308c-4d4c-b1ac-7894dac55a1d','GP','2025-07-10 11:35:26.393000','2025-07-31 15:09:39.943000','admin','admin'),('221c4e58-dff7-4368-8412-dee82d9581b6','Add Customer','0edc1b72-e5e9-4658-a456-06906c9aa80d','02','N','Entry','','New Customer','a52c4775-308c-4d4c-b1ac-7894dac55a1d','GP','2025-07-10 15:25:22.989000','2025-07-31 15:41:52.441000','admin','admin'),('2754af0e-1136-4f06-8ad8-76b47d31905b','Sales Order','0edc1b72-e5e9-4658-a456-06906c9aa80d','05','N','View','','List of Sales Orders','a52c4775-308c-4d4c-b1ac-7894dac55a1d','GP','2025-07-10 15:28:43.013000','2025-07-31 15:42:23.173000','admin','admin'),('2c2978cc-e969-4362-89d6-336b67f3cc35','Utilization Tracking','809dace8-03d1-4ee9-917a-bf1ddabe359f','3','N','View','','Utilization Schedule','a52c4775-308c-4d4c-b1ac-7894dac55a1d','GP','2025-07-15 12:25:26.539000','2025-07-31 15:33:15.992000','admin','admin'),('2d29cfef-3655-45d3-b312-6e8f96830807','Reconsiliation Rule','05f960bc-2aef-4f1a-8a9b-a713c6143bf3','4','N','View','','List of Rules','a52c4775-308c-4d4c-b1ac-7894dac55a1d','GP','2025-07-08 20:46:20.508000','2025-07-31 15:36:27.553000','admin','admin'),('36f3da69-2369-4401-b856-f12f4fbf3c99','Purchase Return','d63cb0fe-1fe0-4cde-a554-fa132cddda9c','09','N','View','','List of Purchase Return','a52c4775-308c-4d4c-b1ac-7894dac55a1d','GP','2025-07-10 15:13:01.846000','2025-07-31 15:47:48.593000','admin','admin'),('395d1a1b-7b43-4251-901a-c99f4ab86a25','Add Loan','ddac32d5-ce66-4f08-8d1d-806f08e0171f','05','Y','Entry','','New Loan','a52c4775-308c-4d4c-b1ac-7894dac55a1d','GP','2025-07-21 14:47:43.252000','2025-07-31 19:08:13.961000','admin','admin'),('3bc79640-ba6d-435e-b287-7605c20290b5','Expiry Alerts','809dace8-03d1-4ee9-917a-bf1ddabe359f','4','N','View','','Rules for Expiry Alert','a52c4775-308c-4d4c-b1ac-7894dac55a1d','GP','2025-07-15 12:28:06.967000','2025-07-31 15:33:27.877000','admin','admin'),('3bd78023-3993-4b20-9d1b-079668b9c885','Repayment Schedule','ddac32d5-ce66-4f08-8d1d-806f08e0171f','03','N','View','','Schedule of Repayment','a52c4775-308c-4d4c-b1ac-7894dac55a1d','GP','2025-07-21 14:46:32.753000','2025-07-31 15:27:58.456000','admin','admin'),('3ca59eec-4633-4dfe-97ec-16a940f87717','Add Purchase Order','d63cb0fe-1fe0-4cde-a554-fa132cddda9c','06','N','Entry','','New Purchase Order','a52c4775-308c-4d4c-b1ac-7894dac55a1d','GP','2025-07-10 15:11:34.443000','2025-07-31 15:46:47.555000','admin','admin'),('3ce909de-a200-4674-83bd-eec54877b420','GRN','d63cb0fe-1fe0-4cde-a554-fa132cddda9c','07','N','View','','List of Receive Notes','a52c4775-308c-4d4c-b1ac-7894dac55a1d','GP','2025-07-10 15:12:00.842000','2025-07-31 15:47:18.501000','admin','admin'),('3e9187a1-ac71-403d-8870-762ffd51cddd','Purchase Order','d63cb0fe-1fe0-4cde-a554-fa132cddda9c','05','N','View','','List of Purchase Orders','a52c4775-308c-4d4c-b1ac-7894dac55a1d','GP','2025-07-10 15:11:09.464000','2025-07-31 15:46:08.406000','admin','admin'),('4067bdff-f934-4b53-bb74-fc2a7157f6ec','Add GRN','d63cb0fe-1fe0-4cde-a554-fa132cddda9c','08','N','Entry','','New Receive Note','a52c4775-308c-4d4c-b1ac-7894dac55a1d','GP','2025-07-10 15:12:29.555000','2025-07-31 15:47:40.415000','admin','admin'),('416f2dc6-ef21-4523-8aa6-41090e2c7b33','Add Quotation','d63cb0fe-1fe0-4cde-a554-fa132cddda9c','04','N','Entry','','New Quotation','a52c4775-308c-4d4c-b1ac-7894dac55a1d','GP','2025-07-10 15:10:49.126000','2025-07-31 15:46:01.805000','admin','admin'),('44e2850c-ce34-4049-a8a4-c374e2783363','Add Revenue Centre','64547663-9950-4e9e-882c-69992a57e7cb','04','N','Entry','','New Revenue Centre','a52c4775-308c-4d4c-b1ac-7894dac55a1d','GP','2025-07-10 11:52:32.936000','2025-07-31 15:19:39.316000','admin','admin'),('485e64be-11ec-45ea-81cf-fafc515838ff','Credit Note','1405b8aa-4e49-4cc9-bd26-764f87dd055e','05','N','View','','List of Credit Notes','a52c4775-308c-4d4c-b1ac-7894dac55a1d','GP','2025-07-09 17:49:08.419000','2025-07-31 15:08:06.096000','admin','admin'),('4956bb0a-9d2d-4cf7-ba92-c958f1407270','Amendments','809dace8-03d1-4ee9-917a-bf1ddabe359f','2','N','View','','List of Amendments','a52c4775-308c-4d4c-b1ac-7894dac55a1d','GP','2025-07-15 12:19:37.749000','2025-07-31 15:32:06.413000','admin','admin'),('4bb89504-22e1-4f5e-90bf-be646981880d','Add Recon. Rule','e9f43875-7e77-4ad1-98fc-6df5fb99e0c2','06','N','Entry','','New Recon. Rule','a52c4775-308c-4d4c-b1ac-7894dac55a1d','GP','2025-07-31 15:14:32.824000','2025-08-13 17:34:45.787000','admin','admin'),('4bf7d8d0-8692-4757-aab3-4553d893cfcc','Bill of Lading','cd3eccd2-48b5-4376-bd78-8d9473709a19','3','N','View','','List of Bill of Lading','a52c4775-308c-4d4c-b1ac-7894dac55a1d','GP','2025-07-15 12:29:16.621000','2025-07-31 15:34:44.131000','admin','admin'),('4f848800-2ea9-4b9b-a01e-cc04a040cd2c','Shipping Bill','cd3eccd2-48b5-4376-bd78-8d9473709a19','5','N','View','','List of Shipping Bill','a52c4775-308c-4d4c-b1ac-7894dac55a1d','GP','2025-07-15 12:29:57.252000','2025-07-31 15:35:19.043000','admin','admin'),('518db015-bf58-4da2-a019-439156e69ba4','Consolidations','05f960bc-2aef-4f1a-8a9b-a713c6143bf3','2','N','View','','List of Consolidated Statements','a52c4775-308c-4d4c-b1ac-7894dac55a1d','GP','2025-07-08 20:12:56.619000','2025-07-31 19:07:39.785000','admin','admin'),('56c43a0c-2937-462f-bbb3-6eca51b6972a','Time & Expense Tracking','96a5286c-1404-48a5-8108-1fd34c21ab73','04','N','View','','Tracking Schedules','a52c4775-308c-4d4c-b1ac-7894dac55a1d','GP','2025-07-10 11:56:48.972000','2025-07-31 15:24:11.535000','admin','admin'),('5b4d27ea-bcc5-4e60-bf6d-d09abc86ff00','Item-test','dc337edf-8acd-45db-b01a-7e4293a2f029','1','Y','Entry','','test','a52c4775-308c-4d4c-b1ac-7894dac55a1d','IS','2025-07-21 12:33:38.627000','2025-07-31 15:50:16.622000','admin','admin'),('5cb5187b-a92e-4540-930d-3be3ca46668a','Chart of Accounts','cf3250ea-e67c-45a7-8020-efdef79fc3d6','01','N','View','','List of All Accounts','a52c4775-308c-4d4c-b1ac-7894dac55a1d','GP','2025-07-08 19:43:24.717000','2025-07-31 15:06:09.229000','admin','admin'),('5f288d86-19e8-4b2c-91d2-558937a83d5c','Asset Acquisition','e129b8dc-9600-49dd-8bef-ec50db77d9da','01','N','View','','List of all Assets','a52c4775-308c-4d4c-b1ac-7894dac55a1d','GP','2025-07-10 11:46:37.471000','2025-07-31 15:15:32.394000','admin','admin'),('5f36d5df-bee8-46a7-aa32-664690863a2f','Performance Mgt','e7346c4c-b50b-47c5-95a7-1cc3f3062fa2','05','N','View','','Rules for Performance','a52c4775-308c-4d4c-b1ac-7894dac55a1d','GP','2025-07-10 12:00:50.370000','2025-07-31 15:26:42.430000','admin','admin'),('61ddbc58-8b74-4b7a-8d55-06b9b629250c','Add Account','cf3250ea-e67c-45a7-8020-efdef79fc3d6','04','N','Entry','','New Account','a52c4775-308c-4d4c-b1ac-7894dac55a1d','GP','2025-07-08 20:43:12.583000','2025-07-31 15:06:42.712000','admin','admin'),('62fc7d12-e403-4327-a192-6faa3e3b0f89','Inter-company Recon','05f960bc-2aef-4f1a-8a9b-a713c6143bf3','3','N','View','','Inter-company Transactions','a52c4775-308c-4d4c-b1ac-7894dac55a1d','GP','2025-07-08 20:44:51.994000','2025-07-31 15:35:58.312000','admin','admin'),('64922f71-cf1c-4d08-a455-d99603000874','Market Analysis','052eee4e-3e8a-4b3a-b8ef-ff7036436cc1','05','N','View','','Analysis Rules','a52c4775-308c-4d4c-b1ac-7894dac55a1d','GP','2025-07-13 11:37:02.903000','2025-07-31 15:31:10.686000','admin','admin'),('65340de7-9587-40a5-9f43-8ad75697a19e','Share Management','052eee4e-3e8a-4b3a-b8ef-ff7036436cc1','02','N','View','','Schedule for Share','a52c4775-308c-4d4c-b1ac-7894dac55a1d','GP','2025-07-13 11:35:26.639000','2025-07-31 15:30:10.992000','admin','admin'),('6765811a-9b92-4319-81f7-51799651a942','Attendance','3fbe0e76-b801-4912-8040-cedaf367a2af','3','N','View','','Attendance Schedule','a52c4775-308c-4d4c-b1ac-7894dac55a1d','GP','2025-07-13 11:43:04.542000','2025-07-31 15:51:06.870000','admin','admin'),('68a56585-1403-4f57-ba8b-a1f83b68eb71','Sales Receipt','1405b8aa-4e49-4cc9-bd26-764f87dd055e','02','N','View','','List of Sales Receipts','a52c4775-308c-4d4c-b1ac-7894dac55a1d','GP','2025-07-08 17:52:27.406000','2025-07-31 15:07:20.029000','admin','admin'),('69780a21-3331-45d3-8b3b-fc8eed4668ca','Job Costing','64547663-9950-4e9e-882c-69992a57e7cb','08','N','Entry','','Rules for Costing','a52c4775-308c-4d4c-b1ac-7894dac55a1d','IS','2025-07-10 11:54:38.843000','2025-07-31 15:21:16.112000','admin','admin'),('6af99983-27ed-4d74-83ed-0bf3af6aed0d','Cost Centre','64547663-9950-4e9e-882c-69992a57e7cb','01 ','N','View','','List of Cost Centres','a52c4775-308c-4d4c-b1ac-7894dac55a1d','GP','2025-07-10 11:51:28.662000','2025-07-31 15:19:22.159000','admin','admin'),('6e547220-d6f9-4ee9-80fa-f4c208565c6b','Tax Setup','d343c3cd-6e3e-4116-97da-066a05173843','01','N','View','','List of Tax Rates','a52c4775-308c-4d4c-b1ac-7894dac55a1d','GP','2025-07-10 11:43:54.389000','2025-07-31 15:17:35.047000','admin','admin'),('705f0e11-b352-470b-84b9-0f4c5f6c653b','Product & Service Costing','64547663-9950-4e9e-882c-69992a57e7cb','06','N','Entry','','Rules for Costing','a52c4775-308c-4d4c-b1ac-7894dac55a1d','IS','2025-07-10 11:53:42.007000','2025-07-31 15:20:54.717000','admin','admin'),('72dfcb40-fa63-4ba3-b970-f1b2dfac1b84','Manage Cheques','e9f43875-7e77-4ad1-98fc-6df5fb99e0c2','07','N','View','','List of Cheque Books','a52c4775-308c-4d4c-b1ac-7894dac55a1d','GP','2025-08-13 17:35:32.571000','2025-08-13 17:35:32.571000','admin','admin'),('7605baf1-c5cb-44e6-80aa-1cead09b49c2','Items','9d7953d3-2866-4b52-9c0d-8a559a12a0a4','1','N','View','','List of All Items','a52c4775-308c-4d4c-b1ac-7894dac55a1d','GP','2025-07-10 15:15:06.865000','2025-07-31 15:48:19.614000','admin','admin'),('76c17f9f-7f00-452c-bf64-3e5fba3435fa','Add Payment Made','a984fb09-8a37-43fe-9076-bc11d451dbe5','07','N','Entry','','New Payment','a52c4775-308c-4d4c-b1ac-7894dac55a1d','GP','2025-07-10 11:36:04.183000','2025-07-31 15:10:05.155000','admin','admin'),('7a0e8d40-a051-4e84-80f7-00bb571c990a','Disbursement Tracking','ddac32d5-ce66-4f08-8d1d-806f08e0171f','02','N','View','','Schedule of Disbursment','a52c4775-308c-4d4c-b1ac-7894dac55a1d','GP','2025-07-21 14:46:06.383000','2025-07-31 15:27:47.056000','admin','admin'),('7b5259f5-7ae8-4846-bc6d-ded8eb60504d','Expense','a984fb09-8a37-43fe-9076-bc11d451dbe5','03','N','View','','List of All Expenses','a52c4775-308c-4d4c-b1ac-7894dac55a1d','GP','2025-07-10 11:32:22.460000','2025-07-31 15:10:44.949000','admin','admin'),('7f662fcb-a07f-4c56-892a-78c749557130','Invoice','1405b8aa-4e49-4cc9-bd26-764f87dd055e','01','N','View','','List of invoices','a52c4775-308c-4d4c-b1ac-7894dac55a1d','GP','2025-07-08 17:47:30.465000','2025-07-31 15:07:10.307000','admin','admin'),('7fe5b7a0-9f06-48cc-bf26-7d5d45f14f16','Cons. Chart of Accounts','05f960bc-2aef-4f1a-8a9b-a713c6143bf3','1','N','View','','All Accounts','a52c4775-308c-4d4c-b1ac-7894dac55a1d','GP','2025-07-28 12:35:06.353000','2025-07-31 15:35:32.135000','admin','admin'),('810b288a-3cd1-4bd6-820c-1795facf8903','Customer','0edc1b72-e5e9-4658-a456-06906c9aa80d','01','N','View','','List of All Customers','a52c4775-308c-4d4c-b1ac-7894dac55a1d','GP','2025-07-10 15:25:03.746000','2025-07-31 15:41:00.961000','admin','admin'),('81f22350-6d23-441d-8dc5-6f80fcee5b69','Employee','3fbe0e76-b801-4912-8040-cedaf367a2af','1','N','View','','List of Employees','a52c4775-308c-4d4c-b1ac-7894dac55a1d','GP','2025-07-13 11:42:22.551000','2025-07-31 15:50:39.545000','admin','admin'),('84d49968-13ac-4f4f-a5e9-004275c390ed','Billing & Revenue Recognition','96a5286c-1404-48a5-8108-1fd34c21ab73','05','N','View','','Recognition Schedules','a52c4775-308c-4d4c-b1ac-7894dac55a1d','GP','2025-07-10 11:57:49.807000','2025-07-31 15:24:17.680000','admin','admin'),('867559ad-0653-4165-aa8a-ca4363d71913','Add Payment Receipt','1405b8aa-4e49-4cc9-bd26-764f87dd055e','09','N','Entry','','New Payment Receipt','a52c4775-308c-4d4c-b1ac-7894dac55a1d','GP','2025-07-10 11:30:21.800000','2025-07-31 15:08:35.432000','admin','admin'),('8690ac58-a5d1-460c-8584-68a758c206e4','Add Items','9d7953d3-2866-4b52-9c0d-8a559a12a0a4','2','N','Entry','','New Items','a52c4775-308c-4d4c-b1ac-7894dac55a1d','GP','2025-07-10 15:15:46.582000','2025-07-31 15:48:28.245000','admin','admin'),('86c25608-9986-425b-8be7-cb3135e2e829','Packing List','cd3eccd2-48b5-4376-bd78-8d9473709a19','2','N','View','','List of Packing List','a52c4775-308c-4d4c-b1ac-7894dac55a1d','GP','2025-07-15 12:29:02.055000','2025-07-31 15:34:37.271000','admin','admin'),('8888fdf5-55fe-460e-b91f-aad218eac5fc','Process Costing','64547663-9950-4e9e-882c-69992a57e7cb','09','N','Entry','','Rules for Costing','a52c4775-308c-4d4c-b1ac-7894dac55a1d','IS','2025-07-10 11:54:55.037000','2025-07-31 15:21:33.985000','admin','admin'),('8cc35be4-3624-4114-9dbc-b3411b6ee26d','Audit & Compliance','cf3250ea-e67c-45a7-8020-efdef79fc3d6','03','N','View','','List of Auditors','a52c4775-308c-4d4c-b1ac-7894dac55a1d','GP','2025-07-08 20:13:46.925000','2025-07-31 15:06:33.019000','admin','admin'),('8ee154e3-1b86-4513-9ad7-db4a059255ad','Bank','e9f43875-7e77-4ad1-98fc-6df5fb99e0c2','02','N','View','','List of Bank A/Cs','a52c4775-308c-4d4c-b1ac-7894dac55a1d','GP','2025-07-10 11:37:38.182000','2025-07-31 15:11:05.179000','admin','admin'),('8f0bab71-57cd-44c4-ad2e-164404935033','Add Cheques','e9f43875-7e77-4ad1-98fc-6df5fb99e0c2','08','N','Entry','','Cheque Entry','a52c4775-308c-4d4c-b1ac-7894dac55a1d','GP','2025-08-13 17:36:55.524000','2025-08-13 17:36:55.524000','admin','admin'),('91d9e78c-ac99-4a68-8217-e76b12a68511','Compliance Tracking','d343c3cd-6e3e-4116-97da-066a05173843','04','N','View','','Rules of Compliance','a52c4775-308c-4d4c-b1ac-7894dac55a1d','GP','2025-07-10 11:45:53.602000','2025-07-31 15:18:06.546000','admin','admin'),('927d8556-8fde-454f-8cee-852d6f59ccf0','Add Quote','0edc1b72-e5e9-4658-a456-06906c9aa80d','04','N','Entry','','New Quotes','a52c4775-308c-4d4c-b1ac-7894dac55a1d','GP','2025-07-10 15:26:28.730000','2025-07-31 15:42:07.572000','admin','admin'),('9611027a-d508-4e82-a215-e5280937bce2','Revenue Centre','64547663-9950-4e9e-882c-69992a57e7cb','02','N','View','','List of Revenue Centres','a52c4775-308c-4d4c-b1ac-7894dac55a1d','GP','2025-07-10 11:51:48.347000','2025-07-31 15:19:27.501000','admin','admin'),('996f270f-5858-4553-9470-3dddadedc890','Organizational Setup','adf6e054-4ae5-4565-a0ee-d0e60ed50ab3','01','N','View','','Company / List of Company','a52c4775-308c-4d4c-b1ac-7894dac55a1d','GP','2025-07-06 16:59:44.875000','2025-07-31 15:39:08.958000','admin','admin'),('9994f272-6709-4608-9fa2-b1f61f4049c4','Currency Setup','adf6e054-4ae5-4565-a0ee-d0e60ed50ab3','03','N','View','','List of Currencies','a52c4775-308c-4d4c-b1ac-7894dac55a1d','GP','2025-07-21 13:07:39.672000','2025-07-31 15:40:11.198000','admin','admin'),('9ac67656-5add-4415-b622-78d349bfec7e','Inventory Adjustment','9d7953d3-2866-4b52-9c0d-8a559a12a0a4','3','N','View','','Adjustment Entries','a52c4775-308c-4d4c-b1ac-7894dac55a1d','GP','2025-07-10 15:16:02.061000','2025-07-31 15:48:45.236000','admin','admin'),('9bdaaf2c-33f2-45c7-abf0-beba5d0c0dbe','Add Budget','96a5286c-1404-48a5-8108-1fd34c21ab73','07','N','Entry','',' New Budget','a52c4775-308c-4d4c-b1ac-7894dac55a1d','GP','2025-07-21 15:06:14.565000','2025-07-31 15:25:18.218000','admin','admin'),('9c996204-ae36-4002-925c-c281e6c7f08b','Cash','e9f43875-7e77-4ad1-98fc-6df5fb99e0c2','01','N','View','','List of Cash A/Cs','a52c4775-308c-4d4c-b1ac-7894dac55a1d','GP','2025-07-10 11:37:18.451000','2025-07-31 15:10:58.976000','admin','admin'),('9e312751-a953-4a12-9cd3-9df2170a5231','EMI Automation','ddac32d5-ce66-4f08-8d1d-806f08e0171f','04','N','View','','Rules of EMI Posting','a52c4775-308c-4d4c-b1ac-7894dac55a1d','GP','2025-07-21 14:47:03.797000','2025-07-31 15:28:52.490000','admin','admin'),('9fcdd276-3e01-4025-b62c-0c1d12897611','Maintenance','e129b8dc-9600-49dd-8bef-ec50db77d9da','05','N','View','','Maintenance Schedule','a52c4775-308c-4d4c-b1ac-7894dac55a1d','GP','2025-07-10 11:48:36.002000','2025-07-31 15:16:16.755000','admin','admin'),('a044d8d6-2bcf-4226-a727-c8d18f9af377','Cost Element Accounting','64547663-9950-4e9e-882c-69992a57e7cb','05','N','View','','Cost Reports','a52c4775-308c-4d4c-b1ac-7894dac55a1d','IS','2025-07-10 11:52:59.404000','2025-07-31 15:21:20.882000','admin','admin'),('a0632231-df7c-419a-9016-f1c7b876e3f2','Loan Register','ddac32d5-ce66-4f08-8d1d-806f08e0171f','01','Y','View','','List of all Loans','a52c4775-308c-4d4c-b1ac-7894dac55a1d','GP','2025-07-21 14:45:33.616000','2025-07-31 19:08:04.697000','admin','admin'),('a323c849-587c-4939-986e-ac274ee2aaef','Add Company','adf6e054-4ae5-4565-a0ee-d0e60ed50ab3','02','N','Entry','','Create Company','a52c4775-308c-4d4c-b1ac-7894dac55a1d','GP','2025-07-08 20:14:46.037000','2025-07-31 15:39:29.552000','admin','admin'),('a592af95-6138-407c-8477-7982fb8bd424','Vendor','d63cb0fe-1fe0-4cde-a554-fa132cddda9c','01','N','View','','List of All Vendors','a52c4775-308c-4d4c-b1ac-7894dac55a1d','GP','2025-07-10 15:09:32.103000','2025-07-31 15:44:45.871000','admin','admin'),('a96047f6-ef0f-4ea3-9fde-03cef1739eee','Adjust Advance','ea425177-675a-4dc2-83e6-293dfcc3c108','3','N','View','','List of Advance Adjustments','a52c4775-308c-4d4c-b1ac-7894dac55a1d','GP','2025-07-13 20:19:53.189000','2025-07-31 15:52:35.836000','admin','admin'),('a989196f-6a7b-4ac3-8144-a6e196087271','Bill','a984fb09-8a37-43fe-9076-bc11d451dbe5','01','N','View','','List of All Bills','a52c4775-308c-4d4c-b1ac-7894dac55a1d','GP','2025-07-10 11:31:44.962000','2025-07-31 15:08:56.695000','admin','admin'),('ac61daa5-4fdf-4069-93f3-f7a6bd5a9182','Add Compliance','96a5286c-1404-48a5-8108-1fd34c21ab73','08','N','Entry','','New Compliance','a52c4775-308c-4d4c-b1ac-7894dac55a1d','GP','2025-07-31 15:25:09.674000','2025-07-31 15:25:09.674000','admin','admin'),('af9e6b07-dce6-4b0c-9c97-dca08de698fd','Leave Management','3fbe0e76-b801-4912-8040-cedaf367a2af','2','N','View','','Leave Schedule','a52c4775-308c-4d4c-b1ac-7894dac55a1d','GP','2025-07-13 11:42:44.194000','2025-07-31 15:50:45.245000','admin','admin'),('b1aabe66-c893-4960-957e-31a375c3130e','Quote','0edc1b72-e5e9-4658-a456-06906c9aa80d','03','N','View','','List of All Quotes','a52c4775-308c-4d4c-b1ac-7894dac55a1d','GP','2025-07-10 15:26:03.255000','2025-07-31 15:42:00.413000','admin','admin'),('b2179dfb-be65-41df-a978-92ce96f273cb','Budgeting','96a5286c-1404-48a5-8108-1fd34c21ab73','03','N','View','','Budget Schedules','a52c4775-308c-4d4c-b1ac-7894dac55a1d','GP','2025-07-10 11:56:34.450000','2025-07-31 15:23:56.380000','admin','admin'),('b5c5ead6-e043-45be-b177-0b90e5f29721','Add Challan','0edc1b72-e5e9-4658-a456-06906c9aa80d','08','N','Entry','','New Challan','a52c4775-308c-4d4c-b1ac-7894dac55a1d','GP','2025-07-10 15:33:43.000000','2025-07-31 15:43:53.029000','admin','admin'),('b62fcb24-879e-45bd-979f-03d09070a86c','Add Com. Rule','d343c3cd-6e3e-4116-97da-066a05173843','05','N','Entry','','New Com. Rule','a52c4775-308c-4d4c-b1ac-7894dac55a1d','GP','2025-07-31 15:18:55.789000','2025-07-31 15:18:55.789000','admin','admin'),('b7ec9557-0506-4ba5-9e7c-a7740b2aa877','Add Account','e9f43875-7e77-4ad1-98fc-6df5fb99e0c2','04','N','Entry','','New Account','a52c4775-308c-4d4c-b1ac-7894dac55a1d','GP','2025-07-10 11:38:21.122000','2025-07-31 15:11:20.578000','admin','admin'),('b9c882d8-7d56-49ba-9303-c51f264fd06a','Payroll Setup','dabd23fd-26b5-407e-83c7-c8335f517c0a','1','N','View','','Set Payroll Sheet','a52c4775-308c-4d4c-b1ac-7894dac55a1d','GP','2025-07-21 14:57:01.897000','2025-07-31 15:51:41.355000','admin','admin'),('bbf38bae-0a95-4b8f-93df-b2be5150e08b','Compensation','3fbe0e76-b801-4912-8040-cedaf367a2af','4','N','View','','Compensation Setup','a52c4775-308c-4d4c-b1ac-7894dac55a1d','GP','2025-07-13 11:43:28.819000','2025-07-31 15:51:14.146000','admin','admin'),('bc50a01c-00ec-4e5d-af26-b0884bdd3670','Commercial Invoice','cd3eccd2-48b5-4376-bd78-8d9473709a19','1','N','View','','List of Com. Invoice','a52c4775-308c-4d4c-b1ac-7894dac55a1d','GP','2025-07-15 12:28:46.292000','2025-07-31 15:34:28.864000','admin','admin'),('bceb1b2b-bdc5-4501-88cc-bd2904401b8b','Share Capital Setup','052eee4e-3e8a-4b3a-b8ef-ff7036436cc1','01','N','View','','Share Structure','a52c4775-308c-4d4c-b1ac-7894dac55a1d','GP','2025-07-13 11:35:12.718000','2025-07-31 15:29:53.793000','admin','admin'),('be01e24a-1d6c-4940-a4e9-377972f166a9','Reporting and Analytics','e7346c4c-b50b-47c5-95a7-1cc3f3062fa2','03','N','View','','Schedules of Reporting','a52c4775-308c-4d4c-b1ac-7894dac55a1d','GP','2025-07-10 12:00:05.620000','2025-07-31 15:26:02.563000','admin','admin'),('bf1906c4-f9da-4307-ad23-e1721bd1fa85','Add Budget','e7346c4c-b50b-47c5-95a7-1cc3f3062fa2','07','N','Entry','','New Budget / Forecast','a52c4775-308c-4d4c-b1ac-7894dac55a1d','GP','2025-07-21 14:27:02.334000','2025-07-31 15:27:06.101000','admin','admin'),('c396975a-419a-47da-8735-db0ce4d63cdf','Wallet','e9f43875-7e77-4ad1-98fc-6df5fb99e0c2','03','N','View','','List of Wallets','a52c4775-308c-4d4c-b1ac-7894dac55a1d','GP','2025-07-10 11:37:55.617000','2025-07-31 15:11:12.626000','admin','admin'),('c4b264c7-73db-4189-85ee-6f72d8fab8fc','Add Invoice','1405b8aa-4e49-4cc9-bd26-764f87dd055e','07','N','Entry','','New Invoice','a52c4775-308c-4d4c-b1ac-7894dac55a1d','GP','2025-07-09 17:50:04.681000','2025-07-31 15:08:20.578000','admin','admin'),('c4e8556f-0055-4818-9e44-816f7b2a5157','Add Vendor','d63cb0fe-1fe0-4cde-a554-fa132cddda9c','02','Y','Entry','','New Vendor','a52c4775-308c-4d4c-b1ac-7894dac55a1d','GP','2025-07-10 15:09:57.184000','2025-07-31 15:45:02.235000','admin','admin'),('c635fc81-2e0e-4042-b81e-339c094a840c','Pay Run','dabd23fd-26b5-407e-83c7-c8335f517c0a','2','N','Entry','','Run Payroll','a52c4775-308c-4d4c-b1ac-7894dac55a1d','GP','2025-07-13 11:43:47.791000','2025-07-31 15:51:56.677000','admin','admin'),('c6fdabf3-1aa7-466c-824c-ace6400d2d6e','Quotation','d63cb0fe-1fe0-4cde-a554-fa132cddda9c','03','N','View','','List of All Quotations','a52c4775-308c-4d4c-b1ac-7894dac55a1d','GP','2025-07-10 15:10:18.102000','2025-07-31 15:45:22.971000','admin','admin'),('c7095bfe-4005-4099-921b-f84c283fc802','Variance Analysis','e7346c4c-b50b-47c5-95a7-1cc3f3062fa2','02','N','View','','Rules of Analysis','a52c4775-308c-4d4c-b1ac-7894dac55a1d','GP','2025-07-10 11:59:49.297000','2025-07-31 15:25:53.028000','admin','admin'),('c942985e-ff92-4070-9170-dec8efa3e0b0','Delivery Challan','0edc1b72-e5e9-4658-a456-06906c9aa80d','07','N','View','','List of All Challans','a52c4775-308c-4d4c-b1ac-7894dac55a1d','GP','2025-07-10 15:29:49.056000','2025-07-31 15:43:18.369000','admin','admin'),('c95004af-a57d-4f88-bd12-357d75f04b70','Asset Revaluation','e129b8dc-9600-49dd-8bef-ec50db77d9da','04','N','View','','Revaluaction Schedule','a52c4775-308c-4d4c-b1ac-7894dac55a1d','GP','2025-07-10 11:48:17.744000','2025-07-31 15:16:09.573000','admin','admin'),('c9fafd10-c441-43f3-96fa-15b7995f4c56','Journal / Voucher','cf3250ea-e67c-45a7-8020-efdef79fc3d6','02','Y','View','','List of All Vouchers','a52c4775-308c-4d4c-b1ac-7894dac55a1d','GP','2025-07-08 20:12:31.794000','2025-07-31 15:06:22.802000','admin','admin'),('cc42a4de-a42d-44ef-b8ae-a976b9b29c07','Certificate of Origin','cd3eccd2-48b5-4376-bd78-8d9473709a19','4','N','View','','List of Certificate','a52c4775-308c-4d4c-b1ac-7894dac55a1d','GP','2025-07-15 12:29:35.304000','2025-07-31 15:34:58.821000','admin','admin'),('cc9725f3-25c0-46b9-bc19-6fd08413c458','Add Sales Order','0edc1b72-e5e9-4658-a456-06906c9aa80d','06','N','Entry','','New Sales Order','a52c4775-308c-4d4c-b1ac-7894dac55a1d','GP','2025-07-10 15:29:10.774000','2025-07-31 15:43:14.621000','admin','admin'),('cfc0e06e-c8f8-4da7-bfb0-4301d1f1f195','Payment made','a984fb09-8a37-43fe-9076-bc11d451dbe5','02','N','View','','List of All Payments','a52c4775-308c-4d4c-b1ac-7894dac55a1d','GP','2025-07-10 11:32:02.930000','2025-07-31 15:09:06.791000','admin','admin'),('d580b963-ca71-4b62-bfb1-73d8e7f7baa0','Recurring Invoices / Subscription','1405b8aa-4e49-4cc9-bd26-764f87dd055e','04','N','View','','List of Recurring Invoices','a52c4775-308c-4d4c-b1ac-7894dac55a1d','GP','2025-07-09 17:46:47.655000','2025-07-31 15:07:43.101000','admin','admin'),('d6991222-bac4-4a49-95cb-4b58dcb0d759','Revenue Recognition','1405b8aa-4e49-4cc9-bd26-764f87dd055e','06','N','View','',' List of Recognition Schedules','a52c4775-308c-4d4c-b1ac-7894dac55a1d','GP','2025-07-09 17:49:24.195000','2025-07-31 15:08:13.547000','admin','admin'),('d8b48f45-94c5-41db-8130-9292fca2fa73','Add L/C','809dace8-03d1-4ee9-917a-bf1ddabe359f','5','N','Entry','','New L/C','a52c4775-308c-4d4c-b1ac-7894dac55a1d','GP','2025-07-21 15:08:42.032000','2025-07-31 15:33:45.181000','admin','admin'),('d950d245-fab7-4b59-86dc-fb69591ecb66','EPS Calculation','052eee4e-3e8a-4b3a-b8ef-ff7036436cc1','03','N','View','','Rules for EPS','a52c4775-308c-4d4c-b1ac-7894dac55a1d','GP','2025-07-13 11:35:36.336000','2025-07-31 15:30:35.556000','admin','admin'),('dcc85e15-4934-4164-a31f-9cc7026fe4c2','Activity based Costing','64547663-9950-4e9e-882c-69992a57e7cb','07','N','Entry','','Rules for Costing','a52c4775-308c-4d4c-b1ac-7894dac55a1d','IS','2025-07-10 11:54:00.121000','2025-07-31 15:20:49.285000','admin','admin'),('dfb30eaa-6509-4f7d-b682-45cf61e2f604','Add Amendment','809dace8-03d1-4ee9-917a-bf1ddabe359f','6','N','Entry','','New Amendment','a52c4775-308c-4d4c-b1ac-7894dac55a1d','GP','2025-07-21 15:08:59.328000','2025-07-31 15:33:54.882000','admin','admin'),('e392cf72-c970-4433-9666-988ed9cc70bc','Add Tax Rate','d343c3cd-6e3e-4116-97da-066a05173843','02','N','Entry','','New Tax Rate','a52c4775-308c-4d4c-b1ac-7894dac55a1d','GP','2025-07-10 11:44:12.967000','2025-07-31 15:17:39.010000','admin','admin'),('e85c74af-3bab-4547-b12b-9aa3baaf4591','Depreciation','e129b8dc-9600-49dd-8bef-ec50db77d9da','03','N','View','','Depreciation Schedule','a52c4775-308c-4d4c-b1ac-7894dac55a1d','GP','2025-07-10 11:47:49.083000','2025-07-31 15:15:55.251000','admin','admin'),('e93e00f2-7bf3-4086-9f21-136407c13ef1','Add Currency','adf6e054-4ae5-4565-a0ee-d0e60ed50ab3','04','N','Entry','','New Currency','a52c4775-308c-4d4c-b1ac-7894dac55a1d','GP','2025-07-08 20:20:28.269000','2025-07-31 15:40:26.958000','admin','admin'),('ed93d4f7-0a21-47bb-8093-305b8ef8d6db','Withholding Mgt','d343c3cd-6e3e-4116-97da-066a05173843','03','N','View','','Withholding Schedule','a52c4775-308c-4d4c-b1ac-7894dac55a1d','GP','2025-07-10 11:44:37.144000','2025-07-31 15:17:51.884000','admin','admin'),('ede3d41b-e4c6-43c7-82f0-5423292b1fdc','Add Expense','a984fb09-8a37-43fe-9076-bc11d451dbe5','08','N','Entry','','New Expense','a52c4775-308c-4d4c-b1ac-7894dac55a1d','GP','2025-07-10 11:36:22.240000','2025-07-31 15:10:21.817000','admin','admin'),('edee2a02-298d-4da1-a0ce-6c28711b3f91','Add Credit Note','1405b8aa-4e49-4cc9-bd26-764f87dd055e','10','N','Entry','','New Credit Note','a52c4775-308c-4d4c-b1ac-7894dac55a1d','GP','2025-07-10 11:31:11.200000','2025-07-31 15:08:41.778000','admin','admin'),('eebc0ad6-3c6e-4add-87c5-45b0c4229121','Add Voucher','cf3250ea-e67c-45a7-8020-efdef79fc3d6','05','Y','Entry','','New Journal','a52c4775-308c-4d4c-b1ac-7894dac55a1d','GP','2025-07-08 20:43:44.027000','2025-07-31 15:06:51.340000','admin','admin'),('ef120ebf-b09d-4997-93a0-64a549f46946','Sales Return','0edc1b72-e5e9-4658-a456-06906c9aa80d','09','N','View','','List of Sales Returns','a52c4775-308c-4d4c-b1ac-7894dac55a1d','GP','2025-07-13 11:40:25.505000','2025-07-31 15:44:08.794000','admin','admin'),('f029eddc-1146-46d1-975e-b1c9f64caba4','Project Compliance','96a5286c-1404-48a5-8108-1fd34c21ab73','06','N','View','','List of Compliance Rules','a52c4775-308c-4d4c-b1ac-7894dac55a1d','GP','2025-07-10 11:58:09.268000','2025-07-31 15:24:25.074000','admin','admin'),('f6a98bbd-c94d-47ab-b520-25d1ba19c1f9','Add Depriciation Rate','e129b8dc-9600-49dd-8bef-ec50db77d9da','08','N','Entry','','List of Depriciation Rates','a52c4775-308c-4d4c-b1ac-7894dac55a1d','GP','2025-07-21 15:01:22.930000','2025-07-31 15:16:42.956000','admin','admin'),('f78d560a-69ae-48a4-aadf-b11fdbf00f53','Project Setup','96a5286c-1404-48a5-8108-1fd34c21ab73','01','N','View','','List of All Projects','a52c4775-308c-4d4c-b1ac-7894dac55a1d','GP','2025-07-10 11:55:27.369000','2025-07-31 15:21:56.714000','admin','admin'),('fc057ab9-cdf9-49ac-b52a-87655eff0e1e','Financial KPI tracking','e7346c4c-b50b-47c5-95a7-1cc3f3062fa2','06','N','View','','Rules for KPI Track','a52c4775-308c-4d4c-b1ac-7894dac55a1d','GP','2025-07-10 12:01:11.098000','2025-07-31 15:26:49.805000','admin','admin'),('fd161920-95bd-4b3b-a112-122a6144f221','Budget & Forecast','e7346c4c-b50b-47c5-95a7-1cc3f3062fa2','01','N','View','','Schedules','a52c4775-308c-4d4c-b1ac-7894dac55a1d','GP','2025-07-10 11:59:29.514000','2025-07-31 15:25:46.507000','admin','admin'),('fdcba465-4f12-444c-b40e-b561d06b15a5','Profit Distribution','052eee4e-3e8a-4b3a-b8ef-ff7036436cc1','04','N','View','','Diatribution Schedule','a52c4775-308c-4d4c-b1ac-7894dac55a1d','GP','2025-07-13 11:35:48.241000','2025-07-31 15:30:49.178000','admin','admin'),('fefc2804-c993-4a0e-9046-e286e045e040','Asset Tracking','e129b8dc-9600-49dd-8bef-ec50db77d9da','02','N','View','','List of Locationwise Assets','a52c4775-308c-4d4c-b1ac-7894dac55a1d','GP','2025-07-10 11:47:01.146000','2025-07-31 15:15:40.608000','admin','admin'),('ff7b4a10-5ca1-41ec-be36-90289dd8df32','Add Vendor Credit','a984fb09-8a37-43fe-9076-bc11d451dbe5','09','N','Entry','','New Vendor Credit','a52c4775-308c-4d4c-b1ac-7894dac55a1d','GP','2025-07-10 11:36:41.043000','2025-07-31 15:10:29.652000','admin','admin'),('ffc8051e-bd1f-4120-a303-0edd80b59253','Payment Receipt','1405b8aa-4e49-4cc9-bd26-764f87dd055e','03','N','View','','List of Payment Receipts','a52c4775-308c-4d4c-b1ac-7894dac55a1d','GP','2025-07-09 17:46:18.928000','2025-07-31 15:07:34.879000','admin','admin'),('ffcb635a-b508-484d-84d6-1a44e960af0d','Add Sales Return','0edc1b72-e5e9-4658-a456-06906c9aa80d','10','N','Entry','','New Sales Return','a52c4775-308c-4d4c-b1ac-7894dac55a1d','GP','2025-07-13 11:40:50.306000','2025-07-31 15:49:27.260000','admin','admin');
/*!40000 ALTER TABLE `item` ENABLE KEYS */;
UNLOCK TABLES;

--
-- Table structure for table `menu`
--

DROP TABLE IF EXISTS `menu`;
/*!40101 SET @saved_cs_client     = @@character_set_client */;
/*!50503 SET character_set_client = utf8mb4 */;
CREATE TABLE `menu` (
  `id` varchar(36) NOT NULL,
  `title` varchar(255) NOT NULL,
  `appId` varchar(255) NOT NULL,
  `userId` varchar(255) NOT NULL,
  `tier` varchar(255) NOT NULL,
  `serialNumber` varchar(255) NOT NULL,
  `createdAt` datetime(6) NOT NULL DEFAULT current_timestamp(6),
  `updatedAt` datetime(6) NOT NULL DEFAULT current_timestamp(6) ON UPDATE current_timestamp(6),
  `createdBy` varchar(255) DEFAULT NULL,
  `updatedBy` varchar(255) DEFAULT NULL,
  PRIMARY KEY (`id`),
  KEY `FK_c5377061afbd9eb0a8eafc541a1` (`appId`),
  CONSTRAINT `FK_c5377061afbd9eb0a8eafc541a1` FOREIGN KEY (`appId`) REFERENCES `app` (`id`) ON DELETE NO ACTION ON UPDATE NO ACTION
) ENGINE=InnoDB DEFAULT CHARSET=utf8mb4 COLLATE=utf8mb4_general_ci;
/*!40101 SET character_set_client = @saved_cs_client */;

--
-- Dumping data for table `menu`
--

LOCK TABLES `menu` WRITE;
/*!40000 ALTER TABLE `menu` DISABLE KEYS */;
INSERT INTO `menu` VALUES ('052eee4e-3e8a-4b3a-b8ef-ff7036436cc1','Share Management','a2e440bd-4969-4df3-a9f9-9286ff1bbca4','a52c4775-308c-4d4c-b1ac-7894dac55a1d','3','1','2025-07-13 11:33:55.461000','2025-07-15 17:30:59.786000','admin','admin'),('05f960bc-2aef-4f1a-8a9b-a713c6143bf3','Consolidation','0e87a206-39fe-4035-a3e3-0c8bf6f12512','a52c4775-308c-4d4c-b1ac-7894dac55a1d','','1','2025-07-20 15:02:55.492000','2025-07-20 15:02:55.492000','admin','admin'),('0edc1b72-e5e9-4658-a456-06906c9aa80d','Sales','cdd8d06f-2acc-4c81-a77a-efa305e7dca9','a52c4775-308c-4d4c-b1ac-7894dac55a1d','3, 4, 5','1','2025-07-10 15:04:50.010000','2025-07-10 15:04:50.010000','admin','admin'),('1405b8aa-4e49-4cc9-bd26-764f87dd055e','Accts Receivable','8b1dbb89-4f9a-41e6-9231-66cc375aeae0','a52c4775-308c-4d4c-b1ac-7894dac55a1d','3, 4, 5','2','2025-07-08 17:40:26.579000','2025-07-08 18:42:58.835000','admin','admin'),('3fbe0e76-b801-4912-8040-cedaf367a2af','Employee Info','45509fe8-d5e9-469c-90fc-41e6617dbdc7','a52c4775-308c-4d4c-b1ac-7894dac55a1d','3, 4, 5','1','2025-07-10 15:05:38.614000','2025-07-10 15:05:38.614000','admin','admin'),('64547663-9950-4e9e-882c-69992a57e7cb','Cost Accounting','66befc8a-36f6-434b-add0-3a2625295caa','a52c4775-308c-4d4c-b1ac-7894dac55a1d','3, 4, 5','1','2025-07-08 19:41:04.667000','2025-07-08 19:41:04.667000','admin','admin'),('809dace8-03d1-4ee9-917a-bf1ddabe359f','L/C Management','15b816f2-ab33-4c5e-93a1-1ec28e3441c7','a52c4775-308c-4d4c-b1ac-7894dac55a1d','3,4','1','2025-07-13 11:34:28.412000','2025-07-15 12:18:21.239000','admin','admin'),('96a5286c-1404-48a5-8108-1fd34c21ab73','Project Accounting','4a646046-f3b9-4357-8fb0-dff235790bc5','a52c4775-308c-4d4c-b1ac-7894dac55a1d','3, 4, 5','1','2025-07-08 19:41:36.092000','2025-07-08 19:41:36.092000','admin','admin'),('9d7953d3-2866-4b52-9c0d-8a559a12a0a4','Items','de8c4c44-facd-4ecb-91c9-81bb8580a2a2','a52c4775-308c-4d4c-b1ac-7894dac55a1d','3, 4, 5','1','2025-07-10 15:02:30.536000','2025-07-10 15:02:30.536000','admin','admin'),('a984fb09-8a37-43fe-9076-bc11d451dbe5','Accts Payable','8b1dbb89-4f9a-41e6-9231-66cc375aeae0','a52c4775-308c-4d4c-b1ac-7894dac55a1d','3, 4, 5','3','2025-07-08 17:40:59.085000','2025-07-08 18:43:06.721000','admin','admin'),('adf6e054-4ae5-4565-a0ee-d0e60ed50ab3','Organization','e21482e7-b464-41bf-bedc-76827af91a7e','a52c4775-308c-4d4c-b1ac-7894dac55a1d','','1','2025-07-21 12:12:08.813000','2025-07-21 12:12:08.813000','admin','admin'),('c24005d4-7299-4ae3-884b-77da8235aea9','My Portal','bce257e3-d95c-4d05-bd76-6beddbf0447b','a52c4775-308c-4d4c-b1ac-7894dac55a1d','','2','2025-07-21 12:12:53.244000','2025-07-21 12:12:53.244000','admin','admin'),('cd3eccd2-48b5-4376-bd78-8d9473709a19','Documentation','15b816f2-ab33-4c5e-93a1-1ec28e3441c7','a52c4775-308c-4d4c-b1ac-7894dac55a1d','','2','2025-07-15 12:18:10.351000','2025-07-15 12:18:10.351000','admin','admin'),('cf3250ea-e67c-45a7-8020-efdef79fc3d6','Accounting','8b1dbb89-4f9a-41e6-9231-66cc375aeae0','a52c4775-308c-4d4c-b1ac-7894dac55a1d','3, 4, 5','1','2025-07-06 16:58:28.365000','2025-07-08 18:42:48.679000','admin','admin'),('d343c3cd-6e3e-4116-97da-066a05173843','Tax Accounting','3b584198-b820-465e-a4f9-f2834589ca8d','a52c4775-308c-4d4c-b1ac-7894dac55a1d','3, 4, 5','1','2025-07-08 18:42:26.552000','2025-07-08 18:42:26.552000','admin','admin'),('d63cb0fe-1fe0-4cde-a554-fa132cddda9c','Purchase','5a6eb74e-c9ee-413d-9a0f-2365fd348307','a52c4775-308c-4d4c-b1ac-7894dac55a1d','3, 4, 5','1','2025-07-10 15:02:07.748000','2025-07-10 15:02:07.748000','admin','admin'),('d8885ec1-3006-41e5-b849-62199ad991e5','Dashboard','bce257e3-d95c-4d05-bd76-6beddbf0447b','a52c4775-308c-4d4c-b1ac-7894dac55a1d','','1','2025-07-21 12:12:38.853000','2025-07-21 12:12:38.853000','admin','admin'),('dabd23fd-26b5-407e-83c7-c8335f517c0a','Payroll','1904f60d-57b3-439c-a6fa-ac497ea8ed9c','a52c4775-308c-4d4c-b1ac-7894dac55a1d','3, 4, 5','1','2025-07-10 15:08:18.740000','2025-07-10 15:08:18.740000','admin','admin'),('dc337edf-8acd-45db-b01a-7e4293a2f029','Menu-test','da45bd74-60c5-4f47-b22c-8255edf6f03c','a52c4775-308c-4d4c-b1ac-7894dac55a1d','','1','2025-07-21 12:33:15.065000','2025-07-21 12:33:15.065000','admin','admin'),('ddac32d5-ce66-4f08-8d1d-806f08e0171f','Loan Management','a1f83a6b-8e4b-4ce9-8d02-ee559e457ea7','a52c4775-308c-4d4c-b1ac-7894dac55a1d','','2','2025-07-21 14:44:55.035000','2025-07-21 14:44:55.035000','admin','admin'),('e129b8dc-9600-49dd-8bef-ec50db77d9da','Fixed Asset','62972fd5-d2ef-411d-8fa3-330e32e3ed26','a52c4775-308c-4d4c-b1ac-7894dac55a1d','3, 4, 5','1','2025-07-08 19:40:27.672000','2025-07-08 19:40:27.672000','admin','admin'),('e7346c4c-b50b-47c5-95a7-1cc3f3062fa2','Financial Planning','a1f83a6b-8e4b-4ce9-8d02-ee559e457ea7','a52c4775-308c-4d4c-b1ac-7894dac55a1d','3, 4, 5','1','2025-07-08 19:42:00.140000','2025-07-08 19:42:00.140000','admin','admin'),('e9f43875-7e77-4ad1-98fc-6df5fb99e0c2','Cash & Bank','8b1dbb89-4f9a-41e6-9231-66cc375aeae0','a52c4775-308c-4d4c-b1ac-7894dac55a1d','3, 4, 5','4','2025-07-08 17:42:24.378000','2025-07-08 18:43:14.067000','admin','admin'),('ea425177-675a-4dc2-83e6-293dfcc3c108','Expense Management','45509fe8-d5e9-469c-90fc-41e6617dbdc7','a52c4775-308c-4d4c-b1ac-7894dac55a1d','','2','2025-07-13 20:17:20.361000','2025-07-13 20:17:20.361000','admin','admin');
/*!40000 ALTER TABLE `menu` ENABLE KEYS */;
UNLOCK TABLES;

--
-- Table structure for table `modules`
--

DROP TABLE IF EXISTS `modules`;
/*!40101 SET @saved_cs_client     = @@character_set_client */;
/*!50503 SET character_set_client = utf8mb4 */;
CREATE TABLE `modules` (
  `id` varchar(36) NOT NULL,
  `name` varchar(255) NOT NULL,
  `tier` varchar(255) NOT NULL,
  `serialNumber` varchar(255) NOT NULL,
  `userId` varchar(255) NOT NULL,
  `createdAt` datetime(6) NOT NULL DEFAULT current_timestamp(6),
  `updatedAt` datetime(6) NOT NULL DEFAULT current_timestamp(6) ON UPDATE current_timestamp(6),
  `createdBy` varchar(255) DEFAULT NULL,
  `updatedBy` varchar(255) DEFAULT NULL,
  PRIMARY KEY (`id`)
) ENGINE=InnoDB DEFAULT CHARSET=utf8mb4 COLLATE=utf8mb4_general_ci;
/*!40101 SET character_set_client = @saved_cs_client */;

--
-- Dumping data for table `modules`
--

LOCK TABLES `modules` WRITE;
/*!40000 ALTER TABLE `modules` DISABLE KEYS */;
INSERT INTO `modules` VALUES ('0210eb0d-6a4b-4512-a6b0-06649d0bdb12','HR','3, 4, 5','2','a52c4775-308c-4d4c-b1ac-7894dac55a1d','2025-07-06 15:55:27.642000','2025-07-08 18:36:45.091000','admin','admin'),('37e9a5fe-badd-40c4-afb9-e367ad57d6bf','Fin','3, 4, 5','1','a52c4775-308c-4d4c-b1ac-7894dac55a1d','2025-07-06 15:55:15.751000','2025-07-08 19:22:04.046000','admin','admin'),('56726da6-a4cf-4d7a-9742-9533c14b4289','CRM','3, 4, 5','4','a52c4775-308c-4d4c-b1ac-7894dac55a1d','2025-07-08 17:37:11.733000','2025-07-10 15:34:34.095000','admin','admin'),('95c9a50b-953b-4738-b609-275911fcdfb0','SCM','3, 4, 5','3','a52c4775-308c-4d4c-b1ac-7894dac55a1d','2025-07-06 20:21:10.949000','2025-07-06 20:21:10.949000','admin','admin'),('bd598bf2-c3f6-4501-be57-66ef7641f11b','Mod-Test','','9','a52c4775-308c-4d4c-b1ac-7894dac55a1d','2025-07-21 12:31:43.556000','2025-07-21 12:32:36.054000','admin','admin'),('e3c28cc8-7e92-4052-9c70-76418fcc38dc','Sys','','5','a52c4775-308c-4d4c-b1ac-7894dac55a1d','2025-07-21 12:09:05.699000','2025-07-21 12:09:05.699000','admin','admin');
/*!40000 ALTER TABLE `modules` ENABLE KEYS */;
UNLOCK TABLES;

--
-- Table structure for table `options`
--

DROP TABLE IF EXISTS `options`;
/*!40101 SET @saved_cs_client     = @@character_set_client */;
/*!50503 SET character_set_client = utf8mb4 */;
CREATE TABLE `options` (
  `id` varchar(36) NOT NULL,
  `text` varchar(255) NOT NULL,
  `value` varchar(255) NOT NULL,
  `questionId` varchar(255) DEFAULT NULL,
  `questionModelId` varchar(255) DEFAULT NULL,
  `userId` varchar(255) NOT NULL,
  `createdAt` datetime(6) NOT NULL DEFAULT current_timestamp(6),
  `updatedAt` datetime(6) NOT NULL DEFAULT current_timestamp(6) ON UPDATE current_timestamp(6),
  `createdBy` varchar(255) DEFAULT NULL,
  `updatedBy` varchar(255) DEFAULT NULL,
  PRIMARY KEY (`id`),
  KEY `FK_46b668c49a6c4154d4643d875a5` (`questionId`),
  KEY `FK_236588fb96ad67e74a0f9a25d62` (`questionModelId`),
  CONSTRAINT `FK_236588fb96ad67e74a0f9a25d62` FOREIGN KEY (`questionModelId`) REFERENCES `question-models` (`id`) ON DELETE CASCADE ON UPDATE NO ACTION,
  CONSTRAINT `FK_46b668c49a6c4154d4643d875a5` FOREIGN KEY (`questionId`) REFERENCES `questions` (`id`) ON DELETE CASCADE ON UPDATE NO ACTION
) ENGINE=InnoDB DEFAULT CHARSET=utf8mb4 COLLATE=utf8mb4_general_ci;
/*!40101 SET character_set_client = @saved_cs_client */;

--
-- Dumping data for table `options`
--

LOCK TABLES `options` WRITE;
/*!40000 ALTER TABLE `options` DISABLE KEYS */;
/*!40000 ALTER TABLE `options` ENABLE KEYS */;
UNLOCK TABLES;

--
-- Table structure for table `question-models`
--

DROP TABLE IF EXISTS `question-models`;
/*!40101 SET @saved_cs_client     = @@character_set_client */;
/*!50503 SET character_set_client = utf8mb4 */;
CREATE TABLE `question-models` (
  `id` varchar(36) NOT NULL,
  `text` varchar(255) NOT NULL,
  `type` varchar(255) NOT NULL,
  `required` tinyint(4) NOT NULL DEFAULT 0,
  `userId` varchar(255) NOT NULL,
  `createdAt` datetime(6) NOT NULL DEFAULT current_timestamp(6),
  `updatedAt` datetime(6) NOT NULL DEFAULT current_timestamp(6) ON UPDATE current_timestamp(6),
  `createdBy` varchar(255) DEFAULT NULL,
  `updatedBy` varchar(255) DEFAULT NULL,
  `parentQuestionId` varchar(36) NOT NULL,
  PRIMARY KEY (`id`),
  KEY `FK_9aad70cb07c9e70f20fbb8576e0` (`parentQuestionId`),
  CONSTRAINT `FK_9aad70cb07c9e70f20fbb8576e0` FOREIGN KEY (`parentQuestionId`) REFERENCES `questions` (`id`) ON DELETE NO ACTION ON UPDATE NO ACTION
) ENGINE=InnoDB DEFAULT CHARSET=utf8mb4 COLLATE=utf8mb4_general_ci;
/*!40101 SET character_set_client = @saved_cs_client */;

--
-- Dumping data for table `question-models`
--

LOCK TABLES `question-models` WRITE;
/*!40000 ALTER TABLE `question-models` DISABLE KEYS */;
/*!40000 ALTER TABLE `question-models` ENABLE KEYS */;
UNLOCK TABLES;

--
-- Table structure for table `questiongroups`
--

DROP TABLE IF EXISTS `questiongroups`;
/*!40101 SET @saved_cs_client     = @@character_set_client */;
/*!50503 SET character_set_client = utf8mb4 */;
CREATE TABLE `questiongroups` (
  `id` varchar(36) NOT NULL,
  `title` varchar(255) NOT NULL,
  `description` varchar(255) NOT NULL,
  `userId` varchar(255) NOT NULL,
  `createdAt` datetime(6) NOT NULL DEFAULT current_timestamp(6),
  `updatedAt` datetime(6) NOT NULL DEFAULT current_timestamp(6) ON UPDATE current_timestamp(6),
  `createdBy` varchar(255) DEFAULT NULL,
  `updatedBy` varchar(255) DEFAULT NULL,
  `surveyId` varchar(36) NOT NULL,
  PRIMARY KEY (`id`),
  KEY `FK_79d4582a7f4e87bf857f7992d5a` (`surveyId`),
  CONSTRAINT `FK_79d4582a7f4e87bf857f7992d5a` FOREIGN KEY (`surveyId`) REFERENCES `survey-configs` (`id`) ON DELETE CASCADE ON UPDATE NO ACTION
) ENGINE=InnoDB DEFAULT CHARSET=utf8mb4 COLLATE=utf8mb4_general_ci;
/*!40101 SET character_set_client = @saved_cs_client */;

--
-- Dumping data for table `questiongroups`
--

LOCK TABLES `questiongroups` WRITE;
/*!40000 ALTER TABLE `questiongroups` DISABLE KEYS */;
/*!40000 ALTER TABLE `questiongroups` ENABLE KEYS */;
UNLOCK TABLES;

--
-- Table structure for table `questions`
--

DROP TABLE IF EXISTS `questions`;
/*!40101 SET @saved_cs_client     = @@character_set_client */;
/*!50503 SET character_set_client = utf8mb4 */;
CREATE TABLE `questions` (
  `id` varchar(36) NOT NULL,
  `text` varchar(255) NOT NULL,
  `answer` varchar(255) DEFAULT NULL,
  `type` varchar(255) NOT NULL,
  `required` tinyint(4) NOT NULL DEFAULT 0,
  `userId` varchar(255) NOT NULL,
  `createdAt` datetime(6) NOT NULL DEFAULT current_timestamp(6),
  `updatedAt` datetime(6) NOT NULL DEFAULT current_timestamp(6) ON UPDATE current_timestamp(6),
  `createdBy` varchar(255) DEFAULT NULL,
  `updatedBy` varchar(255) DEFAULT NULL,
  `questionGroupId` varchar(36) NOT NULL,
  PRIMARY KEY (`id`)
) ENGINE=InnoDB DEFAULT CHARSET=utf8mb4 COLLATE=utf8mb4_general_ci;
/*!40101 SET character_set_client = @saved_cs_client */;

--
-- Dumping data for table `questions`
--

LOCK TABLES `questions` WRITE;
/*!40000 ALTER TABLE `questions` DISABLE KEYS */;
/*!40000 ALTER TABLE `questions` ENABLE KEYS */;
UNLOCK TABLES;

--
-- Table structure for table `role`
--

DROP TABLE IF EXISTS `role`;
/*!40101 SET @saved_cs_client     = @@character_set_client */;
/*!50503 SET character_set_client = utf8mb4 */;
CREATE TABLE `role` (
  `id` varchar(36) NOT NULL,
  `name` varchar(255) NOT NULL,
  `userId` varchar(255) NOT NULL,
  `createdAt` datetime(6) NOT NULL DEFAULT current_timestamp(6),
  `updatedAt` datetime(6) NOT NULL DEFAULT current_timestamp(6) ON UPDATE current_timestamp(6),
  PRIMARY KEY (`id`)
) ENGINE=InnoDB DEFAULT CHARSET=utf8mb4 COLLATE=utf8mb4_general_ci;
/*!40101 SET character_set_client = @saved_cs_client */;

--
-- Dumping data for table `role`
--

LOCK TABLES `role` WRITE;
/*!40000 ALTER TABLE `role` DISABLE KEYS */;
INSERT INTO `role` VALUES ('8dfa476a-9357-4570-9a56-262233a76822','admin','d21a8638-9c0e-43a0-a804-0d045126eebe','2025-07-12 17:19:18.823271','2025-07-12 17:19:18.823271'),('d3dd4874-f19e-4c40-a733-4f58f8635e45','admin','a52c4775-308c-4d4c-b1ac-7894dac55a1d','2025-07-06 15:53:11.066024','2025-07-06 15:53:11.066024');
/*!40000 ALTER TABLE `role` ENABLE KEYS */;
UNLOCK TABLES;

--
-- Table structure for table `sub_item`
--

DROP TABLE IF EXISTS `sub_item`;
/*!40101 SET @saved_cs_client     = @@character_set_client */;
/*!50503 SET character_set_client = utf8mb4 */;
CREATE TABLE `sub_item` (
  `id` varchar(36) NOT NULL,
  `name` varchar(255) NOT NULL,
  `tier` varchar(255) NOT NULL,
  `itemId` varchar(255) NOT NULL,
  `templateId` varchar(255) DEFAULT NULL,
  `userId` varchar(255) NOT NULL,
  `serialNumber` varchar(255) NOT NULL,
  `buttonType` varchar(255) NOT NULL,
  `buttonLabel` varchar(255) NOT NULL,
  `layout` varchar(255) NOT NULL,
  `templateText` varchar(255) DEFAULT NULL,
  `navigationTo` varchar(255) NOT NULL,
  `description` varchar(255) NOT NULL,
  `createdAt` datetime(6) NOT NULL DEFAULT current_timestamp(6),
  `updatedAt` datetime(6) NOT NULL DEFAULT current_timestamp(6) ON UPDATE current_timestamp(6),
  `createdBy` varchar(255) DEFAULT NULL,
  `updatedBy` varchar(255) DEFAULT NULL,
  PRIMARY KEY (`id`),
  KEY `FK_3968ea6e908906cbf19167614c6` (`itemId`),
  CONSTRAINT `FK_3968ea6e908906cbf19167614c6` FOREIGN KEY (`itemId`) REFERENCES `item` (`id`) ON DELETE NO ACTION ON UPDATE NO ACTION
) ENGINE=InnoDB DEFAULT CHARSET=utf8mb4 COLLATE=utf8mb4_general_ci;
/*!40101 SET character_set_client = @saved_cs_client */;

--
-- Dumping data for table `sub_item`
--

LOCK TABLES `sub_item` WRITE;
/*!40000 ALTER TABLE `sub_item` DISABLE KEYS */;
INSERT INTO `sub_item` VALUES ('008249fc-a1a5-4ddb-9b42-512f0d26720c','Item Details','','08419323-d4cf-466c-afd7-7a90dd0350ac',NULL,'a52c4775-308c-4d4c-b1ac-7894dac55a1d','3','','','Mix-Section',NULL,'','','2025-07-13 13:35:32.939000','2025-07-29 19:47:52.578000','admin','admin'),('02f6309c-5ccc-4345-a1b3-79ff4fdb66cd','Other Details','','221c4e58-dff7-4368-8412-dee82d9581b6',NULL,'a52c4775-308c-4d4c-b1ac-7894dac55a1d','4','','','Mix-Tab',NULL,'','','2025-07-13 15:22:13.702000','2025-07-21 16:27:20.538000','admin','admin'),('04a58f00-fd7b-48b4-80ee-576fa5c69e4b','Basic Information','','b5c5ead6-e043-45be-b177-0b90e5f29721',NULL,'a52c4775-308c-4d4c-b1ac-7894dac55a1d','1','','','Mix-Section',NULL,'','','2025-07-21 16:22:16.791000','2025-07-21 16:34:41.044000','admin','admin'),('05fc8c78-3259-4a05-8ede-f876168e63f1','Order Details','','3ca59eec-4633-4dfe-97ec-16a940f87717',NULL,'a52c4775-308c-4d4c-b1ac-7894dac55a1d','5','','','Mix-Tab',NULL,'','','2025-07-13 13:22:31.096000','2025-07-21 16:38:03.381000','admin','admin'),('07fe8f5e-31cc-4a5c-9ec3-a1322af90b68','Other Details','','927d8556-8fde-454f-8cee-852d6f59ccf0',NULL,'a52c4775-308c-4d4c-b1ac-7894dac55a1d','2','','','Mix-Tab',NULL,'','','2025-07-13 15:30:11.163000','2025-07-21 16:27:42.763000','admin','admin'),('0a1f229e-5150-4508-a41e-48de96fa2997','Item Description','','927d8556-8fde-454f-8cee-852d6f59ccf0',NULL,'a52c4775-308c-4d4c-b1ac-7894dac55a1d','3','','','Mix-Tab',NULL,'','','2025-07-13 15:30:27.632000','2025-07-21 16:27:48.751000','admin','admin'),('0bdd47a0-eeb0-4f0e-9435-663e12f83bc0','Basic Information','','867559ad-0653-4165-aa8a-ca4363d71913',NULL,'a52c4775-308c-4d4c-b1ac-7894dac55a1d','1','','','Section',NULL,'','','2025-07-21 15:55:28.569000','2025-07-31 15:59:23.589000','admin','admin'),('0fed4934-de2b-4b12-950f-7ca730a0f423','Item Details','','ff7b4a10-5ca1-41ec-be36-90289dd8df32',NULL,'a52c4775-308c-4d4c-b1ac-7894dac55a1d','2','','','Section',NULL,'','','2025-07-21 16:10:22.638000','2025-07-21 16:10:22.638000','admin','admin'),('121de1f3-1a7f-4c45-bb89-b3b79cddab71','Tax Method','','3ca59eec-4633-4dfe-97ec-16a940f87717',NULL,'a52c4775-308c-4d4c-b1ac-7894dac55a1d','4','','','Mix-Tab',NULL,'','','2025-07-13 13:22:22.072000','2025-07-21 16:37:59.025000','admin','admin'),('126fa9bc-c98c-4d6e-817b-1d05703bb0f6','Other Details','','c4e8556f-0055-4818-9e44-816f7b2a5157',NULL,'a52c4775-308c-4d4c-b1ac-7894dac55a1d','4','','','Mix-Tab',NULL,'','','2025-07-13 12:58:31.098000','2025-07-21 16:36:05.603000','admin','admin'),('182d722b-fda9-4f38-b8f5-fc8f28c96455','Customer info','','cc9725f3-25c0-46b9-bc19-6fd08413c458',NULL,'a52c4775-308c-4d4c-b1ac-7894dac55a1d','2','','','Mix-Tab',NULL,'','','2025-07-21 16:21:12.810000','2025-07-21 16:21:12.810000','admin','admin'),('1ba34c07-de15-4151-b29f-853592961519','Other Details','','191bdb96-2f59-4dd2-ae9a-5e8aa2075fb6',NULL,'a52c4775-308c-4d4c-b1ac-7894dac55a1d','4','','','Tab',NULL,'','','2025-07-21 15:51:23.184000','2025-08-12 13:04:27.118000','admin','admin'),('1ce277e8-e51f-471d-a82a-20fb3b8abf49','Bill Details','','16207e60-f981-415a-a683-908229be87b2',NULL,'a52c4775-308c-4d4c-b1ac-7894dac55a1d','2','','','Tab',NULL,'','','2025-07-13 12:02:09.384000','2025-08-13 14:44:35.888000','admin','admin'),('2287b499-e908-4d19-9e59-5a9aa3f52538','General Info','','927d8556-8fde-454f-8cee-852d6f59ccf0',NULL,'a52c4775-308c-4d4c-b1ac-7894dac55a1d','1','','','Mix-Tab',NULL,'','','2025-07-13 15:23:03.899000','2025-07-21 16:27:36.736000','admin','admin'),('2db67149-08a5-4e49-94ba-2362f58205f6','Others','','b5c5ead6-e043-45be-b177-0b90e5f29721',NULL,'a52c4775-308c-4d4c-b1ac-7894dac55a1d','4','','','Mix-Section',NULL,'','','2025-07-21 16:22:36.898000','2025-07-21 16:34:57.039000','admin','admin'),('2df031e5-b9b6-4393-9b79-11bd15841bdb','Basic Information','','08419323-d4cf-466c-afd7-7a90dd0350ac',NULL,'a52c4775-308c-4d4c-b1ac-7894dac55a1d','1','','','Mix-Section',NULL,'','','2025-07-13 13:24:16.409000','2025-07-21 16:39:10.277000','admin','admin'),('2ffa86c3-328a-4153-a4d5-e5a2a9ea5e35','Delivery & payment','','927d8556-8fde-454f-8cee-852d6f59ccf0',NULL,'a52c4775-308c-4d4c-b1ac-7894dac55a1d','4','','','Mix-Tab',NULL,'','','2025-07-13 15:30:36.626000','2025-07-21 16:27:56.495000','admin','admin'),('31090ade-d4b6-4a23-b4e2-3776c5efda91','Receive Details','','867559ad-0653-4165-aa8a-ca4363d71913',NULL,'a52c4775-308c-4d4c-b1ac-7894dac55a1d','3','','','Tab',NULL,'','','2025-07-21 15:55:52.280000','2025-08-12 15:18:33.603000','admin','admin'),('322cb8bb-c110-4958-8c35-d1466f515dd6','Contra','','c9fafd10-c441-43f3-96fa-15b7995f4c56',NULL,'a52c4775-308c-4d4c-b1ac-7894dac55a1d','3','','','Tab',NULL,'','List of Contra Vouchers','2025-07-13 11:54:47.030000','2025-08-14 16:37:14.661000','admin','admin'),('32bd7bc7-b072-420c-8d95-221a419ea454','Attachment','','927d8556-8fde-454f-8cee-852d6f59ccf0',NULL,'a52c4775-308c-4d4c-b1ac-7894dac55a1d','7','','','Mix-Tab',NULL,'','','2025-07-13 15:31:08.243000','2025-07-21 16:28:11.061000','admin','admin'),('336a359b-ec98-466e-80d8-04053824e6d0','Customer info','','ffcb635a-b508-484d-84d6-1a44e960af0d',NULL,'a52c4775-308c-4d4c-b1ac-7894dac55a1d','2','','','Mix-Section',NULL,'','','2025-07-21 16:22:56.752000','2025-07-21 16:33:56.156000','admin','admin'),('33829c2a-b1f3-4691-8d62-7aae67b0ec9f','Tax Information','','927d8556-8fde-454f-8cee-852d6f59ccf0',NULL,'a52c4775-308c-4d4c-b1ac-7894dac55a1d','5','','','Mix-Tab',NULL,'','','2025-07-13 15:30:45.535000','2025-07-21 16:28:02.147000','admin','admin'),('38bf478e-b7f5-4e79-8f5c-ec808950b312','Item Details','','ffcb635a-b508-484d-84d6-1a44e960af0d',NULL,'a52c4775-308c-4d4c-b1ac-7894dac55a1d','3','','','Mix-Section',NULL,'','','2025-07-21 16:23:03.024000','2025-07-21 16:34:01.183000','admin','admin'),('3c90d955-ccaf-4d69-998f-82de057071df','Others','','08419323-d4cf-466c-afd7-7a90dd0350ac',NULL,'a52c4775-308c-4d4c-b1ac-7894dac55a1d','4','','','Mix-Section',NULL,'','','2025-07-13 13:35:41.231000','2025-07-21 16:39:25.574000','admin','admin'),('3ccde9a6-9166-4f66-877f-702a27064ba5','Basic Info','','8690ac58-a5d1-460c-8584-68a758c206e4',NULL,'a52c4775-308c-4d4c-b1ac-7894dac55a1d','1','','','Mix-Section',NULL,'','','2025-07-21 16:30:17.593000','2025-07-21 16:31:38.981000','admin','admin'),('3cd6f136-f7c2-4c09-a61b-76156e97183b','Multi-Company Setup','','996f270f-5858-4553-9470-3dddadedc890',NULL,'a52c4775-308c-4d4c-b1ac-7894dac55a1d','2','','','Tab',NULL,'','List of Companies','2025-07-13 11:45:30.115000','2025-07-20 15:18:27.368000','admin','admin'),('3d04ad7d-ceda-4381-8318-711a9a260466','Item Details','','b5c5ead6-e043-45be-b177-0b90e5f29721',NULL,'a52c4775-308c-4d4c-b1ac-7894dac55a1d','3','','','Mix-Section',NULL,'','','2025-07-21 16:22:29.395000','2025-07-21 16:34:51.879000','admin','admin'),('4a882c62-66cc-4948-ab3d-7641e7ccad30','Item Details','','8690ac58-a5d1-460c-8584-68a758c206e4',NULL,'a52c4775-308c-4d4c-b1ac-7894dac55a1d','2','','','Mix-Section',NULL,'','','2025-07-21 16:30:27.850000','2025-07-21 16:31:28.042000','admin','admin'),('4a9b4672-40ce-4b3a-be31-e3435c168a94','Other Details','','416f2dc6-ef21-4523-8aa6-41090e2c7b33',NULL,'a52c4775-308c-4d4c-b1ac-7894dac55a1d','2','','','Mix-Tab',NULL,'','','2025-07-13 13:11:22.472000','2025-07-21 16:36:33.203000','admin','admin'),('4ad68452-78b8-4905-b9ec-a4aa7f990bb5','Payment Details','','76c17f9f-7f00-452c-bf64-3e5fba3435fa',NULL,'a52c4775-308c-4d4c-b1ac-7894dac55a1d','3','','','Tab',NULL,'','','2025-07-21 16:06:52.831000','2025-08-13 15:01:44.828000','admin','admin'),('5063cc04-31f1-4be9-bb21-470b3a78d41c','Basic Information','','ff7b4a10-5ca1-41ec-be36-90289dd8df32',NULL,'a52c4775-308c-4d4c-b1ac-7894dac55a1d','1','','','Section',NULL,'','','2025-07-21 16:10:14.502000','2025-07-21 16:10:14.502000','admin','admin'),('57800517-0cf3-47c2-88b4-1d9377c24b3e','Basic Information','','16207e60-f981-415a-a683-908229be87b2',NULL,'a52c4775-308c-4d4c-b1ac-7894dac55a1d','1','','','Section',NULL,'','','2025-07-13 12:01:51.945000','2025-07-31 15:59:59.099000','admin','admin'),('5c56fdff-9e6c-4df2-bc2a-095bc04d3474','Others','','3ca59eec-4633-4dfe-97ec-16a940f87717',NULL,'a52c4775-308c-4d4c-b1ac-7894dac55a1d','7','','','Mix-Tab',NULL,'','','2025-07-13 13:23:00.435000','2025-07-21 16:38:12.527000','admin','admin'),('5ccfe169-e7a8-41b3-9a36-3db6bdbe9475','Sub_Item-test','','5b4d27ea-bcc5-4e60-bf6d-d09abc86ff00',NULL,'a52c4775-308c-4d4c-b1ac-7894dac55a1d','1','P-Button','Edit','Tab',NULL,'Nev-Test','Intro-Test','2025-07-21 12:34:12.516000','2025-07-21 13:10:36.567000','admin','admin'),('5f792cdb-040d-4924-aff0-3bdb008b3585','Terms & Condition','','c4b264c7-73db-4189-85ee-6f72d8fab8fc',NULL,'a52c4775-308c-4d4c-b1ac-7894dac55a1d','5','','','Tab',NULL,'','','2025-07-13 12:00:50.272000','2025-07-31 15:58:07.002000','admin','admin'),('601196e6-a452-4ec6-acc5-0582739a74de','Attachments','','c4b264c7-73db-4189-85ee-6f72d8fab8fc',NULL,'a52c4775-308c-4d4c-b1ac-7894dac55a1d','6','','','Tab',NULL,'','','2025-07-13 12:00:58.125000','2025-07-31 15:58:11.930000','admin','admin'),('62182da5-134e-46c0-808e-66a8f284bc04','Tax Method','','cc9725f3-25c0-46b9-bc19-6fd08413c458',NULL,'a52c4775-308c-4d4c-b1ac-7894dac55a1d','4','','','Mix-Tab',NULL,'','','2025-07-21 16:21:28.655000','2025-07-21 16:21:28.655000','admin','admin'),('6300bd2a-c0cb-4328-bcfb-699f0db25df5','Shipping Information','','c4b264c7-73db-4189-85ee-6f72d8fab8fc',NULL,'a52c4775-308c-4d4c-b1ac-7894dac55a1d','4','','','Tab',NULL,'','','2025-07-13 12:00:41.514000','2025-07-31 15:58:02.832000','admin','admin'),('6330c9b1-7f90-4e86-bd23-c5c194c47fae','Other Details','','ede3d41b-e4c6-43c7-82f0-5423292b1fdc',NULL,'a52c4775-308c-4d4c-b1ac-7894dac55a1d','4','','','Tab',NULL,'','','2025-07-21 16:09:12.204000','2025-08-13 15:03:30.892000','admin','admin'),('66b6b3b7-e0a2-48a0-b7ee-666ff68b0cf6','Contact Person','','c4e8556f-0055-4818-9e44-816f7b2a5157',NULL,'a52c4775-308c-4d4c-b1ac-7894dac55a1d','3','','','Mix-Tab',NULL,'','','2025-07-13 12:58:23.702000','2025-07-21 16:36:00.247000','admin','admin'),('67d96bef-f1c0-44c7-add3-f7acd9a59080','Payment','','c9fafd10-c441-43f3-96fa-15b7995f4c56',NULL,'a52c4775-308c-4d4c-b1ac-7894dac55a1d','2','','','Tab',NULL,'','List of Payment Vouchers','2025-07-13 11:54:38.971000','2025-08-14 16:37:09.302000','admin','admin'),('68178556-ab23-430d-a033-f1f0e95e8a38','Journal','','c9fafd10-c441-43f3-96fa-15b7995f4c56',NULL,'a52c4775-308c-4d4c-b1ac-7894dac55a1d','4','','','Tab',NULL,'','List of Journal Vouchers','2025-07-13 11:55:00.045000','2025-08-14 16:37:19.765000','admin','admin'),('72a8002f-11ae-46bd-b22a-ff2e46be5b00','Other Details','','867559ad-0653-4165-aa8a-ca4363d71913',NULL,'a52c4775-308c-4d4c-b1ac-7894dac55a1d','4','','','Tab',NULL,'','','2025-07-21 15:55:44.891000','2025-08-12 15:18:38.033000','admin','admin'),('7c019e8b-100b-4421-acf3-42ac60cde3d2','Others','','ffcb635a-b508-484d-84d6-1a44e960af0d',NULL,'a52c4775-308c-4d4c-b1ac-7894dac55a1d','4','','','Mix-Section',NULL,'','','2025-07-21 16:25:51.369000','2025-07-21 16:34:05.995000','admin','admin'),('7c30cde5-d27c-4243-9033-e518a8760652','Payment','','eebc0ad6-3c6e-4add-87c5-45b0c4229121',NULL,'a52c4775-308c-4d4c-b1ac-7894dac55a1d','2','','','Section',NULL,'','New Payment Voucher','2025-07-13 11:51:31.165000','2025-07-31 15:56:11.268000','admin','admin'),('804b13fb-c63d-4029-b78b-c3ad3bff648a','Other Details','','76c17f9f-7f00-452c-bf64-3e5fba3435fa',NULL,'a52c4775-308c-4d4c-b1ac-7894dac55a1d','4','','','Tab',NULL,'','','2025-07-21 16:06:43.831000','2025-08-13 15:01:49.527000','admin','admin'),('81f3b76e-1491-4391-b95b-13f0815d355a','Others','','8690ac58-a5d1-460c-8584-68a758c206e4',NULL,'a52c4775-308c-4d4c-b1ac-7894dac55a1d','6','','','Mix-Section',NULL,'','','2025-07-21 16:33:06.862000','2025-07-21 16:33:06.862000','admin','admin'),('83052c79-c91a-451b-b81a-12368d6ff1e1','Receive Details','','191bdb96-2f59-4dd2-ae9a-5e8aa2075fb6',NULL,'a52c4775-308c-4d4c-b1ac-7894dac55a1d','3','','','Tab',NULL,'','','2025-07-21 15:51:31.622000','2025-08-12 13:04:21.966000','admin','admin'),('84de4e77-e14b-4e9e-9ca4-639a84f8dd85','Primary Information','','221c4e58-dff7-4368-8412-dee82d9581b6',NULL,'a52c4775-308c-4d4c-b1ac-7894dac55a1d','1','','','Mix-Tab',NULL,'','','2025-07-13 15:21:42.491000','2025-07-21 16:27:04.161000','admin','admin'),('863c35e8-cf63-4945-9069-114ee8611970','Terms & Condition','','16207e60-f981-415a-a683-908229be87b2',NULL,'a52c4775-308c-4d4c-b1ac-7894dac55a1d','4','','','Tab',NULL,'','','2025-07-13 12:02:24.871000','2025-07-31 16:00:09.111000','admin','admin'),('87b20204-504f-46a1-a6bc-dbe8203a98cd','Terms & Condition','','416f2dc6-ef21-4523-8aa6-41090e2c7b33',NULL,'a52c4775-308c-4d4c-b1ac-7894dac55a1d','6','','','Mix-Tab',NULL,'','','2025-07-13 13:12:04.568000','2025-07-21 16:37:11.169000','admin','admin'),('886f4e6b-6a2f-4574-89ed-491d57fd001c','General Info','','416f2dc6-ef21-4523-8aa6-41090e2c7b33',NULL,'a52c4775-308c-4d4c-b1ac-7894dac55a1d','1','','','Mix-Tab',NULL,'','','2025-07-13 13:11:12.299000','2025-07-21 16:36:26.677000','admin','admin'),('940d66dd-93f5-4f3a-a222-af37a2a42032','Item Details','','ede3d41b-e4c6-43c7-82f0-5423292b1fdc',NULL,'a52c4775-308c-4d4c-b1ac-7894dac55a1d','2','','','Tab',NULL,'','','2025-07-21 16:09:03.102000','2025-07-31 16:03:57.906000','admin','admin'),('9727a302-2d5f-41a5-abf3-4a9ed3b326e9','Delivary Details','','3ca59eec-4633-4dfe-97ec-16a940f87717',NULL,'a52c4775-308c-4d4c-b1ac-7894dac55a1d','3','','','Mix-Tab',NULL,'','','2025-07-13 13:22:13.596000','2025-07-21 16:37:55.181000','admin','admin'),('97b6abd5-e82d-41ce-8644-ff92d4345628','Attachment','','416f2dc6-ef21-4523-8aa6-41090e2c7b33',NULL,'a52c4775-308c-4d4c-b1ac-7894dac55a1d','7','','','Mix-Tab',NULL,'','','2025-07-13 13:12:11.603000','2025-07-21 16:37:14.808000','admin','admin'),('999af9fb-4c77-4572-be25-51d1002dc9cd','Configure Sales','','8690ac58-a5d1-460c-8584-68a758c206e4',NULL,'a52c4775-308c-4d4c-b1ac-7894dac55a1d','4','','','Mix-Section',NULL,'','','2025-07-21 16:30:45.691000','2025-07-21 16:32:03.974000','admin','admin'),('9b146eff-2aec-4664-b44d-8616e8a8ca4c','Tags','','c4b264c7-73db-4189-85ee-6f72d8fab8fc',NULL,'a52c4775-308c-4d4c-b1ac-7894dac55a1d','7','','','Tab',NULL,'','','2025-07-13 12:01:07.835000','2025-07-31 15:58:15.416000','admin','admin'),('9c9cc1e2-5aa6-45d0-b31e-299f5b439874','Delivary Details','','cc9725f3-25c0-46b9-bc19-6fd08413c458',NULL,'a52c4775-308c-4d4c-b1ac-7894dac55a1d','3','','','Mix-Tab',NULL,'','','2025-07-21 16:21:20.370000','2025-07-21 16:21:20.370000','admin','admin'),('9d2581f4-4251-4a57-87cd-58ba9d7b528b','Item Description','','416f2dc6-ef21-4523-8aa6-41090e2c7b33',NULL,'a52c4775-308c-4d4c-b1ac-7894dac55a1d','3','','','Mix-Tab',NULL,'','','2025-07-13 13:11:31.773000','2025-07-21 16:36:54.993000','admin','admin'),('9d9a10c0-6e8a-402d-b554-a0401f8240cc','Contra','','eebc0ad6-3c6e-4add-87c5-45b0c4229121',NULL,'a52c4775-308c-4d4c-b1ac-7894dac55a1d','3','','','Section',NULL,'','New Contra Voucher','2025-07-13 11:51:39.044000','2025-07-31 15:56:20.362000','admin','admin'),('a1c4491f-4257-4de8-a06c-8934629a1181','Vendor Contact','','16207e60-f981-415a-a683-908229be87b2',NULL,'a52c4775-308c-4d4c-b1ac-7894dac55a1d','3','','','Tab',NULL,'','','2025-07-13 12:02:01.465000','2025-08-13 14:44:41.047000','admin','admin'),('a2b84135-7fac-4124-ab83-8ed7772b911c','Basic Information','','76c17f9f-7f00-452c-bf64-3e5fba3435fa',NULL,'a52c4775-308c-4d4c-b1ac-7894dac55a1d','1','','','Section',NULL,'','','2025-07-21 16:06:17.067000','2025-07-31 16:00:29.991000','admin','admin'),('a5c7cad4-1427-467e-8777-ca7d5e8a9167','Customer Contact','','c4b264c7-73db-4189-85ee-6f72d8fab8fc',NULL,'a52c4775-308c-4d4c-b1ac-7894dac55a1d','3','','','Tab',NULL,'','','2025-07-13 12:00:21.593000','2025-08-12 12:06:30.326000','admin','admin'),('a68f274d-1e1d-49c0-9d3e-9886e88d03a1','Others','','4067bdff-f934-4b53-bb74-fc2a7157f6ec',NULL,'a52c4775-308c-4d4c-b1ac-7894dac55a1d','4','','','Mix-Sec',NULL,'','','2025-07-13 13:33:05.039000','2025-07-28 12:52:06.398000','admin','admin'),('abbd4e9b-11a8-411a-ba46-8bd102c34314','Other Details','','ff7b4a10-5ca1-41ec-be36-90289dd8df32',NULL,'a52c4775-308c-4d4c-b1ac-7894dac55a1d','3','','','Section',NULL,'','','2025-07-21 16:10:31.869000','2025-07-21 16:10:31.869000','admin','admin'),('abfd8147-e58d-47cd-8111-2ab6326bd273','Vendor info','','4067bdff-f934-4b53-bb74-fc2a7157f6ec',NULL,'a52c4775-308c-4d4c-b1ac-7894dac55a1d','2','','','Mix-Section',NULL,'','','2025-07-13 13:32:36.485000','2025-07-21 16:38:49.274000','admin','admin'),('ae6938fe-ade0-4740-b820-82da31d1305e','Multi-Currencty Setup','','9994f272-6709-4608-9fa2-b1f61f4049c4',NULL,'a52c4775-308c-4d4c-b1ac-7894dac55a1d','1','','','Tab',NULL,'','List of Currencies','2025-07-13 11:45:44.034000','2025-07-29 17:50:41.664000','admin','admin'),('b0282fa8-750c-42c1-ac98-a06fc2ae65b6','Basic Information','','3ca59eec-4633-4dfe-97ec-16a940f87717',NULL,'a52c4775-308c-4d4c-b1ac-7894dac55a1d','1','','','Mix-Tab',NULL,'','','2025-07-13 13:21:52.777000','2025-07-21 16:37:37.002000','admin','admin'),('b1b2e257-66e2-4e8a-ab01-c06f625f0669','Terms & Condition','','3ca59eec-4633-4dfe-97ec-16a940f87717',NULL,'a52c4775-308c-4d4c-b1ac-7894dac55a1d','6','','','Mix-Tab',NULL,'','','2025-07-13 13:22:39.455000','2025-07-21 16:38:08.100000','admin','admin'),('b91950bd-7306-493a-9a85-63b29463d81a','Other Details','','edee2a02-298d-4da1-a0ce-6c28711b3f91',NULL,'a52c4775-308c-4d4c-b1ac-7894dac55a1d','3','','','Section',NULL,'','','2025-07-21 15:56:34.671000','2025-07-21 15:56:34.671000','admin','admin'),('bb315402-7f6a-4f29-9f3f-e921a0f5aa2f','Attachments','','16207e60-f981-415a-a683-908229be87b2',NULL,'a52c4775-308c-4d4c-b1ac-7894dac55a1d','5','','','Tab',NULL,'','','2025-07-13 12:02:43.942000','2025-07-31 16:00:12.706000','admin','admin'),('c1c319c2-6691-412d-a618-a7a7b9b745c5','Basic Information','','ede3d41b-e4c6-43c7-82f0-5423292b1fdc',NULL,'a52c4775-308c-4d4c-b1ac-7894dac55a1d','1','','','Section',NULL,'','','2025-07-21 16:08:55.605000','2025-07-31 16:00:54.232000','admin','admin'),('c375b6e7-0736-49be-9f43-fe249a31586b','Terms & Condition','','927d8556-8fde-454f-8cee-852d6f59ccf0',NULL,'a52c4775-308c-4d4c-b1ac-7894dac55a1d','6','','','Mix-Tab',NULL,'','','2025-07-13 15:30:58.597000','2025-07-21 16:28:06.771000','admin','admin'),('c3b8ee89-3784-4557-8dde-4e55ab8844c7','Delivery & payment','','416f2dc6-ef21-4523-8aa6-41090e2c7b33',NULL,'a52c4775-308c-4d4c-b1ac-7894dac55a1d','4','','','Mix-Tab',NULL,'','','2025-07-13 13:11:41.549000','2025-07-21 16:36:59.126000','admin','admin'),('c47f80c5-3ef7-4876-b361-3a52a635bc13','Primary Info','','c4e8556f-0055-4818-9e44-816f7b2a5157',NULL,'a52c4775-308c-4d4c-b1ac-7894dac55a1d','1','','','Mix-Tab',NULL,'','','2025-07-13 12:57:10.505000','2025-07-21 16:35:46.490000','admin','admin'),('c6c2ce6d-cdce-4fd2-a954-e01fcab285bd','Terms & Condition','','cc9725f3-25c0-46b9-bc19-6fd08413c458',NULL,'a52c4775-308c-4d4c-b1ac-7894dac55a1d','6','','','Mix-Tab',NULL,'','','2025-07-21 16:21:43.913000','2025-07-21 16:21:43.913000','admin','admin'),('c732abc2-2753-4ab4-8d7f-76beafb3fad5','Order Details','','cc9725f3-25c0-46b9-bc19-6fd08413c458',NULL,'a52c4775-308c-4d4c-b1ac-7894dac55a1d','5','','','Mix-Tab',NULL,'','','2025-07-21 16:21:36.494000','2025-07-21 16:21:36.494000','admin','admin'),('c741d50c-0945-4af5-819b-8338fc872a08','Vendor info','','3ca59eec-4633-4dfe-97ec-16a940f87717',NULL,'a52c4775-308c-4d4c-b1ac-7894dac55a1d','2','','','Mix-Tab',NULL,'','','2025-07-13 13:22:01.609000','2025-07-21 16:37:43.530000','admin','admin'),('c8bbbbe7-b805-43fc-b073-6b23d46fbfd6','Configure Inventory','','8690ac58-a5d1-460c-8584-68a758c206e4',NULL,'a52c4775-308c-4d4c-b1ac-7894dac55a1d','5','','','Mix-Section',NULL,'','','2025-07-21 16:32:58.623000','2025-07-21 16:32:58.623000','admin','admin'),('c9043159-1fe0-40d9-851a-665fb933612e','Remarks','','221c4e58-dff7-4368-8412-dee82d9581b6',NULL,'a52c4775-308c-4d4c-b1ac-7894dac55a1d','5','','','Mix-Tab',NULL,'','','2025-07-13 15:22:23.847000','2025-07-21 16:27:26.306000','admin','admin'),('ce2d0a89-dfa1-4b63-94a5-074b40d32161','Contact Person','','221c4e58-dff7-4368-8412-dee82d9581b6',NULL,'a52c4775-308c-4d4c-b1ac-7894dac55a1d','3','','','Mix-Tab',NULL,'','','2025-07-13 15:22:05.653000','2025-07-21 16:27:15.219000','admin','admin'),('d1acba50-2121-49b7-a3bb-fae1c7ed1605','Item Details','','edee2a02-298d-4da1-a0ce-6c28711b3f91',NULL,'a52c4775-308c-4d4c-b1ac-7894dac55a1d','2','','','Section',NULL,'','','2025-07-21 15:56:25.462000','2025-07-21 15:56:25.462000','admin','admin'),('d1b6d2a6-9046-4f6e-afd1-207baa7ae478','Company Setup','','996f270f-5858-4553-9470-3dddadedc890',NULL,'a52c4775-308c-4d4c-b1ac-7894dac55a1d','1','','','Tab',NULL,'','Setup your company','2025-07-13 11:45:21.068000','2025-07-20 15:18:19.186000','admin','admin'),('d32ae6e7-da66-4b8a-8113-23037c2bf0b0','Vendor info','','08419323-d4cf-466c-afd7-7a90dd0350ac',NULL,'a52c4775-308c-4d4c-b1ac-7894dac55a1d','2','','','Mix-Section',NULL,'','','2025-07-13 13:35:24.673000','2025-07-21 16:39:17.415000','admin','admin'),('d493cef0-a04c-4278-bbd1-8b563417fa2d','Remarks','','c4e8556f-0055-4818-9e44-816f7b2a5157',NULL,'a52c4775-308c-4d4c-b1ac-7894dac55a1d','5','','','Mix-Tab',NULL,'','','2025-07-13 12:58:38.984000','2025-07-21 16:36:10.359000','admin','admin'),('d51ec6a2-06f6-412e-95bb-a29165269549','Configure Purchase','','8690ac58-a5d1-460c-8584-68a758c206e4',NULL,'a52c4775-308c-4d4c-b1ac-7894dac55a1d','3','','','Mix-Section',NULL,'','','2025-07-21 16:30:36.174000','2025-07-21 16:31:44.759000','admin','admin'),('d5c736fa-e451-4641-92ca-b78ee2f53d4a','Basic Information','','cc9725f3-25c0-46b9-bc19-6fd08413c458',NULL,'a52c4775-308c-4d4c-b1ac-7894dac55a1d','1','','','Mix-Tab',NULL,'','','2025-07-21 16:21:03.492000','2025-07-21 16:21:03.492000','admin','admin'),('d5fb6786-394e-47d8-a432-c5a248bab471','Basic Information','','edee2a02-298d-4da1-a0ce-6c28711b3f91',NULL,'a52c4775-308c-4d4c-b1ac-7894dac55a1d','1','','','Section',NULL,'','','2025-07-21 15:56:08.096000','2025-07-21 15:56:17.494000','admin','admin'),('dbb5f5af-2c43-4ee3-919c-29d29986ddb5','Basic Information','','c4b264c7-73db-4189-85ee-6f72d8fab8fc',NULL,'a52c4775-308c-4d4c-b1ac-7894dac55a1d','1','','','Section',NULL,'','','2025-07-13 12:00:02.155000','2025-07-31 15:57:28.379000','admin','admin'),('dd71bbb8-0f91-44f6-ad79-97dc3364d2d0','Invoice Details','','c4b264c7-73db-4189-85ee-6f72d8fab8fc',NULL,'a52c4775-308c-4d4c-b1ac-7894dac55a1d','2','','','Tab',NULL,'','','2025-07-13 12:00:32.577000','2025-08-12 12:06:25.751000','admin','admin'),('dd7fac19-a7bd-4a27-b6e0-0cea5526e193','Tags','','16207e60-f981-415a-a683-908229be87b2',NULL,'a52c4775-308c-4d4c-b1ac-7894dac55a1d','6','','','Tab',NULL,'','','2025-07-13 12:02:56.011000','2025-07-31 16:00:23.478000','admin','admin'),('ddc832e2-49e7-4249-8085-229c5faa4cf0','Item Details','','867559ad-0653-4165-aa8a-ca4363d71913',NULL,'a52c4775-308c-4d4c-b1ac-7894dac55a1d','2','','','Tab',NULL,'','','2025-07-21 15:55:36.616000','2025-07-31 15:59:28.631000','admin','admin'),('dfe1b7dc-9552-413a-a738-58a6676f6c38','Basic Information','','4067bdff-f934-4b53-bb74-fc2a7157f6ec',NULL,'a52c4775-308c-4d4c-b1ac-7894dac55a1d','1','','','Mix-Section',NULL,'','','2025-07-13 13:24:07.010000','2025-07-21 16:38:21.013000','admin','admin'),('e24302e4-2292-429c-83dc-8babc0a01ea5','Tax Information','','416f2dc6-ef21-4523-8aa6-41090e2c7b33',NULL,'a52c4775-308c-4d4c-b1ac-7894dac55a1d','5','','','Mix-Tab',NULL,'','','2025-07-13 13:11:54.083000','2025-07-21 16:37:03.957000','admin','admin'),('e2a7d3cb-294c-41b5-bb5c-cd0e053b803b','Address','','c4e8556f-0055-4818-9e44-816f7b2a5157',NULL,'a52c4775-308c-4d4c-b1ac-7894dac55a1d','2','','','Mix-Tab',NULL,'','','2025-07-13 12:57:30.206000','2025-07-21 16:35:51.816000','admin','admin'),('e2fd1cc6-c439-4524-aca0-889b6b5e846b','Basic Information','','ffcb635a-b508-484d-84d6-1a44e960af0d',NULL,'a52c4775-308c-4d4c-b1ac-7894dac55a1d','1','','','Mix-Section',NULL,'','','2025-07-21 16:22:49.657000','2025-07-21 16:33:49.588000','admin','admin'),('ea036931-3706-4fdf-afbb-7a2824ad1ff0','Basic Information','','191bdb96-2f59-4dd2-ae9a-5e8aa2075fb6',NULL,'a52c4775-308c-4d4c-b1ac-7894dac55a1d','1','','','Section',NULL,'','','2025-07-21 15:51:00.323000','2025-07-31 15:58:59.293000','admin','admin'),('ea6168e3-98e6-4f01-b4cd-b8fb0f54da15','Journal','','eebc0ad6-3c6e-4add-87c5-45b0c4229121',NULL,'a52c4775-308c-4d4c-b1ac-7894dac55a1d','4','','','Section',NULL,'','New Journal Voucher','2025-07-13 11:51:47.664000','2025-07-31 15:56:29.446000','admin','admin'),('ead682b1-649f-46bd-85d6-8647bab03165','Item Details','','76c17f9f-7f00-452c-bf64-3e5fba3435fa',NULL,'a52c4775-308c-4d4c-b1ac-7894dac55a1d','2','','','Tab',NULL,'','','2025-07-21 16:06:27.003000','2025-07-31 16:00:33.699000','admin','admin'),('ec3ae7f0-ac20-44d6-a2d7-9ddc6d94fad0','Receive','','c9fafd10-c441-43f3-96fa-15b7995f4c56',NULL,'a52c4775-308c-4d4c-b1ac-7894dac55a1d','1','','','Tab',NULL,'','List of Receive Vouchers','2025-07-13 11:54:24.421000','2025-08-14 16:37:03.760000','admin','admin'),('ee795db3-a07a-46af-b352-7565cde10bfc','Address','','221c4e58-dff7-4368-8412-dee82d9581b6',NULL,'a52c4775-308c-4d4c-b1ac-7894dac55a1d','2','','','Mix-Tab',NULL,'','','2025-07-13 15:21:52.112000','2025-07-21 16:27:09.458000','admin','admin'),('efa47c5c-e9d6-4c1e-9527-f06fb642711d','Others','','cc9725f3-25c0-46b9-bc19-6fd08413c458',NULL,'a52c4775-308c-4d4c-b1ac-7894dac55a1d','7','','','Mix-Tab',NULL,'','','2025-07-21 16:21:56.418000','2025-07-21 16:21:56.418000','admin','admin'),('f7351fb3-6f1b-40aa-b908-5e4cd4f67a4f','Item Details','','191bdb96-2f59-4dd2-ae9a-5e8aa2075fb6',NULL,'a52c4775-308c-4d4c-b1ac-7894dac55a1d','2','','','Tab',NULL,'','','2025-07-21 15:51:14.052000','2025-07-31 15:59:03.607000','admin','admin'),('fa53a855-c733-4645-9cb8-eb52a3ad898e','Receive','','eebc0ad6-3c6e-4add-87c5-45b0c4229121',NULL,'a52c4775-308c-4d4c-b1ac-7894dac55a1d','1','','','Section',NULL,'','New Receive Voucher','2025-07-13 11:51:20.388000','2025-07-31 15:55:57.968000','admin','admin'),('fc6c33dc-39ae-4c3a-916b-e6ddaecfaeeb','Item Details','','4067bdff-f934-4b53-bb74-fc2a7157f6ec',NULL,'a52c4775-308c-4d4c-b1ac-7894dac55a1d','3','','','Mix-Section',NULL,'','','2025-07-13 13:32:53.696000','2025-07-21 16:38:55.092000','admin','admin'),('fdcc3907-6763-4804-be8c-5a21ea508356','Customer info','','b5c5ead6-e043-45be-b177-0b90e5f29721',NULL,'a52c4775-308c-4d4c-b1ac-7894dac55a1d','2','','','Mix-Section',NULL,'','','2025-07-21 16:22:23.091000','2025-07-21 16:34:45.184000','admin','admin'),('fe6ff73a-b5b7-4d35-a7fa-0edafd99da70','Payment Details','','ede3d41b-e4c6-43c7-82f0-5423292b1fdc',NULL,'a52c4775-308c-4d4c-b1ac-7894dac55a1d','3','','','Tab',NULL,'','','2025-07-21 16:09:21.053000','2025-08-13 15:03:26.257000','admin','admin');
/*!40000 ALTER TABLE `sub_item` ENABLE KEYS */;
UNLOCK TABLES;

--
-- Table structure for table `sub_sub_item`
--

DROP TABLE IF EXISTS `sub_sub_item`;
/*!40101 SET @saved_cs_client     = @@character_set_client */;
/*!50503 SET character_set_client = utf8mb4 */;
CREATE TABLE `sub_sub_item` (
  `id` varchar(36) NOT NULL,
  `name` varchar(255) NOT NULL,
  `subItemId` varchar(255) NOT NULL,
  `tier` varchar(255) NOT NULL,
  `layout` varchar(255) NOT NULL,
  `buttonLabel` varchar(255) NOT NULL,
  `navigationTo` varchar(255) NOT NULL,
  `serialNumber` varchar(255) NOT NULL,
  `templateId` varchar(255) DEFAULT NULL,
  `templateText` varchar(255) DEFAULT NULL,
  `userId` varchar(255) NOT NULL,
  `createdAt` datetime(6) NOT NULL DEFAULT current_timestamp(6),
  `updatedAt` datetime(6) NOT NULL DEFAULT current_timestamp(6) ON UPDATE current_timestamp(6),
  `createdBy` varchar(255) DEFAULT NULL,
  `updatedBy` varchar(255) DEFAULT NULL,
  `buttonType` varchar(45) DEFAULT NULL,
  PRIMARY KEY (`id`),
  KEY `FK_68b1048d444225fd29422a40ab2` (`subItemId`),
  CONSTRAINT `FK_68b1048d444225fd29422a40ab2` FOREIGN KEY (`subItemId`) REFERENCES `sub_item` (`id`) ON DELETE NO ACTION ON UPDATE NO ACTION
) ENGINE=InnoDB DEFAULT CHARSET=utf8mb4 COLLATE=utf8mb4_general_ci;
/*!40101 SET character_set_client = @saved_cs_client */;

--
-- Dumping data for table `sub_sub_item`
--

LOCK TABLES `sub_sub_item` WRITE;
/*!40000 ALTER TABLE `sub_sub_item` DISABLE KEYS */;
INSERT INTO `sub_sub_item` VALUES ('0566c117-fd04-45b9-8b65-b629116e6467','Organogram Setup','d1b6d2a6-9046-4f6e-afd1-207baa7ae478','','Tab','','','5',NULL,NULL,'a52c4775-308c-4d4c-b1ac-7894dac55a1d','2025-07-31 16:11:05.944000','2025-07-31 16:11:05.944000','admin','admin',''),('19e52c96-a06a-4f07-afa7-b227d4dd5fa8','Department Setup','d1b6d2a6-9046-4f6e-afd1-207baa7ae478','','Tab','','','3',NULL,NULL,'a52c4775-308c-4d4c-b1ac-7894dac55a1d','2025-07-31 16:10:41.105000','2025-08-07 19:20:10.829000','admin','admin',''),('72b31fa5-7ee3-4e94-97a8-687a4289052d','Designation Setup','d1b6d2a6-9046-4f6e-afd1-207baa7ae478','','Tab','','','4',NULL,NULL,'a52c4775-308c-4d4c-b1ac-7894dac55a1d','2025-07-31 16:10:54.902000','2025-08-07 19:20:27.383000','admin','admin',''),('9ead731f-c832-44a4-8da2-c73d1ab32a55','Company Info','d1b6d2a6-9046-4f6e-afd1-207baa7ae478','C','Section','','','1',NULL,NULL,'a52c4775-308c-4d4c-b1ac-7894dac55a1d','2025-07-31 16:09:52.428000','2025-08-14 16:37:29.956000','admin','admin',''),('d6bfa883-6314-4ae2-8a77-3257887b9dec','Location Setup','d1b6d2a6-9046-4f6e-afd1-207baa7ae478','D','Tab','','','2',NULL,NULL,'a52c4775-308c-4d4c-b1ac-7894dac55a1d','2025-07-31 16:10:08.384000','2025-08-14 16:37:37.269000','admin','admin',''),('e23e7fea-877b-4a0b-83a5-758857dc569c','SS_Item-test','5ccfe169-e7a8-41b3-9a36-3db6bdbe9475','','Mix-Tab','Button-Test','Nev-Test','1',NULL,NULL,'a52c4775-308c-4d4c-b1ac-7894dac55a1d','2025-07-21 12:34:49.302000','2025-07-21 13:09:49.492000','admin','admin','Edit Button');
/*!40000 ALTER TABLE `sub_sub_item` ENABLE KEYS */;
UNLOCK TABLES;

--
-- Table structure for table `sub_sub_item_answer`
--

DROP TABLE IF EXISTS `sub_sub_item_answer`;
/*!40101 SET @saved_cs_client     = @@character_set_client */;
/*!50503 SET character_set_client = utf8mb4 */;
CREATE TABLE `sub_sub_item_answer` (
  `id` varchar(36) NOT NULL,
  `subSubItemId` varchar(255) NOT NULL,
  `answerId` varchar(255) NOT NULL,
  `userId` varchar(255) NOT NULL,
  `createdAt` datetime(6) NOT NULL DEFAULT current_timestamp(6),
  `updatedAt` datetime(6) NOT NULL DEFAULT current_timestamp(6) ON UPDATE current_timestamp(6),
  `createdBy` varchar(255) DEFAULT NULL,
  `updatedBy` varchar(255) DEFAULT NULL,
  PRIMARY KEY (`id`)
) ENGINE=InnoDB DEFAULT CHARSET=utf8mb4 COLLATE=utf8mb4_general_ci;
/*!40101 SET character_set_client = @saved_cs_client */;

--
-- Dumping data for table `sub_sub_item_answer`
--

LOCK TABLES `sub_sub_item_answer` WRITE;
/*!40000 ALTER TABLE `sub_sub_item_answer` DISABLE KEYS */;
/*!40000 ALTER TABLE `sub_sub_item_answer` ENABLE KEYS */;
UNLOCK TABLES;

--
-- Table structure for table `sub_sub_sub_item`
--

DROP TABLE IF EXISTS `sub_sub_sub_item`;
/*!40101 SET @saved_cs_client     = @@character_set_client */;
/*!50503 SET character_set_client = utf8mb4 */;
CREATE TABLE `sub_sub_sub_item` (
  `id` varchar(36) NOT NULL,
  `name` varchar(255) NOT NULL,
  `subSubItemId` varchar(255) NOT NULL,
  `tier` varchar(255) NOT NULL,
  `layout` varchar(255) NOT NULL,
  `serialNumber` varchar(255) NOT NULL,
  `templateId` varchar(255) DEFAULT NULL,
  `templateText` varchar(255) DEFAULT NULL,
  `userId` varchar(255) NOT NULL,
  `createdAt` datetime(6) NOT NULL DEFAULT current_timestamp(6),
  `updatedAt` datetime(6) NOT NULL DEFAULT current_timestamp(6) ON UPDATE current_timestamp(6),
  `createdBy` varchar(255) DEFAULT NULL,
  `updatedBy` varchar(255) DEFAULT NULL,
  PRIMARY KEY (`id`),
  KEY `FK_7889d645c39fc804f02319421b0` (`subSubItemId`),
  CONSTRAINT `FK_7889d645c39fc804f02319421b0` FOREIGN KEY (`subSubItemId`) REFERENCES `sub_sub_item` (`id`) ON DELETE NO ACTION ON UPDATE NO ACTION
) ENGINE=InnoDB DEFAULT CHARSET=utf8mb4 COLLATE=utf8mb4_general_ci;
/*!40101 SET character_set_client = @saved_cs_client */;

--
-- Dumping data for table `sub_sub_sub_item`
--

LOCK TABLES `sub_sub_sub_item` WRITE;
/*!40000 ALTER TABLE `sub_sub_sub_item` DISABLE KEYS */;
INSERT INTO `sub_sub_sub_item` VALUES ('983d4cbc-dde3-4493-8897-9383ffc6efd1','SSS_Item-test','e23e7fea-877b-4a0b-83a5-758857dc569c','D','Mix-Tab','1',NULL,NULL,'a52c4775-308c-4d4c-b1ac-7894dac55a1d','2025-07-21 12:35:15.162000','2025-08-14 16:16:57.392000','admin','admin');
/*!40000 ALTER TABLE `sub_sub_sub_item` ENABLE KEYS */;
UNLOCK TABLES;

--
-- Table structure for table `survey-configs`
--

DROP TABLE IF EXISTS `survey-configs`;
/*!40101 SET @saved_cs_client     = @@character_set_client */;
/*!50503 SET character_set_client = utf8mb4 */;
CREATE TABLE `survey-configs` (
  `id` varchar(36) NOT NULL,
  `title` varchar(255) NOT NULL,
  `description` varchar(255) DEFAULT NULL,
  `userId` varchar(255) NOT NULL,
  `createdAt` datetime(6) NOT NULL DEFAULT current_timestamp(6),
  `updatedAt` datetime(6) NOT NULL DEFAULT current_timestamp(6) ON UPDATE current_timestamp(6),
  `createdBy` varchar(255) DEFAULT NULL,
  `updatedBy` varchar(255) DEFAULT NULL,
  PRIMARY KEY (`id`)
) ENGINE=InnoDB DEFAULT CHARSET=utf8mb4 COLLATE=utf8mb4_general_ci;
/*!40101 SET character_set_client = @saved_cs_client */;

--
-- Dumping data for table `survey-configs`
--

LOCK TABLES `survey-configs` WRITE;
/*!40000 ALTER TABLE `survey-configs` DISABLE KEYS */;
/*!40000 ALTER TABLE `survey-configs` ENABLE KEYS */;
UNLOCK TABLES;

--
-- Table structure for table `template_button_map`
--

DROP TABLE IF EXISTS `template_button_map`;
/*!40101 SET @saved_cs_client     = @@character_set_client */;
/*!50503 SET character_set_client = utf8mb4 */;
CREATE TABLE `template_button_map` (
  `id` varchar(36) NOT NULL,
  `itemId` varchar(255) NOT NULL,
  `dfGroupId` varchar(255) NOT NULL,
  `subitemId` varchar(255) NOT NULL,
  `subsubitemId` varchar(255) NOT NULL,
  `subsubsubitemId` varchar(255) NOT NULL,
  `serialNumber` int(11) NOT NULL,
  `buttonName` varchar(255) NOT NULL,
  `buttonAction` varchar(255) NOT NULL,
  `buttonType` varchar(255) NOT NULL,
  `navigationTo` varchar(255) NOT NULL,
  `userId` varchar(255) NOT NULL,
  `createdAt` datetime(6) NOT NULL DEFAULT current_timestamp(6),
  `updatedAt` datetime(6) NOT NULL DEFAULT current_timestamp(6) ON UPDATE current_timestamp(6),
  `createdBy` varchar(255) DEFAULT NULL,
  `updatedBy` varchar(255) DEFAULT NULL,
  PRIMARY KEY (`id`)
) ENGINE=InnoDB DEFAULT CHARSET=utf8mb4 COLLATE=utf8mb4_general_ci;
/*!40101 SET character_set_client = @saved_cs_client */;

--
-- Dumping data for table `template_button_map`
--

LOCK TABLES `template_button_map` WRITE;
/*!40000 ALTER TABLE `template_button_map` DISABLE KEYS */;
INSERT INTO `template_button_map` VALUES ('0513d82f-db27-4e2c-b187-582303ee8d21','5b4d27ea-bcc5-4e60-bf6d-d09abc86ff00','0ff1096c-c3dd-4302-88b2-bc76eb814247','5ccfe169-e7a8-41b3-9a36-3db6bdbe9475','e23e7fea-877b-4a0b-83a5-758857dc569c','983d4cbc-dde3-4493-8897-9383ffc6efd1',2,'f83f9943-a9bb-45cd-9c37-e2249006d860','Test-Action','P-Button','test2','a52c4775-308c-4d4c-b1ac-7894dac55a1d','2025-07-30 18:39:23.475235','2025-07-30 18:39:23.475235','admin','admin'),('d606e479-9fa4-45b8-a777-bbf3e160dd1a','5b4d27ea-bcc5-4e60-bf6d-d09abc86ff00','0ff1096c-c3dd-4302-88b2-bc76eb814247','5ccfe169-e7a8-41b3-9a36-3db6bdbe9475','e23e7fea-877b-4a0b-83a5-758857dc569c','983d4cbc-dde3-4493-8897-9383ffc6efd1',1,'f83f9943-a9bb-45cd-9c37-e2249006d860','Test-Action','P-Button','test','a52c4775-308c-4d4c-b1ac-7894dac55a1d','2025-07-30 18:38:26.820154','2025-07-30 18:44:00.193000','admin','admin');
/*!40000 ALTER TABLE `template_button_map` ENABLE KEYS */;
UNLOCK TABLES;

--
-- Table structure for table `templates`
--

DROP TABLE IF EXISTS `templates`;
/*!40101 SET @saved_cs_client     = @@character_set_client */;
/*!50503 SET character_set_client = utf8mb4 */;
CREATE TABLE `templates` (
  `id` varchar(36) NOT NULL,
  `name` varchar(255) NOT NULL,
  `code` varchar(255) NOT NULL,
  `description` text DEFAULT NULL,
  `createdAt` datetime(6) NOT NULL DEFAULT current_timestamp(6),
  `updatedAt` datetime(6) NOT NULL DEFAULT current_timestamp(6) ON UPDATE current_timestamp(6),
  PRIMARY KEY (`id`)
) ENGINE=InnoDB DEFAULT CHARSET=utf8mb4 COLLATE=utf8mb4_general_ci;
/*!40101 SET character_set_client = @saved_cs_client */;

--
-- Dumping data for table `templates`
--

LOCK TABLES `templates` WRITE;
/*!40000 ALTER TABLE `templates` DISABLE KEYS */;
/*!40000 ALTER TABLE `templates` ENABLE KEYS */;
UNLOCK TABLES;

--
-- Table structure for table `user`
--

DROP TABLE IF EXISTS `user`;
/*!40101 SET @saved_cs_client     = @@character_set_client */;
/*!50503 SET character_set_client = utf8mb4 */;
CREATE TABLE `user` (
  `id` varchar(36) NOT NULL,
  `username` varchar(255) NOT NULL,
  `email` varchar(255) NOT NULL,
  `password` varchar(255) NOT NULL,
  `createdAt` datetime(6) NOT NULL DEFAULT current_timestamp(6),
  `updatedAt` datetime(6) NOT NULL DEFAULT current_timestamp(6) ON UPDATE current_timestamp(6),
  PRIMARY KEY (`id`)
) ENGINE=InnoDB DEFAULT CHARSET=utf8mb4 COLLATE=utf8mb4_general_ci;
/*!40101 SET character_set_client = @saved_cs_client */;

--
-- Dumping data for table `user`
--

LOCK TABLES `user` WRITE;
/*!40000 ALTER TABLE `user` DISABLE KEYS */;
INSERT INTO `user` VALUES ('a52c4775-308c-4d4c-b1ac-7894dac55a1d','admin','sajid.ict@gmail.com','$2b$10$c8SZ0fArCXx87D2DeC5cM..Lw4kTe/nzM42T/V0IzBuFPWezjDKpK','2025-07-06 15:53:11.054386','2025-07-06 15:53:11.054386'),('d21a8638-9c0e-43a0-a804-0d045126eebe','sajid','sajid.ict@gmail.com','$2b$10$9RUAEa6j0MBUbcsWB.wRfelKXQB5E4COONdSjZke0p1mpoAL9gvQG','2025-07-12 17:19:18.818471','2025-07-12 17:19:18.818471');
/*!40000 ALTER TABLE `user` ENABLE KEYS */;
UNLOCK TABLES;

--
-- Dumping events for database 'mukut_feature_db'
--

--
-- Dumping routines for database 'mukut_feature_db'
--
/*!50003 DROP PROCEDURE IF EXISTS `GetAllButton` */;
/*!50003 SET @saved_cs_client      = @@character_set_client */ ;
/*!50003 SET @saved_cs_results     = @@character_set_results */ ;
/*!50003 SET @saved_col_connection = @@collation_connection */ ;
/*!50003 SET character_set_client  = utf8mb4 */ ;
/*!50003 SET character_set_results = utf8mb4 */ ;
/*!50003 SET collation_connection  = utf8mb4_general_ci */ ;
/*!50003 SET @saved_sql_mode       = @@sql_mode */ ;
/*!50003 SET sql_mode              = 'NO_ZERO_IN_DATE,NO_ZERO_DATE,NO_ENGINE_SUBSTITUTION' */ ;
DELIMITER ;;
CREATE DEFINER=`root`@`localhost` PROCEDURE `GetAllButton`()
BEGIN
SELECT * FROM button order by CAST(serialNumber AS UNSIGNED);
END ;;
DELIMITER ;
/*!50003 SET sql_mode              = @saved_sql_mode */ ;
/*!50003 SET character_set_client  = @saved_cs_client */ ;
/*!50003 SET character_set_results = @saved_cs_results */ ;
/*!50003 SET collation_connection  = @saved_col_connection */ ;
/*!50003 DROP PROCEDURE IF EXISTS `GetDataGroup` */;
/*!50003 SET @saved_cs_client      = @@character_set_client */ ;
/*!50003 SET @saved_cs_results     = @@character_set_results */ ;
/*!50003 SET @saved_col_connection = @@collation_connection */ ;
/*!50003 SET character_set_client  = utf8mb4 */ ;
/*!50003 SET character_set_results = utf8mb4 */ ;
/*!50003 SET collation_connection  = utf8mb4_general_ci */ ;
/*!50003 SET @saved_sql_mode       = @@sql_mode */ ;
/*!50003 SET sql_mode              = 'NO_ZERO_IN_DATE,NO_ZERO_DATE,NO_ENGINE_SUBSTITUTION' */ ;
DELIMITER ;;
CREATE DEFINER=`root`@`localhost` PROCEDURE `GetDataGroup`()
BEGIN
    SELECT 
        md.serialNumber AS moduleSerial,
        md.name AS moduleName,
        app.serialNumber AS appSerial,
        app.name AS appName,
        menu.serialNumber AS menuSerial,
        menu.title AS menuTitle,
        item.serialNumber AS itemSerial,
        item.name AS itemName,
   --      si.serialNumber AS subItemSerial,
--         si.name AS subItemName,
--         ssi.name AS subSubItemName,
--         sssi.name as subsubsubItemName,
		md.id AS moduleid,
		app.id AS appid,
		menu.id AS menuid,
		item.id as itemid,
-- 		si.id as subitemid,
-- 		ssi.id as subsubitemid,
-- 		sssi.id as subsubsubitemid,
        fi.*
    FROM field fi 
	left JOIN item ON item.id = fi.itemId
	left JOIN menu ON menu.id = item.menuid
	left JOIN app ON app.id = menu.appid
    left join modules md on md.id=app.moduleid
--     left JOIN sub_item si ON item.id = si.itemId
--     left JOIN sub_sub_item ssi ON si.id = ssi.subItemId
-- 	left JOIN sub_sub_sub_item sssi ON ssi.id = sssi.subSubItemId
    ORDER BY 
        CAST(md.serialNumber AS UNSIGNED),
        CAST(app.serialNumber AS UNSIGNED),
        CAST( menu.serialNumber AS UNSIGNED),
        CAST(item.serialNumber AS UNSIGNED),
        CAST(fi.serialNumber AS UNSIGNED);
END ;;
DELIMITER ;
/*!50003 SET sql_mode              = @saved_sql_mode */ ;
/*!50003 SET character_set_client  = @saved_cs_client */ ;
/*!50003 SET character_set_results = @saved_cs_results */ ;
/*!50003 SET collation_connection  = @saved_col_connection */ ;
/*!50003 DROP PROCEDURE IF EXISTS `GetDataPoint` */;
/*!50003 SET @saved_cs_client      = @@character_set_client */ ;
/*!50003 SET @saved_cs_results     = @@character_set_results */ ;
/*!50003 SET @saved_col_connection = @@collation_connection */ ;
/*!50003 SET character_set_client  = utf8mb4 */ ;
/*!50003 SET character_set_results = utf8mb4 */ ;
/*!50003 SET collation_connection  = utf8mb4_general_ci */ ;
/*!50003 SET @saved_sql_mode       = @@sql_mode */ ;
/*!50003 SET sql_mode              = 'NO_ZERO_IN_DATE,NO_ZERO_DATE,NO_ENGINE_SUBSTITUTION' */ ;
DELIMITER ;;
CREATE DEFINER=`root`@`localhost` PROCEDURE `GetDataPoint`()
BEGIN
      SELECT 
        md.serialNumber AS moduleSerial,
        md.name AS moduleName,
        app.serialNumber AS appSerial,
        app.name AS appName,
        menu.serialNumber AS menuSerial,
        menu.title AS menuTitle,
        item.serialNumber AS itemSerial,
        item.name AS itemName,
   --      si.serialNumber AS subItemSerial,
--         si.name AS subItemName,
--         ssi.name AS subSubItemName,
--         sssi.name as subsubsubItemName,
		md.id AS moduleid,
		app.id AS appid,
		menu.id AS menuid,
		item.id as itemid,
-- 		si.id as subitemid,
-- 		ssi.id as subsubitemid,
-- 		sssi.id as subsubsubitemid,
		fi.fieldgroupcode,
        dp.*
    FROM datapoint dp
    left join field fi on fi.id=dp.dpGroupCode
	left JOIN item ON item.id = dp.itemId
	left JOIN menu ON menu.id = item.menuid
	left JOIN app ON app.id = menu.appid
    left join modules md on md.id=app.moduleid
--     left JOIN sub_item si ON item.id = si.itemId
--     left JOIN sub_sub_item ssi ON si.id = ssi.subItemId
-- 	left JOIN sub_sub_sub_item sssi ON ssi.id = sssi.subSubItemId
    ORDER BY 
		CAST(md.serialNumber AS UNSIGNED),
        CAST(app.serialNumber AS UNSIGNED),
        CAST( menu.serialNumber AS UNSIGNED),
        CAST(item.serialNumber AS UNSIGNED),
		CAST(dp.serialNumber AS UNSIGNED),
        CAST(fi.serialNumber AS UNSIGNED);
END ;;
DELIMITER ;
/*!50003 SET sql_mode              = @saved_sql_mode */ ;
/*!50003 SET character_set_client  = @saved_cs_client */ ;
/*!50003 SET character_set_results = @saved_cs_results */ ;
/*!50003 SET collation_connection  = @saved_col_connection */ ;
/*!50003 DROP PROCEDURE IF EXISTS `getDataPointmapsBySP` */;
/*!50003 SET @saved_cs_client      = @@character_set_client */ ;
/*!50003 SET @saved_cs_results     = @@character_set_results */ ;
/*!50003 SET @saved_col_connection = @@collation_connection */ ;
/*!50003 SET character_set_client  = utf8mb4 */ ;
/*!50003 SET character_set_results = utf8mb4 */ ;
/*!50003 SET collation_connection  = utf8mb4_general_ci */ ;
/*!50003 SET @saved_sql_mode       = @@sql_mode */ ;
/*!50003 SET sql_mode              = 'NO_ZERO_IN_DATE,NO_ZERO_DATE,NO_ENGINE_SUBSTITUTION' */ ;
DELIMITER ;;
CREATE DEFINER=`root`@`localhost` PROCEDURE `getDataPointmapsBySP`()
BEGIN
SELECT 
    fi.fieldGroupCode,
    fi.name,
    dp.dataPoint AS datapoint,
    i.name as itemName,
    dtm.*,
    md.id as moduleid,
    app.id as appid,
    menu.id as menuid,
	md.name AS moduleName,
	app.name AS appName,
	menu.title AS menuTitle
FROM datapointmap dtm
INNER JOIN field fi ON dtm.dpgroupid = fi.id
INNER JOIN datapoint dp ON dtm.datapointid  = dp.id
INNER JOIN item i ON dtm.itemId = i.id
INNER JOIN menu  ON menu.id  =i.menuid
INNER JOIN app ON app.id  = menu.appid
INNER JOIN modules md ON md.id  = app.moduleid
    ORDER BY 
        CAST(md.serialNumber AS UNSIGNED),
        CAST(app.serialNumber AS UNSIGNED),
       CAST( menu.serialNumber AS UNSIGNED),
        CAST(i.serialNumber AS UNSIGNED),
--         si.serialNumber,
--         ssi.serialNumber,
--         sssi.serialNumber,
        CAST(fi.serialNumber AS UNSIGNED),
		CAST(dp.serialNumber AS UNSIGNED)
LIMIT 0, 10000;

END ;;
DELIMITER ;
/*!50003 SET sql_mode              = @saved_sql_mode */ ;
/*!50003 SET character_set_client  = @saved_cs_client */ ;
/*!50003 SET character_set_results = @saved_cs_results */ ;
/*!50003 SET collation_connection  = @saved_col_connection */ ;
/*!50003 DROP PROCEDURE IF EXISTS `GetDPGroupMap` */;
/*!50003 SET @saved_cs_client      = @@character_set_client */ ;
/*!50003 SET @saved_cs_results     = @@character_set_results */ ;
/*!50003 SET @saved_col_connection = @@collation_connection */ ;
/*!50003 SET character_set_client  = utf8mb4 */ ;
/*!50003 SET character_set_results = utf8mb4 */ ;
/*!50003 SET collation_connection  = utf8mb4_general_ci */ ;
/*!50003 SET @saved_sql_mode       = @@sql_mode */ ;
/*!50003 SET sql_mode              = 'NO_ZERO_IN_DATE,NO_ZERO_DATE,NO_ENGINE_SUBSTITUTION' */ ;
DELIMITER ;;
CREATE DEFINER=`root`@`localhost` PROCEDURE `GetDPGroupMap`()
BEGIN
SELECT item.name as itemName,si.name as subItemName,ssi.name as subSubItemName,sssi.name as subsubsubItemName,
field.fieldGroupCode,field.tier,field.displayType as dpgroupDisplayType,dgm.* ,
    md.id as moduleid,
    app.id as appid,
    menu.id as menuid,
	si.id as subitemid,
    ssi.id as subsubitemid,
    sssi.id as subsubsubitemid,
	md.name AS moduleName,
	app.name AS appName,
	menu.title AS menuTitle

FROM dpgroupmap dgm
inner join item on item.id=dgm.itemId
inner join field on field.id=dgm.dpGroupId
INNER JOIN menu  ON menu.id  =item.menuid
INNER JOIN app ON app.id  = menu.appid
INNER JOIN modules md ON md.id  = app.moduleid
left join sub_item si on dgm.subItemId=si.id
left join sub_sub_item ssi on dgm.subSubItemId=ssi.id
left join sub_sub_sub_item sssi on dgm.subSubSubItemId=sssi.id
    ORDER BY 
        CAST(md.serialNumber AS UNSIGNED),
        CAST(app.serialNumber AS UNSIGNED),
        CAST( menu.serialNumber AS UNSIGNED),
        CAST(item.serialNumber AS UNSIGNED),
--         si.serialNumber,
--         ssi.serialNumber,
--         sssi.serialNumber,
        CAST(field.serialNumber AS UNSIGNED);
END ;;
DELIMITER ;
/*!50003 SET sql_mode              = @saved_sql_mode */ ;
/*!50003 SET character_set_client  = @saved_cs_client */ ;
/*!50003 SET character_set_results = @saved_cs_results */ ;
/*!50003 SET collation_connection  = @saved_col_connection */ ;
/*!50003 DROP PROCEDURE IF EXISTS `Getsubitemdata` */;
/*!50003 SET @saved_cs_client      = @@character_set_client */ ;
/*!50003 SET @saved_cs_results     = @@character_set_results */ ;
/*!50003 SET @saved_col_connection = @@collation_connection */ ;
/*!50003 SET character_set_client  = utf8mb4 */ ;
/*!50003 SET character_set_results = utf8mb4 */ ;
/*!50003 SET collation_connection  = utf8mb4_general_ci */ ;
/*!50003 SET @saved_sql_mode       = @@sql_mode */ ;
/*!50003 SET sql_mode              = 'NO_ZERO_IN_DATE,NO_ZERO_DATE,NO_ENGINE_SUBSTITUTION' */ ;
DELIMITER ;;
CREATE DEFINER=`root`@`localhost` PROCEDURE `Getsubitemdata`()
BEGIN
    SELECT 
        m.serialNumber AS moduleSerial,
        m.name AS moduleName,
		m.id AS moduleid,
		app.id AS appid,
		menu.id AS menuid,
        i.id as itemid,
        app.serialNumber AS appSerial,
        app.name AS appName,
        menu.serialNumber AS menuSerial,
        menu.title AS menuTitle,
        i.name as itemName,
        si.*
    FROM sub_item si
    left join item i on i.id=si.itemid
	left JOIN menu ON menu.id = i.menuId
	left JOIN app ON app.id = menu.appId
    left join modules m on m.id=app.moduleId
    ORDER BY 
        m.serialNumber,
        app.serialNumber,
        menu.serialNumber,
        i.serialNumber,
        si.serialNumber;
END ;;
DELIMITER ;
/*!50003 SET sql_mode              = @saved_sql_mode */ ;
/*!50003 SET character_set_client  = @saved_cs_client */ ;
/*!50003 SET character_set_results = @saved_cs_results */ ;
/*!50003 SET collation_connection  = @saved_col_connection */ ;
/*!50003 DROP PROCEDURE IF EXISTS `Getsubsubitemdata` */;
/*!50003 SET @saved_cs_client      = @@character_set_client */ ;
/*!50003 SET @saved_cs_results     = @@character_set_results */ ;
/*!50003 SET @saved_col_connection = @@collation_connection */ ;
/*!50003 SET character_set_client  = utf8mb4 */ ;
/*!50003 SET character_set_results = utf8mb4 */ ;
/*!50003 SET collation_connection  = utf8mb4_general_ci */ ;
/*!50003 SET @saved_sql_mode       = @@sql_mode */ ;
/*!50003 SET sql_mode              = 'NO_ZERO_IN_DATE,NO_ZERO_DATE,NO_ENGINE_SUBSTITUTION' */ ;
DELIMITER ;;
CREATE DEFINER=`root`@`localhost` PROCEDURE `Getsubsubitemdata`()
BEGIN
    SELECT 
        m.serialNumber AS moduleSerial,
		m.id AS moduleid,
        m.name AS moduleName,
        app.serialNumber AS appSerial,
		app.id AS appid,
        app.name AS appName,
        menu.serialNumber AS menuSerial,
		menu.id AS menuid,
        menu.title AS menuTitle,
		i.id as itemid,
        i.name as itemName,
		si.id as subitemid,
        si.name as subitem,
        ssi.*
    FROM sub_sub_item ssi
	left join sub_item si on si.id=ssi.subItemId
    left join item i on i.id=si.itemid
	left JOIN menu ON menu.id = i.menuId
	left JOIN app ON app.id = menu.appId
    left join modules m on m.id=app.moduleId
    ORDER BY 
        m.serialNumber,
        app.serialNumber,
        menu.serialNumber,
        i.serialNumber,
        si.serialNumber,
        ssi.serialNumber;
END ;;
DELIMITER ;
/*!50003 SET sql_mode              = @saved_sql_mode */ ;
/*!50003 SET character_set_client  = @saved_cs_client */ ;
/*!50003 SET character_set_results = @saved_cs_results */ ;
/*!50003 SET collation_connection  = @saved_col_connection */ ;
/*!50003 DROP PROCEDURE IF EXISTS `Getsubsubsubitemdata` */;
/*!50003 SET @saved_cs_client      = @@character_set_client */ ;
/*!50003 SET @saved_cs_results     = @@character_set_results */ ;
/*!50003 SET @saved_col_connection = @@collation_connection */ ;
/*!50003 SET character_set_client  = utf8mb4 */ ;
/*!50003 SET character_set_results = utf8mb4 */ ;
/*!50003 SET collation_connection  = utf8mb4_general_ci */ ;
/*!50003 SET @saved_sql_mode       = @@sql_mode */ ;
/*!50003 SET sql_mode              = 'NO_ZERO_IN_DATE,NO_ZERO_DATE,NO_ENGINE_SUBSTITUTION' */ ;
DELIMITER ;;
CREATE DEFINER=`root`@`localhost` PROCEDURE `Getsubsubsubitemdata`()
BEGIN
    SELECT 
        m.serialNumber AS moduleSerial,
        m.name AS moduleName,
        app.serialNumber AS appSerial,
        app.name AS appName,
        menu.serialNumber AS menuSerial,
        menu.title AS menuTitle,
        i.name as itemName,
        si.name as subitem,
        ssi.name as subsubitem,
		m.id AS moduleid,
		app.id AS appid,
		menu.id AS menuid,
		i.id as itemid,
		si.id as subitemid,
		ssi.id as subsubitemid,
        sssi.*
    FROM sub_sub_sub_item sssi
	left join sub_sub_item ssi on ssi.id=sssi.subSubItemId
	left join sub_item si on si.id=ssi.subItemId
    left join item i on i.id=si.itemid
	left JOIN menu ON menu.id = i.menuId
	left JOIN app ON app.id = menu.appId
    left join modules m on m.id=app.moduleId
    ORDER BY 
        m.serialNumber,
        app.serialNumber,
        menu.serialNumber,
        i.serialNumber,
        si.serialNumber,
        ssi.serialNumber,
        sssi.serialNumber;

END ;;
DELIMITER ;
/*!50003 SET sql_mode              = @saved_sql_mode */ ;
/*!50003 SET character_set_client  = @saved_cs_client */ ;
/*!50003 SET character_set_results = @saved_cs_results */ ;
/*!50003 SET collation_connection  = @saved_col_connection */ ;
/*!50003 DROP PROCEDURE IF EXISTS `GetTemplateButtonMap` */;
/*!50003 SET @saved_cs_client      = @@character_set_client */ ;
/*!50003 SET @saved_cs_results     = @@character_set_results */ ;
/*!50003 SET @saved_col_connection = @@collation_connection */ ;
/*!50003 SET character_set_client  = utf8mb4 */ ;
/*!50003 SET character_set_results = utf8mb4 */ ;
/*!50003 SET collation_connection  = utf8mb4_general_ci */ ;
/*!50003 SET @saved_sql_mode       = @@sql_mode */ ;
/*!50003 SET sql_mode              = 'NO_ZERO_IN_DATE,NO_ZERO_DATE,NO_ENGINE_SUBSTITUTION' */ ;
DELIMITER ;;
CREATE DEFINER=`root`@`localhost` PROCEDURE `GetTemplateButtonMap`()
BEGIN
SELECT md.id as moduleid,	md.name AS moduleName,
	app.name AS appName,
	menu.title AS menuTitle,app.id as appid,menu.id as menuid,item.name as itemName,field.fieldGroupCode,field.tier,field.displayType,
si.name as subItemName,ssi.name as subSubItemName,sssi.name as subsubsubItemName,
si.id as subitemid,
ssi.id as subsubitemid,
sssi.id as subsubsubitemid,
button.name as buttonNameDisplay,button.buttonAction as buttonAction,
tb.* FROM mukut_feature_db.template_button_map tb
inner join item on tb.itemId=item.id
inner join button on button.id=tb.buttonName
inner JOIN menu ON menu.id = item.menuid
inner JOIN app ON app.id = menu.appid
inner join modules md on md.id=app.moduleid
inner join field on field.id=tb.dfGroupId
left join sub_item si on si.itemid=item.id
left join sub_sub_item ssi on ssi.subItemId=si.id
left join sub_sub_sub_item sssi on sssi.subSubItemId=ssi.id
    ORDER BY 
        CAST(md.serialNumber AS UNSIGNED),
        CAST(app.serialNumber AS UNSIGNED),
        CAST( menu.serialNumber AS UNSIGNED),
        CAST(item.serialNumber AS UNSIGNED),
--         si.serialNumber,
--         ssi.serialNumber,
--         sssi.serialNumber,
        CAST(field.serialNumber AS UNSIGNED);
END ;;
DELIMITER ;
/*!50003 SET sql_mode              = @saved_sql_mode */ ;
/*!50003 SET character_set_client  = @saved_cs_client */ ;
/*!50003 SET character_set_results = @saved_cs_results */ ;
/*!50003 SET collation_connection  = @saved_col_connection */ ;
/*!50003 DROP PROCEDURE IF EXISTS `ItemsData` */;
/*!50003 SET @saved_cs_client      = @@character_set_client */ ;
/*!50003 SET @saved_cs_results     = @@character_set_results */ ;
/*!50003 SET @saved_col_connection = @@collation_connection */ ;
/*!50003 SET character_set_client  = utf8mb4 */ ;
/*!50003 SET character_set_results = utf8mb4 */ ;
/*!50003 SET collation_connection  = utf8mb4_general_ci */ ;
/*!50003 SET @saved_sql_mode       = @@sql_mode */ ;
/*!50003 SET sql_mode              = 'NO_ZERO_IN_DATE,NO_ZERO_DATE,NO_ENGINE_SUBSTITUTION' */ ;
DELIMITER ;;
CREATE DEFINER=`root`@`localhost` PROCEDURE `ItemsData`()
BEGIN
    SELECT 
        m.serialNumber AS moduleSerial,
        m.name AS moduleName,
		m.id AS moduleid,
		app.id AS appid,
		menu.id AS menuid,
        app.serialNumber AS appSerial,
        app.name AS appName,
        menu.serialNumber AS menuSerial,
        menu.title AS menuTitle,
        item.*
    FROM item
	left JOIN menu ON menu.id = item.menuId
	left JOIN app ON app.id = menu.appId
    left join modules m on m.id=app.moduleId
    ORDER BY 
        m.serialNumber,
        app.serialNumber,
        menu.serialNumber,
        item.serialNumber;
END ;;
DELIMITER ;
/*!50003 SET sql_mode              = @saved_sql_mode */ ;
/*!50003 SET character_set_client  = @saved_cs_client */ ;
/*!50003 SET character_set_results = @saved_cs_results */ ;
/*!50003 SET collation_connection  = @saved_col_connection */ ;
/*!50003 DROP PROCEDURE IF EXISTS `menuData` */;
/*!50003 SET @saved_cs_client      = @@character_set_client */ ;
/*!50003 SET @saved_cs_results     = @@character_set_results */ ;
/*!50003 SET @saved_col_connection = @@collation_connection */ ;
/*!50003 SET character_set_client  = utf8mb4 */ ;
/*!50003 SET character_set_results = utf8mb4 */ ;
/*!50003 SET collation_connection  = utf8mb4_general_ci */ ;
/*!50003 SET @saved_sql_mode       = @@sql_mode */ ;
/*!50003 SET sql_mode              = 'NO_ZERO_IN_DATE,NO_ZERO_DATE,NO_ENGINE_SUBSTITUTION' */ ;
DELIMITER ;;
CREATE DEFINER=`root`@`localhost` PROCEDURE `menuData`()
BEGIN
    SELECT 
        m.serialNumber AS moduleSerial,
		m.id AS moduleid,
		app.id AS appid,
        m.name AS moduleName,
        app.serialNumber AS appSerial,
        app.name AS appName,
        menu.*
    FROM menu
	left JOIN app ON app.id = menu.appId
    left join modules m on m.id=app.moduleId
    ORDER BY 
        m.serialNumber,
        app.serialNumber,
        menu.serialNumber;
END ;;
DELIMITER ;
/*!50003 SET sql_mode              = @saved_sql_mode */ ;
/*!50003 SET character_set_client  = @saved_cs_client */ ;
/*!50003 SET character_set_results = @saved_cs_results */ ;
/*!50003 SET collation_connection  = @saved_col_connection */ ;
/*!50003 DROP PROCEDURE IF EXISTS `ReportData` */;
/*!50003 SET @saved_cs_client      = @@character_set_client */ ;
/*!50003 SET @saved_cs_results     = @@character_set_results */ ;
/*!50003 SET @saved_col_connection = @@collation_connection */ ;
/*!50003 SET character_set_client  = utf8mb4 */ ;
/*!50003 SET character_set_results = utf8mb4 */ ;
/*!50003 SET collation_connection  = utf8mb4_general_ci */ ;
/*!50003 SET @saved_sql_mode       = @@sql_mode */ ;
/*!50003 SET sql_mode              = 'NO_ZERO_IN_DATE,NO_ZERO_DATE,NO_ENGINE_SUBSTITUTION' */ ;
DELIMITER ;;
CREATE DEFINER=`root`@`localhost` PROCEDURE `ReportData`()
BEGIN
     SELECT 
        md.serialNumber AS moduleserialNumber,
        md.name AS modulename,
        app.serialNumber AS appserialNumber,
        app.name AS appname,
        menu.serialNumber AS menuserialNumber,
        menu.title,

        item.serialNumber AS itemserialNumber,
        item.name AS itemName,
        item.itemType AS itemType,
        item.buttonType AS regName,
        item.buttonLabel AS itemViewEntry,
        item.description AS itemdescription,

        -- Show subitem info only if dpgroupmap exists; else NULL
        CASE WHEN dpgm.id IS NOT NULL THEN si.serialNumber ELSE NULL END AS siserialNumber,
        CASE WHEN dpgm.id IS NOT NULL THEN si.name ELSE NULL END AS siitem,
        CASE WHEN dpgm.id IS NOT NULL THEN si.layout ELSE NULL END AS silayout,
        CASE WHEN dpgm.id IS NOT NULL THEN si.description ELSE NULL END AS sidescription,
        CASE WHEN dpgm.id IS NOT NULL THEN si.buttonLabel ELSE NULL END AS sibuttonLabel,
        CASE WHEN dpgm.id IS NOT NULL THEN si.navigationTo ELSE NULL END AS sisinavigationTo,

        CASE WHEN dpgm.id IS NOT NULL THEN ssi.serialNumber ELSE NULL END AS ssiserialNumber,
        CASE WHEN dpgm.id IS NOT NULL THEN ssi.name ELSE NULL END AS ssiname,
        CASE WHEN dpgm.id IS NOT NULL THEN ssi.layout ELSE NULL END AS ssilayout,
        CASE WHEN dpgm.id IS NOT NULL THEN ssi.buttonLabel ELSE NULL END AS ssibuttonLabel,
        CASE WHEN dpgm.id IS NOT NULL THEN ssi.navigationTo ELSE NULL END AS ssinavigationTo,

        CASE WHEN dpgm.id IS NOT NULL THEN sssi.serialNumber ELSE NULL END AS sssiserialNumber,
        CASE WHEN dpgm.id IS NOT NULL THEN sssi.name ELSE NULL END AS sssiname,
        CASE WHEN dpgm.id IS NOT NULL THEN sssi.layout ELSE NULL END AS sssilayout,

        fi.serialNumber AS groupserialNumber,
        fi.fieldGroupCode,
        fi.id AS dpgroupid,
        fi.tier AS dpgrouptier,
        fi.displayType AS dpgroupdisplay,
        fi.description AS dpgroupremarks,

        dp.id AS datapointId,
        dp.serialNumber AS datapointSerialNumber,
        dp.dataPoint,
        dp.dpGroupCode,
        dp.dataType,
        dp.isHide,
        dp.isRequired,
        dp.regional,

        -- Mapping status flags with human readable labels
        CASE WHEN fi.id IS NOT NULL THEN '1' ELSE '0' END AS fieldMappingStatus,
        CASE WHEN dpm.dataPointId IS NOT NULL THEN '1' ELSE '0' END AS datapointMappingStatus,
        CASE WHEN dpgm.id IS NOT NULL THEN '1' ELSE '0' END AS dpGroupMapStatus

    FROM modules md
    INNER JOIN app       ON md.id = app.moduleId
    INNER JOIN menu      ON app.id = menu.appId
    INNER JOIN item      ON menu.id = item.menuId

    -- Subitems left join (we conditionally show later)
    LEFT JOIN sub_item           si  ON item.id = si.itemId
    LEFT JOIN sub_sub_item       ssi ON si.id = ssi.subItemId
    LEFT JOIN sub_sub_sub_item   sssi ON ssi.id = sssi.subSubItemId

    -- Fields may have subitem/subsubitem/subsubsubitem or nulls (item-level field)
    LEFT JOIN field fi
      ON fi.itemId = item.id
     AND (fi.subItemId IS NULL OR fi.subItemId = si.id)
     AND (fi.subSubItemId IS NULL OR fi.subSubItemId = ssi.id)
     AND (fi.subSubSubItemId IS NULL OR fi.subSubSubItemId = sssi.id)

    -- Datapoint to Field mapping (must exist to be "mapped")
    LEFT JOIN datapointmap dpm
      ON dpm.itemId = item.id
     AND dpm.dpGroupId   = fi.id

    -- Datapoints linked to item
    LEFT JOIN datapoint dp
      ON dp.id = dpm.dataPointId
    -- dpGroupMap links dpGroup to subitems, optional subitem IDs can be NULL
    LEFT JOIN dpgroupmap dpgm
      ON dpgm.itemId   = item.id
     AND dpgm.dpGroupId = fi.id
     AND (dpgm.subItemId       IS NULL OR dpgm.subItemId       = si.id)
     AND (dpgm.subSubItemId    IS NULL OR dpgm.subSubItemId    = ssi.id)
     AND (dpgm.subSubSubItemId IS NULL OR dpgm.subSubSubItemId = sssi.id)
     -- where dpm.dataPointId IS NOT NULL
    -- No filter here to keep all records, mapped or not

    ORDER BY 
        CAST(md.serialNumber AS UNSIGNED),
        CAST(app.serialNumber AS UNSIGNED),
        CAST(menu.serialNumber AS UNSIGNED),
        CAST(item.serialNumber AS UNSIGNED),
        CAST(si.serialNumber AS UNSIGNED),
        CAST(ssi.serialNumber AS UNSIGNED),
        CAST(sssi.serialNumber AS UNSIGNED),
        CAST(fi.serialNumber AS UNSIGNED),
        CAST(dp.serialNumber AS UNSIGNED);
END ;;
DELIMITER ;
/*!50003 SET sql_mode              = @saved_sql_mode */ ;
/*!50003 SET character_set_client  = @saved_cs_client */ ;
/*!50003 SET character_set_results = @saved_cs_results */ ;
/*!50003 SET collation_connection  = @saved_col_connection */ ;
/*!40103 SET TIME_ZONE=@OLD_TIME_ZONE */;

/*!40101 SET SQL_MODE=@OLD_SQL_MODE */;
/*!40014 SET FOREIGN_KEY_CHECKS=@OLD_FOREIGN_KEY_CHECKS */;
/*!40014 SET UNIQUE_CHECKS=@OLD_UNIQUE_CHECKS */;
/*!40101 SET CHARACTER_SET_CLIENT=@OLD_CHARACTER_SET_CLIENT */;
/*!40101 SET CHARACTER_SET_RESULTS=@OLD_CHARACTER_SET_RESULTS */;
/*!40101 SET COLLATION_CONNECTION=@OLD_COLLATION_CONNECTION */;
/*!40111 SET SQL_NOTES=@OLD_SQL_NOTES */;

-- Dump completed on 2025-08-14 20:29:10
